place_name,state,lat,lng
Akutan,AK,54.143,-165.7854
Cold Bay,AK,55.1858,-162.7211
False Pass,AK,54.8542,-163.4113
King Cove,AK,55.0628,-162.3056
Sand Point,AK,55.3192,-160.4914
Adak,AK,51.874,-176.634
Atka,AK,52.1961,-174.2006
Saint George Island,AK,56.5944,-169.6186
Nikolski,AK,52.9381,-168.8678
Saint Paul Island,AK,57.1842,-170.2764
Unalaska,AK,53.8871,-166.5199
Dutch Harbor,AK,53.8898,-166.5422
Anchorage,AK,61.174528,-149.84522
Jber,AK,59.8666,-158.5996
Indian,AK,61.1089,-149.4403
Chugiak,AK,61.4098,-149.4537
Eagle River,AK,61.3114,-149.5085
Girdwood,AK,60.9577,-149.1406
Kongiganak,AK,59.9599,-162.8919
Akiachak,AK,60.9094,-161.4314
Akiak,AK,60.9122,-161.2139
Aniak,AK,61.5783,-159.5222
Bethel,AK,60.7922,-161.7558
Chefornak,AK,60.1537,-164.2103
Crooked Creek,AK,61.8181,-158.0025
Eek,AK,60.2151,-162.0323
Goodnews Bay,AK,59.1189,-161.5875
Kalskag,AK,61.541,-160.3261
Kasigluk,AK,60.8956,-162.5181
Kipnuk,AK,59.9232,-164.101
Kwethluk,AK,60.8122,-161.4358
Kwigillingok,AK,59.8644,-163.1342
Lower Kalskag,AK,61.5138,-160.36
Mekoryuk,AK,60.3657,-166.2836
Napakiak,AK,60.6967,-161.9519
Toksook Bay,AK,60.5338,-165.1037
Nunapitchuk,AK,60.8969,-162.4594
Platinum,AK,59.0131,-161.8164
Quinhagak,AK,59.7381,-161.8749
Red Devil,AK,61.7611,-157.3125
Sleetmute,AK,61.7025,-157.1697
Tuluksak,AK,61.1088,-160.9389
Tuntutuliak,AK,60.3431,-162.6631
Tununak,AK,60.5856,-165.2558
Nightmute,AK,60.4794,-164.7239
King Salmon,AK,58.6883,-156.6614
Naknek,AK,58.783,-156.8992
South Naknek,AK,58.6639,-156.9756
Cordova,AK,60.5362,-145.7534
Tatitlek,AK,60.8906,-146.6703
Valdez,AK,61.101,-146.9
Whittier,AK,60.7734,-148.6839
Chitina,AK,61.5156,-144.4396
Copper Center,AK,61.977,-145.3297
Gakona,AK,62.3014,-145.3027
Glennallen,AK,62.1039,-145.6617
Clear,AK,64.2966,-149.1608
Cantwell,AK,63.3955,-148.8973
Healy,AK,63.9171,-149.0111
Anderson,AK,64.3442,-149.1869
Denali National Park,AK,63.5436,-149.9867
Aleknagik,AK,59.2697,-158.6199
Clarks Point,AK,58.8173,-158.5299
Dillingham,AK,59.0402,-158.5231
Ekwok,AK,59.3628,-157.4782
Manokotak,AK,59.0096,-158.9897
New Stuyahok,AK,59.4882,-157.2905
Togiak,AK,59.0619,-160.3764
Fairbanks,AK,64.8613,-147.75602
Eielson Afb,AK,64.6735,-147.0805
Fort Wainwright,AK,64.8283,-147.6557
North Pole,AK,64.7805,-147.3694
Salcha,AK,64.5091,-146.953
Two Rivers,AK,64.8746,-146.8982
Ester,AK,64.871,-148.0949
Haines,AK,59.2519,-135.542
Angoon,AK,57.5005,-134.586
Elfin Cove,AK,58.1944,-136.3433
Gustavus,AK,58.4284,-135.7615
Hoonah,AK,58.0977,-135.4316
Pelican,AK,57.9608,-136.2275
Tenakee Springs,AK,57.7808,-135.2189
Juneau,AK,58.31625,-134.447067
Auke Bay,AK,58.4494,-134.7003
Douglas,AK,58.2756,-134.395
Anchor Point,AK,59.8371,-151.7078
Clam Gulch,AK,60.2311,-151.3936
Cooper Landing,AK,60.4767,-149.8235
Homer,AK,59.5374,-151.2356
Hope,AK,60.8726,-149.4683
Kasilof,AK,60.3164,-151.2896
Kenai,AK,60.6145,-151.2546
Moose Pass,AK,60.6148,-149.4056
Nikiski,AK,60.7007,-151.2766
Ninilchik,AK,60.0108,-151.6396
Seldovia,AK,59.4495,-151.7009
Seward,AK,60.1329,-149.3985
Soldotna,AK,60.4818,-151.1358
Sterling,AK,60.5136,-150.8532
Tyonek,AK,61.0681,-151.1369
Ketchikan,AK,55.3571,-131.6655
Ward Cove,AK,55.3954,-131.6754
Port Lions,AK,57.8675,-152.8822
Karluk,AK,57.5689,-154.4551
Kodiak,AK,57.727867,-152.729833
Larsen Bay,AK,57.54,-153.9786
Old Harbor,AK,57.2028,-153.3039
Ouzinkie,AK,57.9236,-152.5022
Alakanuk,AK,62.6944,-164.6475
Chevak,AK,61.529,-165.5905
Emmonak,AK,62.7818,-164.5335
Marshall,AK,61.9287,-162.268
Hooper Bay,AK,61.527,-166.1151
Kotlik,AK,63.0295,-163.5542
Mountain Village,AK,62.1123,-163.6644
Pilot Station,AK,61.9462,-162.8747
Russian Mission,AK,61.7744,-161.3939
Saint Marys,AK,62.1172,-163.2376
Scammon Bay,AK,61.845,-165.5819
Nunam Iqua,AK,62.5309,-164.8496
Chignik Lake,AK,56.2448,-158.7578
Port Heiden,AK,56.9643,-158.5664
Chignik,AK,56.3016,-158.4157
Chignik Lagoon,AK,58.2687,-156.6484
Egegik,AK,58.2062,-157.3422
Iliamna,AK,59.7525,-154.8236
Levelock,AK,59.2905,-156.6503
Nondalton,AK,59.9736,-154.8458
Pedro Bay,AK,59.8681,-154.0757
Perryville,AK,55.9453,-159.2593
Pilot Point,AK,57.5642,-157.5792
Port Alsworth,AK,60.2025,-154.3128
Wasilla,AK,61.5635,-149.477
Palmer,AK,61.6303,-148.9872
Big Lake,AK,61.5214,-149.9544
Skwentna,AK,61.9903,-151.3978
Sutton,AK,61.7327,-148.7837
Talkeetna,AK,62.2605,-150.1101
Trapper Creek,AK,62.3167,-150.2314
Willow,AK,61.8966,-150.0038
Houston,AK,61.6303,-149.8181
Saint Michael,AK,63.4776,-162.1091
Stebbins,AK,63.5222,-162.2881
Unalakleet,AK,63.8835,-160.7884
Elim,AK,64.6217,-162.2604
Gambell,AK,63.7766,-171.7017
Koyuk,AK,64.9319,-161.1569
Nome,AK,64.5011,-165.4064
Savoonga,AK,63.6797,-170.4709
Shaktoolik,AK,64.3537,-161.1932
Shishmaref,AK,66.2306,-166.1373
Teller,AK,65.2402,-166.3833
Wales,AK,65.6092,-168.0875
White Mountain,AK,64.6814,-163.4056
Brevig Mission,AK,65.3342,-166.4786
Anaktuvuk Pass,AK,68.1433,-151.7358
Barrow,AK,71.2346,-156.8174
Prudhoe Bay,AK,70.2922,-148.6694
Kaktovik,AK,70.1319,-143.6239
Point Lay,AK,69.7439,-163.0084
Point Hope,AK,68.3486,-166.7347
Wainwright,AK,70.6369,-160.0383
Nuiqsut,AK,70.1927,-150.9971
Atqasuk,AK,70.4947,-157.4411
Buckland,AK,65.9789,-161.1262
Deering,AK,66.0737,-162.714
Kiana,AK,66.975,-160.4228
Kivalina,AK,67.7269,-164.5333
Kobuk,AK,66.9072,-156.8811
Kotzebue,AK,66.8985,-162.5981
Noatak,AK,67.5711,-162.9653
Noorvik,AK,66.8364,-161.0441
Selawik,AK,66.6039,-160.0069
Shungnak,AK,66.8881,-157.1364
Ambler,AK,67.0861,-157.8514
Kake,AK,56.9736,-133.936
Petersburg,AK,56.8271,-133.1607
Port Alexander,AK,56.2497,-134.6444
Meyers Chuck,AK,55.7408,-132.2564
Coffman Cove,AK,55.9524,-132.7503
Thorne Bay,AK,55.6609,-132.5138
Craig,AK,55.4732,-133.1171
Hydaburg,AK,55.2087,-132.8259
Hyder,AK,55.9169,-130.0247
Klawock,AK,55.5526,-133.0555
Metlakatla,AK,55.1215,-131.579
Point Baker,AK,56.3528,-133.6211
Sitka,AK,57.0514,-135.3166
Skagway,AK,59.4685,-135.3018
Yakutat,AK,59.812,-139.5505
Fort Greely,AK,63.952,-146.451
Chicken,AK,64.0733,-141.9361
Delta Junction,AK,64.0378,-145.7322
Eagle,AK,64.7881,-141.2
Northway,AK,62.9617,-141.9372
Tanacross,AK,63.3853,-143.3464
Tok,AK,63.3367,-142.9856
Wrangell,AK,56.4335,-132.3529
Anvik,AK,62.6561,-160.2067
Grayling,AK,62.9036,-160.0647
Holy Cross,AK,62.1926,-159.8251
Mc Grath,AK,62.9457,-155.5712
Shageluk,AK,62.6822,-159.5619
Takotna,AK,62.9886,-156.0642
Nikolai,AK,63.0133,-154.375
Allakaket,AK,66.5656,-152.6456
Arctic Village,AK,68.1269,-145.5378
Beaver,AK,66.3594,-147.3964
Bettles Field,AK,65.2264,-151.0251
Central,AK,65.4681,-144.7489
Circle,AK,65.8245,-144.0826
Fort Yukon,AK,66.5647,-145.2739
Galena,AK,64.7333,-156.9275
Hughes,AK,66.0382,-154.2644
Huslia,AK,65.6899,-156.292
Kaltag,AK,64.3305,-158.7243
Koyukuk,AK,64.8803,-157.7008
Manley Hot Springs,AK,65.0011,-150.6339
Lake Minchumina,AK,63.8828,-152.3122
Minto,AK,65.0584,-149.6912
Nenana,AK,64.5577,-149.0867
Nulato,AK,64.7194,-158.1031
Rampart,AK,65.509,-150.1619
Ruby,AK,64.7201,-155.5039
Stevens Village,AK,66.0064,-149.0908
Tanana,AK,65.1719,-152.0789
Venetie,AK,67.0104,-146.4137
Chalkyitsik,AK,66.6544,-143.7222
Autaugaville,AL,32.4625,-86.7149
Billingsley,AL,32.6596,-86.7178
Booth,AL,32.5016,-86.5727
Marbury,AL,32.6841,-86.4946
Prattville,AL,32.4714,-86.4576
Jones,AL,32.5104,-86.8138
Bay Minette,AL,30.8635,-87.7644
Bon Secour,AL,30.3128,-87.7431
Daphne,AL,30.6197,-87.8895
Spanish Fort,AL,30.6854,-87.901
Elberta,AL,30.3942,-87.589
Fairhope,AL,30.49265,-87.87205
Foley,AL,30.41145,-87.69605
Gulf Shores,AL,30.25885,-87.72985
Lillian,AL,30.3972,-87.4745
Little River,AL,31.2246,-87.7548
Loxley,AL,30.618,-87.7562
Magnolia Springs,AL,30.3996,-87.7761
Montrose,AL,30.5623,-87.9005
Orange Beach,AL,30.281,-87.5815
Perdido,AL,31.0403,-87.6667
Point Clear,AL,30.4741,-87.9192
Robertsdale,AL,30.5616,-87.6373
Seminole,AL,30.5048,-87.4659
Silverhill,AL,30.5222,-87.7457
Stapleton,AL,30.7476,-87.7787
Stockton,AL,31.0129,-87.8633
Summerdale,AL,30.4752,-87.6992
Clayton,AL,31.8874,-85.4509
Clio,AL,31.6852,-85.5904
Eufaula,AL,31.8982,-85.15555
Louisville,AL,31.7943,-85.5581
Brent,AL,32.9357,-87.2114
Brierfield,AL,33.0427,-86.9517
Centreville,AL,32.9503,-87.1192
Green Pond,AL,33.2251,-87.1264
West Blocton,AL,33.1424,-87.1369
Woodstock,AL,33.2068,-87.15
Randolph,AL,32.8888,-86.907
Lawley,AL,32.8646,-86.9567
Allgood,AL,33.9222,-86.4493
Blountsville,AL,34.0929,-86.5686
Cleveland,AL,33.9778,-86.5598
Hayden,AL,33.9534,-86.7455
Locust Fork,AL,33.905,-86.6261
Oneonta,AL,33.9259,-86.4741
Remlap,AL,33.8168,-86.6008
Fitzpatrick,AL,32.2165,-85.8888
Midway,AL,32.0955,-85.5315
Perote,AL,32.0928,-85.7046
Union Springs,AL,32.1443,-85.7149
Chapman,AL,31.6427,-86.7343
Forest Home,AL,31.8501,-86.8372
Georgiana,AL,31.6287,-86.734
Greenville,AL,31.81,-86.6229
Mc Kenzie,AL,31.545,-86.7356
Anniston,AL,33.718917,-85.80995
Oxford,AL,33.5815,-85.8328
Alexandria,AL,33.7808,-85.8924
Bynum,AL,33.7622,-85.8378
Choccolocco,AL,33.6573,-85.6991
De Armanville,AL,33.7622,-85.8378
Eastaboga,AL,33.6031,-85.9608
Jacksonville,AL,33.831,-85.7752
Ohatchee,AL,33.7788,-86.0254
Piedmont,AL,33.8389,-85.646
Weaver,AL,33.7563,-85.8107
Wellington,AL,33.8226,-85.8927
Cusseta,AL,32.7831,-85.2756
Valley,AL,32.69475,-85.26195
Five Points,AL,33.0424,-85.3243
Lafayette,AL,32.9252,-85.4426
Lanett,AL,32.8616,-85.2161
Cedar Bluff,AL,34.2417,-85.6026
Centre,AL,34.1116,-85.6092
Gaylesville,AL,34.3573,-85.5589
Leesburg,AL,34.1911,-85.7705
Spring Garden,AL,33.9778,-85.5521
Clanton,AL,32.8792,-86.59375
Jemison,AL,32.9805,-86.7181
Thorsby,AL,32.9157,-86.7158
Verbena,AL,32.7499,-86.5114
Maplesville,AL,32.8045,-86.8717
Stanton,AL,32.7332,-86.8963
Butler,AL,32.0829,-88.2064
Gilbertown,AL,31.8666,-88.3265
Jachin,AL,32.2299,-88.1684
Lisman,AL,32.2177,-88.3234
Melvin,AL,31.9304,-88.4589
Needham,AL,31.9879,-88.3367
Pennington,AL,32.2094,-88.049
Silas,AL,31.7668,-88.3091
Toxey,AL,31.9155,-88.151
Ward,AL,32.3038,-88.1476
Dickinson,AL,31.7635,-87.7106
Fulton,AL,31.7925,-87.72
Grove Hill,AL,31.7088,-87.7772
Whatley,AL,31.6395,-87.6565
Coffeeville,AL,31.7843,-88.0715
Gainestown,AL,31.4258,-87.6822
Jackson,AL,31.5131,-87.8672
Campbell,AL,31.9213,-88.008
Thomasville,AL,31.9067,-87.7598
Hollins,AL,33.1162,-86.1386
Ashland,AL,33.2474,-85.829
Cragford,AL,33.2171,-85.7108
Delta,AL,33.4573,-85.6793
Lineville,AL,33.3286,-85.7346
Millerville,AL,33.1915,-85.9258
Edwardsville,AL,33.7066,-85.5099
Fruithurst,AL,33.7717,-85.4381
Heflin,AL,33.6115,-85.5885
Muscadine,AL,33.7529,-85.3789
Ranburne,AL,33.5616,-85.3786
Elba,AL,31.4137,-86.0777
Enterprise,AL,31.3193,-85.87285
Jack,AL,31.5652,-85.971
New Brockton,AL,31.369,-85.9404
Kinston,AL,31.1926,-86.1514
Cherokee,AL,34.7442,-87.9724
Leighton,AL,34.711,-87.5221
Sheffield,AL,34.7578,-87.6971
Muscle Shoals,AL,34.75045,-87.64895
Tuscumbia,AL,34.6874,-87.6833
Evergreen,AL,31.458,-86.9258
Brooklyn,AL,31.2627,-86.7711
Castleberry,AL,31.2991,-87.0225
Lenox,AL,31.3366,-87.1855
Range,AL,31.3058,-87.2137
Repton,AL,31.4256,-87.172
Goodwater,AL,33.0746,-86.0781
Kellyton,AL,32.9791,-86.0484
Rockford,AL,32.878,-86.24
Weogufka,AL,33.0238,-86.3042
Equality,AL,32.8139,-86.1051
Gantt,AL,31.4068,-86.4841
Andalusia,AL,31.3109,-86.4986
Florala,AL,31.0172,-86.3385
Lockhart,AL,31.0105,-86.3497
Opp,AL,31.2799,-86.2571
Red Level,AL,31.4399,-86.6121
River Falls,AL,31.3533,-86.541
Wing,AL,31.0223,-86.6293
Brantley,AL,31.571,-86.2743
Dozier,AL,31.5066,-86.3663
Glenwood,AL,31.6641,-86.171
Highland Home,AL,31.9283,-86.2971
Honoraville,AL,31.8784,-86.3981
Luverne,AL,31.7074,-86.2566
Petrey,AL,31.8488,-86.2077
Rutledge,AL,31.7062,-86.3715
Baileyton,AL,34.2683,-86.6213
Bremen,AL,33.9737,-87.0043
Crane Hill,AL,34.0821,-87.0484
Cullman,AL,34.162125,-86.842525
Garden City,AL,34.0058,-86.7499
Hanceville,AL,34.0516,-86.7848
Holly Pond,AL,34.1901,-86.6174
Joppa,AL,34.2837,-86.5519
Logan,AL,34.1377,-87.0266
Vinemont,AL,34.2621,-86.9125
Ariton,AL,31.583,-85.7077
Clopton,AL,31.6446,-85.3911
Daleville,AL,31.2811,-85.7305
Midland City,AL,31.3191,-85.4938
Newton,AL,31.3311,-85.5992
Ozark,AL,31.4491,-85.64205
Fort Rucker,AL,31.348,-85.7214
Pinckard,AL,31.3074,-85.5263
Skipperville,AL,31.5748,-85.537
Selma,AL,32.414233,-87.0197
Plantersville,AL,32.6176,-86.9475
Marion Junction,AL,32.4266,-87.2702
Minter,AL,32.1899,-87.0633
Orrville,AL,32.2949,-87.2214
Safford,AL,32.3002,-87.3693
Sardis,AL,32.2844,-86.992
Tyler,AL,32.3239,-86.8646
Collinsville,AL,34.268,-85.862
Crossville,AL,34.2588,-86.0306
Dawson,AL,34.3568,-85.9292
Fort Payne,AL,34.4633,-85.73905
Fyffe,AL,34.4373,-85.9288
Geraldine,AL,34.3592,-86.024
Groveoak,AL,34.4359,-86.04
Henagar,AL,34.6186,-85.7274
Ider,AL,34.7351,-85.6416
Mentone,AL,34.5872,-85.5777
Rainsville,AL,34.4989,-85.8446
Sylvania,AL,34.559,-85.7921
Valley Head,AL,34.5697,-85.6272
Coosada,AL,32.5056,-86.3322
Deatsville,AL,32.6082,-86.3958
Eclectic,AL,32.6542,-86.0316
Elmore,AL,32.5454,-86.3161
Kent,AL,32.619,-85.9486
Millbrook,AL,32.4995,-86.3641
Tallassee,AL,32.551,-85.8978
Titus,AL,32.69,-86.2393
Wetumpka,AL,32.57745,-86.15735
Brewton,AL,31.1173,-87.08415
Flomaton,AL,31.0402,-87.2664
Atmore,AL,31.032267,-87.4928
Huxford,AL,31.2202,-87.4619
Gadsden,AL,33.9836,-85.978417
Rainbow City,AL,33.9318,-86.0898
Altoona,AL,34.071,-86.2096
Attalla,AL,34.0296,-86.0967
Gallant,AL,33.9976,-86.2346
Walnut Grove,AL,34.0657,-86.3064
Bankston,AL,33.7008,-87.6897
Belk,AL,33.6476,-87.9314
Berry,AL,33.6945,-87.6226
Fayette,AL,33.6974,-87.8346
Glen Allen,AL,33.9151,-87.7417
Hodges,AL,34.3417,-87.959
Phil Campbell,AL,34.347,-87.7154
Red Bay,AL,34.4513,-88.1129
Spruce Pine,AL,34.4246,-87.8145
Vina,AL,34.3712,-88.0774
Russellville,AL,34.48705,-87.68675
Bellwood,AL,31.1732,-85.7933
Black,AL,31.0132,-85.7456
Chancellor,AL,31.1767,-85.8135
Coffee Springs,AL,31.1388,-85.9182
Geneva,AL,31.0414,-85.8847
Hartford,AL,31.086,-85.7192
Malvern,AL,31.1212,-85.5592
Slocomb,AL,31.0956,-85.583
Samson,AL,31.1049,-86.0674
Boligee,AL,32.7746,-88.0267
Clinton,AL,32.9137,-87.9925
Eutaw,AL,32.8889,-87.9303
Knoxville,AL,32.9824,-87.7919
West Greene,AL,32.9237,-88.0853
Forkland,AL,32.6108,-87.8441
Akron,AL,32.8553,-87.7219
Moundville,AL,32.9108,-87.5935
Gallion,AL,32.5298,-87.6985
Greensboro,AL,32.7167,-87.5905
Newbern,AL,32.5515,-87.5615
Sawyerville,AL,32.7578,-87.7402
Abbeville,AL,31.5755,-85.279
Headland,AL,31.3534,-85.3323
Newville,AL,31.4403,-85.3287
Shorterville,AL,31.501,-85.1135
Dothan,AL,31.20276,-85.39962
Ashford,AL,31.1888,-85.2535
Columbia,AL,31.3352,-85.1455
Cottonwood,AL,31.0507,-85.3154
Cowarts,AL,31.2025,-85.3014
Gordon,AL,31.1002,-85.1234
Pansey,AL,31.1403,-85.1573
Webb,AL,31.2656,-85.2544
Bridgeport,AL,34.9446,-85.7277
Dutton,AL,34.6046,-85.9067
Estillfork,AL,34.913,-86.1716
Fackler,AL,34.8259,-85.9846
Hollytree,AL,34.7955,-86.2743
Hollywood,AL,34.7304,-85.9532
Langston,AL,34.5001,-86.1353
Paint Rock,AL,34.7031,-86.3068
Pisgah,AL,34.6809,-85.8478
Princeton,AL,34.8713,-86.2513
Scottsboro,AL,34.68435,-86.0992
Section,AL,34.5433,-85.994
Stevenson,AL,34.8769,-85.8508
Trenton,AL,34.7632,-86.2295
Woodville,AL,34.6689,-86.2296
Bryant,AL,34.945,-85.6324
Flat Rock,AL,34.8076,-85.7084
Higdon,AL,34.8391,-85.6196
Adamsville,AL,33.5884,-86.9597
Adger,AL,33.4343,-87.1675
Alton,AL,33.5793,-86.6375
Bessemer,AL,33.436,-86.9837
Brookside,AL,33.6379,-86.9167
Clay,AL,33.7026,-86.5997
Docena,AL,33.5589,-86.9294
Dolomite,AL,33.4654,-86.9564
Fairfield,AL,33.4735,-86.9183
Fultondale,AL,33.6017,-86.8265
Gardendale,AL,33.7189,-86.8225
Graysville,AL,33.6539,-86.9803
Kimberly,AL,33.7684,-86.8084
Leeds,AL,33.5283,-86.5748
Mc Calla,AL,33.2845,-87.1024
Morris,AL,33.7392,-86.7726
Mount Olive,AL,33.6768,-86.8717
Mulga,AL,33.5363,-87.051
New Castle,AL,33.649,-86.7686
Palmerdale,AL,33.7387,-86.6461
Pinson,AL,33.7299,-86.6451
Pleasant Grove,AL,33.4883,-86.9766
Sayre,AL,33.7111,-86.9759
Shannon,AL,33.4069,-86.8735
Trafford,AL,33.819,-86.7434
Trussville,AL,33.6339,-86.5981
Warrior,AL,33.8529,-86.8198
Watson,AL,33.5446,-86.9292
Birmingham,AL,33.516468,-86.843787
Beaverton,AL,33.9429,-88.0157
Detroit,AL,34.0282,-88.17
Kennedy,AL,33.6153,-87.9948
Millport,AL,33.5401,-88.2
Sulligent,AL,33.8549,-88.1508
Vernon,AL,33.7613,-88.0979
Anderson,AL,34.9424,-87.2734
Cloverdale,AL,34.9387,-87.7714
Florence,AL,34.87432,-87.68464
Killen,AL,34.9016,-87.5082
Lexington,AL,34.9559,-87.3935
Rogersville,AL,34.8495,-87.3237
Waterloo,AL,34.9357,-87.9624
Courtland,AL,34.6719,-87.3143
Hillsboro,AL,34.6476,-87.1804
Moulton,AL,34.5058,-87.2224
Mount Hope,AL,34.4793,-87.4769
Town Creek,AL,34.6491,-87.4262
Opelika,AL,32.61145,-85.3544
Auburn,AL,32.583133,-85.4893
Auburn University,AL,32.6024,-85.4873
Loachapoka,AL,32.6043,-85.5933
Salem,AL,32.6212,-85.184
Smiths Station,AL,32.5401,-85.0985
Waverly,AL,32.7632,-85.5144
Athens,AL,34.8144,-86.98715
Belle Mina,AL,34.6568,-86.8792
Elkmont,AL,34.929,-86.9739
Lester,AL,34.9596,-87.1006
Mooresville,AL,34.6259,-86.8746
Tanner,AL,34.6796,-86.9625
Ardmore,AL,34.9804,-86.8346
Capshaw,AL,34.7731,-86.7928
Fort Deposit,AL,31.996,-86.5761
Hayneville,AL,32.1957,-86.655
Letohatchee,AL,32.0862,-86.488
Lowndesboro,AL,32.2943,-86.6471
Fort Davis,AL,32.2507,-85.7524
Hardaway,AL,32.3129,-85.8838
Shorter,AL,32.3836,-85.9162
Tuskegee,AL,32.4316,-85.6861
Tuskegee Institute,AL,32.4119,-85.73165
Notasulga,AL,32.5437,-85.6871
Brownsboro,AL,34.7167,-86.4687
Gurley,AL,34.714,-86.394
Harvest,AL,34.8273,-86.7499
Hazel Green,AL,34.9496,-86.5935
Madison,AL,34.710667,-86.767833
Meridianville,AL,34.8618,-86.5789
New Hope,AL,34.5494,-86.3961
New Market,AL,34.9,-86.4487
Normal,AL,34.789,-86.5719
Owens Cross Roads,AL,34.6215,-86.4644
Ryland,AL,34.7698,-86.4808
Toney,AL,34.9116,-86.7
Huntsville,AL,34.724517,-86.578767
Demopolis,AL,32.4908,-87.8397
Dixons Mills,AL,32.0672,-87.7454
Faunsdale,AL,32.4233,-87.6181
Jefferson,AL,32.414,-87.8986
Linden,AL,32.3053,-87.7954
Magnolia,AL,32.1419,-87.6998
Myrtlewood,AL,32.2516,-87.9494
Nanafalia,AL,32.1129,-87.9881
Sweet Water,AL,32.0773,-87.9228
Thomaston,AL,32.2538,-87.5974
Bear Creek,AL,34.1649,-87.7396
Brilliant,AL,34.0377,-87.7563
Guin,AL,33.9676,-87.9024
Hackleburg,AL,34.2678,-87.8608
Hamilton,AL,34.1534,-88.0085
Winfield,AL,33.9303,-87.7972
Arab,AL,34.3283,-86.4896
Union Grove,AL,34.4093,-86.4628
Grant,AL,34.4959,-86.259
Albertville,AL,34.2981,-86.19995
Boaz,AL,34.1679,-86.17105
Douglas,AL,34.1737,-86.3236
Guntersville,AL,34.3449,-86.2752
Horton,AL,34.19,-86.3173
Axis,AL,30.9394,-88.0159
Bayou La Batre,AL,30.408,-88.2507
Bucks,AL,31.0105,-88.0242
Chunchula,AL,30.9912,-88.1311
Citronelle,AL,31.0425,-88.2549
Coden,AL,30.3903,-88.2076
Creola,AL,30.9013,-88.0174
Dauphin Island,AL,30.2521,-88.1096
Grand Bay,AL,30.4983,-88.3282
Irvington,AL,30.4802,-88.2396
Mount Vernon,AL,31.0974,-88.035
Saint Elmo,AL,30.5035,-88.2542
Saraland,AL,30.8332,-88.0934
Satsuma,AL,30.8516,-88.0533
Semmes,AL,30.7544,-88.2667
Theodore,AL,30.5162,-88.217
Wilmer,AL,30.8137,-88.3332
Mobile,AL,30.680032,-88.1215
Eight Mile,AL,30.7951,-88.1823
Beatrice,AL,31.7273,-87.1719
Excel,AL,31.4279,-87.3414
Franklin,AL,31.7238,-87.4412
Frisco City,AL,31.4235,-87.3817
Goodway,AL,31.3368,-87.4258
Megargel,AL,31.3612,-87.4353
Mexia,AL,31.5147,-87.4084
Monroeville,AL,31.5187,-87.34105
Perdue Hill,AL,31.5141,-87.4933
Peterman,AL,31.59,-87.26
Uriah,AL,31.3135,-87.5705
Vredenburgh,AL,31.8085,-87.3164
Cecil,AL,32.2937,-85.9827
Grady,AL,32.0194,-86.1292
Hope Hull,AL,32.2243,-86.3932
Lapine,AL,31.9657,-86.2844
Mathews,AL,32.1283,-86.0413
Mount Meigs,AL,32.2334,-86.2085
Pike Road,AL,32.3357,-86.0959
Pine Level,AL,32.0726,-86.0606
Ramer,AL,32.0677,-86.2463
Montgomery,AL,32.302591,-86.244524
Decatur,AL,34.59114,-86.9878
Danville,AL,34.3873,-87.1454
Eva,AL,34.3323,-86.7589
Falkville,AL,34.3477,-86.9131
Hartselle,AL,34.4482,-86.9242
Somerville,AL,34.4995,-86.8009
Trinity,AL,34.5918,-87.0913
Laceys Spring,AL,34.4996,-86.6129
Valhermoso Springs,AL,34.542,-86.6871
Marion,AL,32.6463,-87.3314
Uniontown,AL,32.447,-87.4934
Aliceville,AL,33.1228,-88.1667
Carrollton,AL,33.2485,-88.1321
Ethelsville,AL,33.4157,-88.2167
Gordo,AL,33.3469,-87.9005
Mc Shan,AL,33.2626,-88.0885
Reform,AL,33.3959,-88.0203
Banks,AL,31.8368,-85.7998
Brundidge,AL,31.7013,-85.8177
Goshen,AL,31.7946,-86.1277
Troy,AL,31.7856,-85.976933
Graham,AL,33.463,-85.334
Roanoke,AL,33.1512,-85.3722
Wadley,AL,33.1492,-85.5513
Wedowee,AL,33.3019,-85.4737
Woodland,AL,33.3743,-85.3997
Cottonton,AL,32.1468,-85.0738
Fort Mitchell,AL,32.2965,-84.9972
Hatchechubbee,AL,32.2845,-85.3029
Holy Trinity,AL,32.2298,-85.0082
Hurtsboro,AL,32.2454,-85.3959
Phenix City,AL,32.465225,-85.0619
Pittsview,AL,32.1733,-85.1312
Seale,AL,32.3053,-85.1677
Moody,AL,33.6035,-86.4668
Cook Springs,AL,33.5895,-86.3923
Cropwell,AL,33.5296,-86.3007
Margaret,AL,33.6862,-86.475
Odenville,AL,33.6756,-86.409
Pell City,AL,33.5926,-86.3399
Ragland,AL,33.7367,-86.1619
Riverside,AL,33.6166,-86.1996
Springville,AL,33.7386,-86.4394
Wattsville,AL,33.7068,-86.2567
Ashville,AL,33.8374,-86.2552
Steele,AL,33.9417,-86.2289
Alabaster,AL,33.1934,-86.7944
Calera,AL,33.1098,-86.756
Chelsea,AL,33.2982,-86.6563
Columbiana,AL,33.177,-86.6161
Harpersville,AL,33.3234,-86.4424
Helena,AL,33.2663,-86.902
Maylene,AL,33.2317,-86.8727
Montevallo,AL,33.1248,-86.8622
Pelham,AL,33.2932,-86.768
Saginaw,AL,33.2063,-86.7812
Shelby,AL,33.0785,-86.5536
Siluria,AL,33.2293,-86.825
Sterrett,AL,33.4461,-86.4917
Vandiver,AL,33.4807,-86.5013
Vincent,AL,33.401,-86.3994
Westover,AL,33.3356,-86.5437
Wilsonville,AL,33.2293,-86.5299
Wilton,AL,33.081,-86.8793
Emelle,AL,32.755,-88.3057
Epes,AL,32.672,-88.1206
Gainesville,AL,32.821,-88.1589
Livingston,AL,32.5843,-88.1872
Panola,AL,32.8726,-88.2374
Bellamy,AL,32.449,-88.1336
Cuba,AL,32.411,-88.3611
York,AL,32.4728,-88.2683
Alpine,AL,33.404,-86.2339
Bon Air,AL,33.2649,-86.3364
Childersburg,AL,33.2459,-86.3641
Lincoln,AL,33.6059,-86.1112
Sycamore,AL,33.2512,-86.2025
Sylacauga,AL,33.17365,-86.31435
Talladega,AL,33.4278,-86.1081
Munford,AL,33.541,-85.9363
Alexander City,AL,32.9533,-85.9474
East Tallassee,AL,32.8002,-85.8034
Daviston,AL,33.0335,-85.7538
Camp Hill,AL,32.7827,-85.6474
Dadeville,AL,32.8224,-85.7704
Jacksons Gap,AL,32.8797,-85.8487
Tuscaloosa,AL,33.238678,-87.520478
Abernant,AL,33.311,-87.1898
Brookwood,AL,33.2775,-87.309
Buhl,AL,33.2306,-87.7547
Coaling,AL,33.1359,-87.3384
Coker,AL,33.2934,-87.6888
Cottondale,AL,33.1767,-87.3871
Duncanville,AL,33.0618,-87.4422
Echola,AL,33.294,-87.7766
Elrod,AL,33.2562,-87.7922
Fosters,AL,33.0843,-87.6975
Kellerman,AL,33.3407,-87.3047
Northport,AL,33.2996,-87.5789
Peterson,AL,33.3066,-87.4532
Ralph,AL,33.1274,-87.7624
Samantha,AL,33.3066,-87.4532
Vance,AL,33.175,-87.2574
Burnwell,AL,33.7079,-87.0875
Dora,AL,33.7357,-87.0546
Empire,AL,33.8256,-87.0161
Quinton,AL,33.6561,-87.1007
Sumiton,AL,33.768,-87.0445
Jasper,AL,33.867575,-87.257275
Carbon Hill,AL,33.9093,-87.5403
Cordova,AL,33.768,-87.1841
Eldridge,AL,33.9315,-87.6194
Goodsprings,AL,33.6795,-87.2374
Kansas,AL,33.9018,-87.552
Nauvoo,AL,33.9299,-87.4324
Oakman,AL,33.7002,-87.3686
Parrish,AL,33.7213,-87.2658
Sipsey,AL,33.8201,-87.0779
Townley,AL,33.847,-87.4372
Calvert,AL,31.1552,-88.01
Chatom,AL,31.4876,-88.2699
Deer Park,AL,31.2168,-88.3172
Frankville,AL,31.6468,-88.1332
Fruitdale,AL,31.3488,-88.3766
Leroy,AL,31.491,-87.9687
Mc Intosh,AL,31.2361,-88.0511
Malcolm,AL,31.1913,-88.0075
Millry,AL,31.6269,-88.3559
Saint Stephens,AL,31.533,-88.0521
Sunflower,AL,31.3696,-88.0122
Tibbie,AL,31.4067,-88.1758
Vinegar Bend,AL,31.2584,-88.3865
Wagarville,AL,31.4102,-88.0705
Coy,AL,31.8889,-87.3926
Alberta,AL,32.1585,-87.3468
Arlington,AL,32.0668,-87.5597
Boykin,AL,32.0779,-87.2814
Camden,AL,32.0047,-87.295
Catherine,AL,32.182,-87.4836
Furman,AL,32.0061,-86.9817
Lower Peach Tree,AL,31.8504,-87.5682
Mc Williams,AL,32.0481,-87.2623
Oak Hill,AL,31.947,-87.0745
Pine Apple,AL,31.9265,-87.0047
Pine Hill,AL,31.9735,-87.5771
Addison,AL,34.2056,-87.1948
Arley,AL,34.0632,-87.1828
Delmar,AL,34.1701,-87.6059
Double Springs,AL,34.1387,-87.3974
Haleyville,AL,34.2314,-87.5938
Houston,AL,34.118,-87.2618
Lynn,AL,34.053,-87.5398
Natural Bridge,AL,34.0934,-87.6008
Almyra,AR,34.4146,-91.431
Casscoe,AR,34.5095,-91.299
Crocketts Bluff,AR,34.4528,-91.2692
De Witt,AR,34.2853,-91.3336
Ethel,AR,34.2435,-91.1398
Gillett,AR,34.1218,-91.38
Humphrey,AR,34.4034,-91.679
Saint Charles,AR,34.3878,-91.1463
Stuttgart,AR,34.4854,-91.5487
Tichnor,AR,34.0893,-91.2437
Crossett,AR,33.156,-91.9975
Fountain Hill,AR,33.3631,-91.9088
Hamburg,AR,33.2058,-91.8023
Montrose,AR,33.3075,-91.5228
Parkdale,AR,33.1213,-91.5428
Portland,AR,33.2318,-91.5139
Wilmot,AR,33.0576,-91.5723
Gamaliel,AR,36.4618,-92.2284
Henderson,AR,36.4105,-92.1951
Big Flat,AR,36.0068,-92.3917
Clarkridge,AR,36.4724,-92.3296
Cotter,AR,36.2712,-92.5354
Gassville,AR,36.3175,-92.4736
Lakeview,AR,36.373,-92.5422
Midway,AR,36.3933,-92.4881
Mountain Home,AR,36.33325,-92.38025
Norfork,AR,36.20805,-92.27865
Avoca,AR,36.4047,-94.0713
Bentonville,AR,36.347367,-94.2605
Bella Vista,AR,36.46765,-94.26875
Cave Springs,AR,36.2738,-94.2183
Centerton,AR,36.367,-94.3089
Decatur,AR,36.3347,-94.4534
Garfield,AR,36.4288,-93.9512
Gateway,AR,36.4864,-93.9277
Gentry,AR,36.2652,-94.4751
Gravette,AR,36.4155,-94.4779
Hiwasse,AR,36.4416,-94.339
Lowell,AR,36.2554,-94.1308
Maysville,AR,36.3811,-94.5783
Pea Ridge,AR,36.4539,-94.118
Rogers,AR,36.3284,-94.129267
Siloam Springs,AR,36.18,-94.528
Sulphur Springs,AR,36.4794,-94.4521
Little Rock,AR,34.759432,-92.344736
Harrison,AR,36.23575,-93.10695
Alpena,AR,36.2998,-93.2792
Bergman,AR,36.3083,-93.0321
Diamond City,AR,36.4645,-92.9202
Everton,AR,36.1534,-92.915
Lead Hill,AR,36.3848,-93.0039
Omaha,AR,36.4612,-93.1888
Valley Springs,AR,36.1351,-92.7541
Banks,AR,33.5497,-92.2604
Hermitage,AR,33.39,-92.156
Jersey,AR,33.3889,-92.2966
Warren,AR,33.614,-92.0778
Hampton,AR,33.5376,-92.5295
Harrell,AR,33.5101,-92.3988
Thornton,AR,33.7768,-92.4862
Beaver,AR,36.4311,-93.6994
Berryville,AR,36.3519,-93.5587
Eureka Springs,AR,36.42625,-93.7526
Green Forest,AR,36.3224,-93.4059
Oak Grove,AR,36.4613,-93.4321
Dermott,AR,33.5241,-91.4394
Eudora,AR,33.1213,-91.2716
Lake Village,AR,33.3274,-91.2825
Beirne,AR,33.8887,-93.2041
Curtis,AR,34.0103,-93.0976
Gurdon,AR,33.9125,-93.1417
Whelen Springs,AR,33.8309,-93.1263
Alpine,AR,34.229,-93.3791
Amity,AR,34.2594,-93.4206
Arkadelphia,AR,34.119033,-93.058867
Okolona,AR,34.0551,-93.2897
Corning,AR,36.4155,-90.587
Datto,AR,36.3897,-90.7231
Greenway,AR,36.3348,-90.2253
Knobel,AR,36.3176,-90.599
Mc Dougal,AR,36.437,-90.3837
Peach Orchard,AR,36.283,-90.6702
Piggott,AR,36.387,-90.1926
Pollard,AR,36.4317,-90.2751
Rector,AR,36.2672,-90.2702
Saint Francis,AR,36.4534,-90.1454
Success,AR,36.4536,-90.7281
Edgemont,AR,35.6321,-92.157
Higden,AR,35.5685,-92.1341
Prim,AR,35.6674,-92.0933
Quitman,AR,35.405,-92.1333
Wilburn,AR,35.5106,-91.8648
Concord,AR,35.6414,-91.8333
Drasco,AR,35.6616,-91.9398
Heber Springs,AR,35.52275,-92.03025
Ida,AR,35.5816,-91.9305
Tumbling Shoals,AR,35.547,-91.9704
Kingsland,AR,33.86,-92.3014
New Edinburg,AR,33.7588,-92.1939
Rison,AR,33.9453,-92.1188
Emerson,AR,33.0891,-93.1987
Mc Neil,AR,33.3622,-93.193
Magnolia,AR,33.25365,-93.2346
Waldo,AR,33.36,-93.2949
Taylor,AR,33.108,-93.446
Center Ridge,AR,35.3981,-92.5582
Cleveland,AR,35.3955,-92.702
Hattieville,AR,35.2907,-92.7783
Jerusalem,AR,35.5699,-92.8251
Menifee,AR,35.1356,-92.5498
Morrilton,AR,35.1692,-92.7354
Plumerville,AR,35.1575,-92.6204
Solgohachia,AR,35.2701,-92.6754
Springfield,AR,35.2749,-92.5457
Jonesboro,AR,35.80614,-90.71706
Bay,AR,35.7456,-90.5507
Black Oak,AR,35.8368,-90.4005
Bono,AR,35.9086,-90.7848
Brookland,AR,35.9165,-90.5762
Caraway,AR,35.759,-90.3358
Cash,AR,35.8301,-90.941
Egypt,AR,35.864,-90.9428
Lake City,AR,35.8171,-90.4423
Monette,AR,35.9002,-90.3437
State University,AR,35.8422,-90.6735
Alma,AR,35.5,-94.2073
Cedarville,AR,35.603,-94.3749
Chester,AR,35.6898,-94.202
Dyer,AR,35.4923,-94.1377
Mountainburg,AR,35.6464,-94.1497
Mulberry,AR,35.5172,-93.9885
Natural Dam,AR,35.6743,-94.4124
Rudy,AR,35.5468,-94.2913
Uniontown,AR,35.5748,-94.4349
Van Buren,AR,35.4454,-94.33805
West Memphis,AR,35.14745,-90.1812
Clarkedale,AR,35.3093,-90.2362
Crawfordsville,AR,35.2119,-90.3351
Earle,AR,35.2799,-90.4503
Edmondson,AR,35.1042,-90.3133
Gilmore,AR,35.4057,-90.2714
Marion,AR,35.2077,-90.1989
Proctor,AR,35.0834,-90.255
Turrell,AR,35.3439,-90.2978
Cherry Valley,AR,35.3991,-90.7613
Hickory Ridge,AR,35.3995,-90.9823
Parkin,AR,35.2586,-90.5564
Vanndale,AR,35.3245,-90.7712
Wynne,AR,35.233,-90.793
Carthage,AR,34.0751,-92.5554
Fordyce,AR,33.8176,-92.4225
Ivan,AR,33.9118,-92.4246
Sparkman,AR,33.9143,-92.8532
Arkansas City,AR,33.6143,-91.2325
Dumas,AR,33.8921,-91.4861
Mc Gehee,AR,33.6297,-91.3928
Pickens,AR,33.842,-91.5022
Rohwer,AR,33.7609,-91.2757
Tillar,AR,33.6981,-91.4433
Watson,AR,33.8907,-91.2815
Snow Lake,AR,34.0665,-91.0071
Monticello,AR,33.627667,-91.792267
Wilmar,AR,33.6213,-91.9257
Winchester,AR,33.7471,-91.4649
Conway,AR,35.094275,-92.400425
Damascus,AR,35.3673,-92.4096
Enola,AR,35.2087,-92.2123
Greenbrier,AR,35.2295,-92.3578
Guy,AR,35.3239,-92.2878
Mayflower,AR,34.9669,-92.4001
Mount Vernon,AR,35.2265,-92.124
Vilonia,AR,35.0719,-92.1832
Wooster,AR,35.1645,-92.453
Alix,AR,35.41,-93.7286
Altus,AR,35.4346,-93.7598
Branch,AR,35.2971,-93.9454
Cecil,AR,35.4252,-94.0409
Charleston,AR,35.3115,-94.0337
Ozark,AR,35.5246,-93.8374
Bexar,AR,36.2901,-92.055
Camp,AR,36.4025,-91.7262
Elizabeth,AR,36.3238,-92.0934
Gepp,AR,36.4364,-92.0995
Glencoe,AR,36.2942,-91.7474
Mammoth Spring,AR,36.4076,-91.5757
Salem,AR,36.3766,-91.8759
Sturkie,AR,36.4747,-91.8891
Viola,AR,36.3924,-91.9932
Hot Springs National Park,AR,34.547,-93.03796
Hot Springs Village,AR,34.6602,-92.9909
Jessieville,AR,34.7094,-93.0382
Mountain Pine,AR,34.5976,-93.1539
Pearcy,AR,34.4351,-93.242
Royal,AR,34.515,-93.2897
Lonsdale,AR,34.5562,-92.834
Grapevine,AR,34.1309,-92.3109
Leola,AR,34.1856,-92.5979
Poyen,AR,34.3023,-92.6095
Prattsville,AR,34.3079,-92.5131
Sheridan,AR,34.3165,-92.3657
Beech Grove,AR,36.1281,-90.6914
Delaplaine,AR,36.1995,-90.7345
Lafe,AR,36.2359,-90.4811
Marmaduke,AR,36.1951,-90.3837
Paragould,AR,36.0592,-90.5112
Walcott,AR,36.0413,-90.6718
Hope,AR,33.67035,-93.5992
Blevins,AR,33.8718,-93.5771
Columbus,AR,33.7935,-93.807
Fulton,AR,33.6299,-93.8086
Mc Caskill,AR,33.923,-93.6266
Ozan,AR,33.9028,-93.7714
Washington,AR,33.7546,-93.6735
Bismarck,AR,34.311,-93.1872
Bonnerdale,AR,34.3848,-93.3819
Donaldson,AR,34.2212,-92.9094
Friendship,AR,34.2235,-93.0024
Benton,AR,34.5742,-92.6155
Malvern,AR,34.3557,-92.8292
Jones Mill,AR,34.4374,-92.8943
Dierks,AR,34.1323,-94.0152
Mineral Springs,AR,33.8639,-93.9188
Nashville,AR,33.9576,-93.8707
Saratoga,AR,33.7599,-93.8767
Umpire,AR,34.2921,-94.0314
Thida,AR,35.5762,-91.4539
Batesville,AR,35.7586,-91.58475
Charlotte,AR,35.8184,-91.4387
Cord,AR,35.8184,-91.3375
Cushman,AR,35.8729,-91.754
Desha,AR,35.7411,-91.6985
Floral,AR,35.6023,-91.7341
Locust Grove,AR,35.7177,-91.7414
Magness,AR,35.6941,-91.4753
Newark,AR,35.7118,-91.4394
Oil Trough,AR,35.6131,-91.4703
Pleasant Plains,AR,35.5893,-91.632
Rosie,AR,35.6638,-91.534
Salado,AR,35.6919,-91.5989
Sulphur Rock,AR,35.7545,-91.5073
Horseshoe Bend,AR,36.2025,-91.7553
Brockwell,AR,36.1358,-91.9513
Calico Rock,AR,36.1202,-92.1867
Dolph,AR,36.2229,-92.1177
Franklin,AR,36.1703,-91.776
Guion,AR,35.9266,-91.9103
Melbourne,AR,36.0635,-91.9079
Mount Pleasant,AR,35.9759,-91.785
Oxford,AR,36.2114,-91.9258
Pineville,AR,36.1677,-92.1073
Sage,AR,36.0688,-91.791
Violet Hill,AR,36.163,-91.8471
Wideman,AR,36.1865,-92.0088
Wiseman,AR,36.2345,-91.8154
Amagon,AR,35.562,-91.1104
Beedeville,AR,35.4291,-91.1057
Diaz,AR,35.6336,-91.2592
Jacksonport,AR,35.6414,-91.3072
Newport,AR,35.5988,-91.2571
Tupelo,AR,35.3844,-91.2232
Grubbs,AR,35.6498,-91.074
Swifton,AR,35.8274,-91.1264
Tuckerman,AR,35.7307,-91.2003
Pine Bluff,AR,34.204525,-92.014275
White Hall,AR,34.274,-92.091
Moscow,AR,34.1465,-91.7951
Altheimer,AR,34.3062,-91.8289
Jefferson,AR,34.3934,-92.2029
Redfield,AR,34.4526,-92.1758
Reydell,AR,34.1715,-91.5656
Sherrill,AR,34.3581,-91.9933
Tucker,AR,34.4414,-91.9163
Wabbaseka,AR,34.3936,-91.7549
Wright,AR,34.4291,-92.0599
Clarksville,AR,35.4908,-93.4911
Coal Hill,AR,35.4371,-93.672
Hagarville,AR,35.6155,-93.2726
Hartman,AR,35.4436,-93.6142
Knoxville,AR,35.3749,-93.3618
Lamar,AR,35.4349,-93.3552
Oark,AR,35.7095,-93.5585
Ozone,AR,35.6575,-93.4311
Bradley,AR,33.107,-93.6275
Buckner,AR,33.3753,-93.447
Garland City,AR,33.3352,-93.7316
Lewisville,AR,33.3736,-93.5953
Stamps,AR,33.3569,-93.5013
Alicia,AR,35.9423,-91.081
Black Rock,AR,36.1149,-91.1176
Hoxie,AR,36.0326,-90.9715
Imboden,AR,36.1976,-91.1854
Lynn,AR,35.9813,-91.2676
Minturn,AR,35.9728,-91.0235
Portia,AR,36.0865,-91.0673
Powhatan,AR,36.08,-91.1482
Ravenden,AR,36.2029,-91.2593
Sedgwick,AR,35.9643,-90.8954
Smithville,AR,36.0908,-91.2745
Strawberry,AR,35.9673,-91.2935
Walnut Ridge,AR,36.0244,-90.9288
Saffell,AR,35.8781,-91.3004
Aubrey,AR,34.7195,-90.8969
Brickeys,AR,34.8548,-90.5377
Haynes,AR,34.8838,-90.7666
La Grange,AR,34.7697,-90.7552
Marianna,AR,34.7759,-90.7785
Moro,AR,34.803,-91.006
Gould,AR,34.0345,-91.5768
Grady,AR,34.1032,-91.7057
Star City,AR,33.9405,-91.8653
Yorktown,AR,33.9787,-91.6991
Alleene,AR,33.7944,-94.2681
Ashdown,AR,33.6787,-94.1351
Foreman,AR,33.7176,-94.3881
Ogden,AR,33.5826,-94.0427
Wilton,AR,33.7475,-94.1518
Winthrop,AR,33.8583,-94.3952
Blue Mountain,AR,35.1304,-93.7116
Delaware,AR,35.278,-93.3462
New Blaine,AR,35.3189,-93.4446
Paris,AR,35.2941,-93.7265
Scranton,AR,35.3585,-93.5454
Subiaco,AR,35.3153,-93.5991
Booneville,AR,35.1364,-93.9274
Magazine,AR,35.1587,-93.8003
Ratcliff,AR,35.2917,-93.8899
Austin,AR,34.9921,-91.9798
Cabot,AR,34.9457,-92.0318
Carlisle,AR,34.7933,-91.7459
Coy,AR,34.5387,-91.874
England,AR,34.5575,-91.9484
Humnoke,AR,34.4857,-91.7624
Keo,AR,34.6041,-92.0078
Lonoke,AR,34.7832,-91.9214
Ward,AR,34.9532,-91.9004
Combs,AR,35.8607,-93.8112
Hindsville,AR,36.1422,-93.8633
Huntsville,AR,36.1043,-93.7279
Kingston,AR,36.0485,-93.5044
Pettigrew,AR,35.8346,-93.6181
Saint Paul,AR,35.8496,-93.7347
Wesley,AR,36.0114,-93.8526
Witter,AR,35.9356,-93.621
Bull Shoals,AR,36.371,-92.5938
Flippin,AR,36.2682,-92.578
Oakland,AR,36.4442,-92.5832
Peel,AR,36.435,-92.7615
Pyatt,AR,36.2486,-92.8416
Summit,AR,36.2523,-92.6907
Yellville,AR,36.2253,-92.7245
Doddridge,AR,33.1054,-93.9543
Fouke,AR,33.3025,-93.901
Genoa,AR,33.3837,-93.9096
Texarkana,AR,33.431,-93.8765
Armorel,AR,35.9201,-89.7981
Bassett,AR,35.5365,-90.1268
Blytheville,AR,35.9273,-89.919
Gosnell,AR,35.9598,-89.972
Burdette,AR,35.8173,-89.9393
Driver,AR,35.6253,-90.0138
Dyess,AR,35.5954,-90.2157
Frenchmans Bayou,AR,35.4591,-90.1884
Joiner,AR,35.5052,-90.1478
Keiser,AR,35.6737,-90.0963
Luxora,AR,35.7608,-89.922
Osceola,AR,35.7019,-89.9798
West Ridge,AR,35.6831,-90.2626
Wilson,AR,35.566,-90.0427
Dell,AR,35.8554,-90.0418
Etowah,AR,35.7337,-90.1838
Leachville,AR,35.9332,-90.1955
Manila,AR,35.8439,-90.1806
Brinkley,AR,34.8781,-91.1886
Clarendon,AR,34.6601,-91.2564
Holly Grove,AR,34.5993,-91.1844
Monroe,AR,34.7348,-91.1046
Roe,AR,34.6286,-91.3771
Caddo Gap,AR,34.3913,-93.7637
Mount Ida,AR,34.5612,-93.5749
Norman,AR,34.4596,-93.6743
Oden,AR,34.61515,-93.799
Pencil Bluff,AR,34.6399,-93.7429
Sims,AR,34.6462,-93.6741
Story,AR,34.6687,-93.5376
Bluff City,AR,33.7038,-93.1588
Cale,AR,33.7008,-93.2941
Emmet,AR,33.6929,-93.4232
Prescott,AR,33.804,-93.3725
Rosston,AR,33.5926,-93.2766
Willisville,AR,33.7008,-93.2941
Compton,AR,36.0979,-93.3099
Deer,AR,35.853,-93.3174
Hasty,AR,36.0152,-93.046
Jasper,AR,36.0038,-93.2048
Marble Falls,AR,36.0695,-93.1566
Mount Judea,AR,35.9407,-93.0654
Parthenon,AR,35.9451,-93.2677
Ponca,AR,36.0242,-93.3646
Vendor,AR,35.9473,-93.0774
Western Grove,AR,36.083,-92.9716
Camden,AR,33.5919,-92.84695
Bearden,AR,33.7298,-92.618
Chidester,AR,33.6652,-92.9969
Louann,AR,33.4169,-92.777
Stephens,AR,33.455,-93.0214
Adona,AR,35.047,-92.9033
Bigelow,AR,34.9847,-92.6308
Casa,AR,35.0322,-93.047
Houston,AR,35.0362,-92.6913
Perry,AR,35.0443,-92.7958
Perryville,AR,34.9701,-92.8472
Barton,AR,34.5467,-90.7679
Crumrod,AR,34.1335,-90.9751
Elaine,AR,34.3118,-90.8939
Helena,AR,34.5325,-90.6298
Lambrook,AR,34.3286,-90.9652
Lexa,AR,34.5979,-90.7523
Marvell,AR,34.5485,-90.9413
Mellwood,AR,34.2198,-90.9504
Oneida,AR,34.4542,-90.7684
Poplar Grove,AR,34.5394,-90.8813
Turner,AR,34.4762,-91.0187
Wabash,AR,34.3466,-90.8869
West Helena,AR,34.5496,-90.6545
Antoine,AR,34.0362,-93.4207
Delight,AR,34.0238,-93.5247
Glenwood,AR,34.3192,-93.5559
Kirby,AR,34.2513,-93.741
Langley,AR,34.314,-93.8509
Murfreesboro,AR,34.1017,-93.7109
Newhope,AR,34.2273,-93.8905
Lepanto,AR,35.6069,-90.3359
Marked Tree,AR,35.5349,-90.4194
Rivervale,AR,35.674,-90.3401
Tyronza,AR,35.4865,-90.3519
Fisher,AR,35.514,-90.955
Harrisburg,AR,35.5722,-90.7038
Trumann,AR,35.5882,-90.562
Waldenburg,AR,35.5631,-90.9207
Weiner,AR,35.6291,-90.9289
Board Camp,AR,34.5372,-94.0972
Cove,AR,34.4192,-94.3923
Grannis,AR,34.237,-94.3255
Hatfield,AR,34.4877,-94.3714
Mena,AR,34.5814,-94.221
Vandervoort,AR,34.3941,-94.2535
Wickes,AR,34.3088,-94.3403
Tilly,AR,35.7341,-92.8391
Russellville,AR,35.3231,-93.097725
Atkins,AR,35.2449,-92.9507
Dover,AR,35.4074,-93.1355
Hector,AR,35.5499,-92.9616
London,AR,35.3744,-93.2736
Pelsor,AR,35.7854,-93.0812
Pottsville,AR,35.2398,-93.0564
Biscoe,AR,34.8733,-91.3945
Des Arc,AR,34.9751,-91.5113
De Valls Bluff,AR,34.7447,-91.4982
Hazen,AR,34.7838,-91.5767
Hickory Plains,AR,34.9901,-91.7368
Ulm,AR,34.5772,-91.4633
Alexander,AR,34.6313,-92.4727
College Station,AR,34.7093,-92.2283
Hensley,AR,34.5208,-92.2758
Jacksonville,AR,34.8926,-92.126
Little Rock Air Force Base,AR,34.9074,-92.1397
Mabelvale,AR,34.6478,-92.3849
Maumelle,AR,34.8491,-92.4059
North Little Rock,AR,34.786022,-92.2857
Sherwood,AR,34.8807,-92.2303
Roland,AR,34.8829,-92.5192
Scott,AR,34.6942,-92.1157
Sweet Home,AR,34.6873,-92.2399
Woodson,AR,34.5338,-92.2089
Wrightsville,AR,34.6012,-92.1938
Biggers,AR,36.2844,-90.8538
Maynard,AR,36.4386,-90.8749
O Kean,AR,36.1797,-90.8241
Pocahontas,AR,36.2829,-90.9968
Ravenden Springs,AR,36.3104,-91.2094
Reyno,AR,36.3744,-90.7676
Warm Springs,AR,36.4803,-91.0515
Caldwell,AR,35.0562,-90.8288
Colt,AR,35.0881,-90.8895
Forrest City,AR,35.0086,-90.7892
Goodwin,AR,34.9358,-91.0292
Heth,AR,35.0973,-90.4586
Hughes,AR,34.9454,-90.4741
Madison,AR,35.0252,-90.7086
Palestine,AR,34.9663,-90.9049
Wheatley,AR,34.9207,-91.1086
Widener,AR,35.0592,-90.6293
Bauxite,AR,34.5091,-92.4828
Bryant,AR,34.60135,-92.4905
Paron,AR,34.7853,-92.7482
Traskwood,AR,34.4508,-92.6547
Harvey,AR,34.8762,-93.764
Boles,AR,34.7654,-94.0629
Mansfield,AR,35.0432,-94.2204
Parks,AR,34.8003,-93.9509
Waldron,AR,34.9026,-94.0772
Gilbert,AR,35.9879,-92.7163
Harriet,AR,35.9991,-92.5042
Leslie,AR,35.8272,-92.5663
Marshall,AR,35.9267,-92.6402
Pindall,AR,36.0675,-92.8864
Saint Joe,AR,35.9877,-92.7928
Witts Springs,AR,35.7681,-92.8668
Fort Smith,AR,35.367131,-94.396023
Barling,AR,35.333,-94.3082
Greenwood,AR,35.1955,-94.253
Hackett,AR,35.1945,-94.3983
Hartford,AR,35.0222,-94.3819
Huntington,AR,35.0963,-94.3313
Lavaca,AR,35.3661,-94.1917
Midland,AR,35.0932,-94.3533
Ben Lomond,AR,33.8115,-94.1251
De Queen,AR,34.0442,-94.3386
Gillham,AR,34.157,-94.3165
Horatio,AR,33.9392,-94.2959
Lockesburg,AR,33.9306,-94.1276
Williford,AR,36.2453,-91.3792
Ash Flat,AR,36.2201,-91.6421
Cave City,AR,35.9517,-91.5444
Cherokee Village,AR,36.30605,-91.56255
Evening Shade,AR,36.0855,-91.598
Hardy,AR,36.3227,-91.411
Poughkeepsie,AR,36.0767,-91.4793
Sidney,AR,36.0664,-91.642
Fox,AR,35.7682,-92.3043
Fifty Six,AR,35.992,-92.2182
Marcella,AR,35.7756,-91.8718
Mountain View,AR,35.8208,-92.0389
Pleasant Grove,AR,35.8265,-91.8958
Timbo,AR,35.90175,-92.20925
Onia,AR,35.9403,-92.3459
Calion,AR,33.3261,-92.5464
El Dorado,AR,33.20745,-92.6646
Huttig,AR,33.0459,-92.1942
Junction City,AR,33.0163,-92.7243
Lawson,AR,33.1968,-92.4829
Mount Holly,AR,33.3085,-92.9443
Norphlet,AR,33.316,-92.6629
Smackover,AR,33.3398,-92.7442
Strong,AR,33.1195,-92.3621
Bee Branch,AR,35.4683,-92.3779
Choctaw,AR,35.5773,-92.5456
Clinton,AR,35.6045,-92.4758
Fairfield Bay,AR,35.6027,-92.2742
Scotland,AR,35.508,-92.5867
Shirley,AR,35.6498,-92.3143
Dennard,AR,35.7252,-92.5575
Fayetteville,AR,36.075375,-94.197925
Canehill,AR,35.8477,-94.4441
Elkins,AR,36.0177,-94.0073
Elm Springs,AR,36.21,-94.2546
Evansville,AR,35.7823,-94.4638
Farmington,AR,36.0436,-94.2539
Goshen,AR,36.0876,-93.9666
Greenland,AR,35.9942,-94.1752
Johnson,AR,36.1329,-94.1655
Lincoln,AR,35.9569,-94.4272
Morrow,AR,35.8654,-94.4432
Prairie Grove,AR,35.9918,-94.3169
Springdale,AR,36.178575,-94.125325
Summers,AR,36.0138,-94.5
Tontitown,AR,36.15,-94.2429
West Fork,AR,35.9082,-94.2304
Winslow,AR,35.8312,-94.1187
Bald Knob,AR,35.3113,-91.5502
Beebe,AR,35.0937,-91.9074
Bradford,AR,35.4277,-91.519
El Paso,AR,35.1142,-92.0901
Garner,AR,35.1443,-91.7772
Griffithville,AR,35.1144,-91.6242
Higginson,AR,35.1903,-91.7108
Judsonia,AR,35.325,-91.6491
Kensett,AR,35.2388,-91.6731
Letona,AR,35.3617,-91.8293
Mc Rae,AR,35.1132,-91.8216
Pangburn,AR,35.4216,-91.796
Romance,AR,35.2155,-92.0699
Rose Bud,AR,35.3214,-92.062
Russell,AR,35.3609,-91.5071
Searcy,AR,35.256133,-91.7319
West Point,AR,35.2032,-91.6064
Augusta,AR,35.2788,-91.3527
Cotton Plant,AR,35.0178,-91.229
Gregory,AR,35.1554,-91.3432
Hunter,AR,35.0529,-91.1262
Mc Crory,AR,35.2473,-91.1793
Patterson,AR,35.2588,-91.237
Belleville,AR,35.1038,-93.4518
Bluffton,AR,34.9016,-93.5919
Briggsville,AR,34.9161,-93.5157
Centerville,AR,35.1018,-93.1773
Danville,AR,35.0495,-93.3929
Dardanelle,AR,35.1955,-93.1873
Gravelly,AR,34.8881,-93.6802
Havana,AR,35.0832,-93.5955
Ola,AR,35.0309,-93.2136
Plainview,AR,34.9668,-93.3099
Rover,AR,34.9475,-93.4017
Alpine,AZ,33.8279,-109.1283
Concho,AZ,34.4458,-109.6741
Eagar,AZ,34.1077,-109.294
Greer,AZ,34.0052,-109.4664
Mcnary,AZ,34.0754,-109.8532
Nutrioso,AZ,33.9531,-109.2092
Saint Johns,AZ,34.501,-109.3796
Springerville,AZ,34.1702,-109.3315
Vernon,AZ,34.2575,-109.6929
Petrified Forest Natl Pk,AZ,35.2375,-109.5229
Chambers,AZ,35.2375,-109.5229
Chinle,AZ,36.1304,-109.6037
Fort Defiance,AZ,35.7445,-109.0765
Ganado,AZ,35.7114,-109.542
Houck,AZ,35.2831,-109.207
Lukachukai,AZ,36.4181,-109.2446
Lupton,AZ,35.3539,-109.0537
Saint Michaels,AZ,35.6447,-109.0956
Sanders,AZ,35.2164,-109.3337
Teec Nos Pos,AZ,36.7797,-109.359
Window Rock,AZ,35.6676,-109.0784
Dennehotso,AZ,36.7773,-109.861
Many Farms,AZ,36.4083,-109.634
Nazlini,AZ,35.8964,-109.4487
Red Valley,AZ,35.2375,-109.5229
Rock Point,AZ,36.7181,-109.6259
Round Rock,AZ,36.5131,-109.4734
Tsaile,AZ,36.3071,-109.2176
Benson,AZ,31.9883,-110.2941
Bisbee,AZ,31.4086,-109.9117
Bowie,AZ,32.3265,-109.487
Cochise,AZ,32.0979,-109.9239
Douglas,AZ,31.3703,-109.5625
Dragoon,AZ,32.0281,-110.0387
Elfrida,AZ,31.7139,-109.6193
Fort Huachuca,AZ,31.7194,-110.0492
Hereford,AZ,31.4035,-110.2047
Huachuca City,AZ,31.6639,-110.3334
Mc Neal,AZ,31.5121,-109.8438
Naco,AZ,31.3373,-109.9413
Pearce,AZ,31.8885,-109.6119
Pirtleville,AZ,31.3572,-109.5635
Pomerene,AZ,31.9995,-110.2862
Saint David,AZ,31.8973,-110.2154
San Simon,AZ,32.0423,-109.1748
Sierra Vista,AZ,31.562225,-110.266425
Tombstone,AZ,31.7216,-110.0584
Willcox,AZ,32.31295,-109.84755
Forest Lakes,AZ,34.4513,-110.8644
Flagstaff,AZ,35.1934,-111.644817
Bellemont,AZ,35.2381,-111.8335
Gray Mountain,AZ,35.7504,-111.6188
Munds Park,AZ,34.9412,-111.641
Parks,AZ,35.2563,-111.95
Cameron,AZ,35.9922,-111.5038
Fredonia,AZ,36.9044,-112.4979
Grand Canyon,AZ,35.9421,-112.1309
Happy Jack,AZ,34.6616,-111.3404
Leupp,AZ,35.3365,-110.9927
Marble Canyon,AZ,36.737,-111.8229
Mormon Lake,AZ,34.9083,-111.463
Page,AZ,36.9147,-111.4558
Tonalea,AZ,36.7093,-110.8411
Tuba City,AZ,36.1037,-111.2686
Williams,AZ,35.5434,-112.1707
North Rim,AZ,36.2105,-112.0613
Kaibeto,AZ,36.4025,-111.3518
Sedona,AZ,34.7916,-111.89246
Supai,AZ,36.2242,-112.6932
Hayden,AZ,33.0041,-110.7868
Winkelman,AZ,33.0057,-110.7727
Globe,AZ,33.3983,-110.78785
Claypool,AZ,33.4154,-110.8149
Miami,AZ,33.3992,-110.8687
Payson,AZ,34.23865,-111.2878
Peridot,AZ,33.3103,-110.4554
Pine,AZ,34.3435,-111.5353
Roosevelt,AZ,33.6358,-110.9749
San Carlos,AZ,33.3456,-110.455
Tonto Basin,AZ,33.8317,-111.2946
Young,AZ,34.1014,-110.9637
Bylas,AZ,33.1265,-110.117
Central,AZ,32.8692,-109.7878
Eden,AZ,32.9612,-109.8954
Fort Thomas,AZ,33.0333,-109.9717
Pima,AZ,32.9097,-109.856
Safford,AZ,32.81325,-109.6894
Solomon,AZ,32.8126,-109.634
Thatcher,AZ,32.8504,-109.7461
Clifton,AZ,33.1323,-109.2462
Duncan,AZ,32.881,-109.2157
Morenci,AZ,33.0787,-109.3654
Blue,AZ,33.6512,-109.0685
Bouse,AZ,33.9578,-114.0036
Cibola,AZ,33.3164,-114.665
Ehrenberg,AZ,33.6177,-114.5077
Parker,AZ,34.15,-114.2891
Quartzsite,AZ,33.69805,-114.21605
Salome,AZ,33.7481,-113.5715
Wenden,AZ,34.0422,-113.458
Poston,AZ,33.9906,-114.3963
Phoenix,AZ,33.491612,-112.079255
New River,AZ,33.9235,-112.1279
Chandler Heights,AZ,33.2125,-111.697
Queen Creek,AZ,33.2487,-111.6343
Tortilla Flat,AZ,33.5264,-111.3892
Mesa,AZ,33.414132,-111.771211
Chandler,AZ,33.292587,-111.850238
Gilbert,AZ,33.316,-111.754057
Higley,AZ,33.3024,-111.6969
Scottsdale,AZ,33.573633,-111.887833
Paradise Valley,AZ,33.5494,-111.9565
Rio Verde,AZ,33.7225,-111.6757
Fort Mcdowell,AZ,33.6118,-111.6806
Fountain Hills,AZ,33.6101,-111.72055
Tempe,AZ,33.400475,-111.925125
Glendale,AZ,33.5737,-112.197708
Luke Air Force Base,AZ,33.5387,-112.186
Aguila,AZ,33.9186,-113.2134
Arlington,AZ,33.3133,-112.7891
Avondale,AZ,33.4549,-112.32655
Buckeye,AZ,33.41915,-112.53125
Cave Creek,AZ,33.8592,-111.94285
Cashion,AZ,33.4353,-112.2979
El Mirage,AZ,33.6082,-112.3241
Gila Bend,AZ,32.9306,-112.7468
Goodyear,AZ,33.4579,-112.38905
Laveen,AZ,33.3436,-112.1716
Litchfield Park,AZ,33.5098,-112.4135
Morristown,AZ,33.8567,-112.6232
Palo Verde,AZ,33.3481,-112.6774
Peoria,AZ,33.614967,-112.229683
Sun City,AZ,33.6208,-112.290967
Tolleson,AZ,33.4347,-112.2774
Tonopah,AZ,33.4228,-112.9528
Waddell,AZ,33.5673,-112.4387
Wickenburg,AZ,33.9315,-112.79495
Wittmann,AZ,33.7637,-112.6142
Youngtown,AZ,33.5908,-112.3013
Surprise,AZ,33.6378,-112.38538
Sun City West,AZ,33.6738,-112.3536
Carefree,AZ,33.824,-111.913
Wikieup,AZ,34.7033,-113.6113
Colorado City,AZ,36.9903,-112.9758
Kingman,AZ,35.219767,-113.929767
Lake Havasu City,AZ,34.4864,-114.281625
Hackberry,AZ,35.3692,-113.7272
Hualapai,AZ,35.3972,-113.8432
Golden Valley,AZ,35.3002,-114.2215
Fort Mohave,AZ,35.00475,-114.57495
Bullhead City,AZ,35.14315,-114.561225
Chloride,AZ,35.3896,-114.2221
Littlefield,AZ,36.8872,-113.9297
Oatman,AZ,35.0285,-114.3837
Peach Springs,AZ,35.5378,-113.4202
Topock,AZ,34.7784,-114.4817
Valentine,AZ,35.3788,-113.6141
Yucca,AZ,34.8722,-114.1494
Mohave Valley,AZ,34.8714,-114.5934
Dolan Springs,AZ,35.5692,-114.3777
Temple Bar Marina,AZ,35.2106,-114.1792
Meadview,AZ,35.9822,-114.0775
Willow Beach,AZ,35.7759,-114.5001
Show Low,AZ,34.29895,-110.0176
Cibecue,AZ,34.0448,-110.4854
White Mountain Lake,AZ,34.2666,-110.2031
Clay Springs,AZ,34.3617,-110.2954
Fort Apache,AZ,33.7906,-109.9887
Heber,AZ,34.41,-110.5883
Lakeside,AZ,34.1662,-109.9869
Overgaard,AZ,34.4086,-110.56
Pinedale,AZ,34.3003,-110.2457
Pinetop,AZ,34.1175,-109.9197
Snowflake,AZ,34.4959,-110.0807
Taylor,AZ,34.439,-110.0858
Whiteriver,AZ,33.8021,-109.9937
Woodruff,AZ,34.7814,-110.0435
Holbrook,AZ,34.9085,-110.1434
Sun Valley,AZ,34.9806,-110.0582
Hotevilla,AZ,35.9278,-110.6729
Indian Wells,AZ,35.4056,-110.0848
Joseph City,AZ,34.9814,-110.3373
Kayenta,AZ,36.6883,-110.2652
Keams Canyon,AZ,35.8082,-110.2845
Kykotsmovi Village,AZ,35.8742,-110.6235
Polacca,AZ,35.8617,-110.3875
Second Mesa,AZ,35.7933,-110.5051
Winslow,AZ,35.0242,-110.6974
Shonto,AZ,36.6159,-110.6477
Pinon,AZ,36.1002,-110.2211
Blue Gap,AZ,36.1708,-109.9465
Ajo,AZ,32.2295,-112.6542
Lukeville,AZ,31.8826,-112.8157
Arivaca,AZ,31.5885,-111.316
Green Valley,AZ,31.8406,-111.0379
Mount Lemmon,AZ,32.3763,-110.7605
Sahuarita,AZ,31.9452,-111.0002
Sasabe,AZ,31.4887,-111.5421
Sells,AZ,32.0315,-112.0065
Topawa,AZ,31.814,-111.8257
Vail,AZ,32.0027,-110.7053
Cortaro,AZ,32.4201,-111.1132
Marana,AZ,32.4176,-111.20975
Rillito,AZ,32.4148,-111.1562
Tucson,AZ,32.225478,-110.944676
Catalina,AZ,32.5056,-110.9211
Apache Junction,AZ,33.38165,-111.4884
Gold Canyon,AZ,33.3284,-111.3502
Bapchule,AZ,33.1405,-111.9128
Casa Grande,AZ,32.86485,-111.7207
Arizona City,AZ,32.7559,-111.671
Coolidge,AZ,32.9574,-111.5344
Eloy,AZ,32.7509,-111.5833
Florence,AZ,32.9969,-111.3612
Kearny,AZ,33.0594,-110.9123
Maricopa,AZ,32.98245,-111.9929
San Tan Valley,AZ,33.1911,-111.528
Picacho,AZ,32.6686,-111.4549
Red Rock,AZ,32.58,-111.341
Sacaton,AZ,33.1234,-111.7384
Stanfield,AZ,32.8823,-111.966
Superior,AZ,33.2887,-111.0985
Valley Farms,AZ,32.9827,-111.4429
Mammoth,AZ,32.7239,-110.644
Oracle,AZ,32.6005,-110.7961
San Manuel,AZ,32.6209,-110.5992
Elgin,AZ,31.6598,-110.5254
Nogales,AZ,31.480333,-110.9207
Patagonia,AZ,31.5353,-110.6968
Sonoita,AZ,31.6731,-110.6188
Tumacacori,AZ,31.5696,-111.0534
Amado,AZ,31.6723,-111.0986
Tubac,AZ,31.6126,-111.0459
Rio Rico,AZ,31.5084,-111.0757
Black Canyon City,AZ,34.0755,-112.134
Congress,AZ,34.1764,-112.768
Yarnell,AZ,34.2508,-112.7567
Prescott,AZ,34.630717,-112.52385
Prescott Valley,AZ,34.658567,-112.299367
Ash Fork,AZ,35.215,-112.5027
Bagdad,AZ,34.5785,-113.1755
Camp Verde,AZ,34.5697,-111.8551
Chino Valley,AZ,34.7757,-112.4731
Clarkdale,AZ,34.7711,-112.0579
Cornville,AZ,34.7256,-111.9086
Cottonwood,AZ,34.7055,-112.0091
Dewey,AZ,34.5368,-112.2567
Humboldt,AZ,34.5009,-112.2374
Jerome,AZ,34.7486,-112.1086
Kirkland,AZ,34.4541,-112.8966
Mayer,AZ,34.3655,-112.1296
Paulden,AZ,35.0313,-112.5441
Rimrock,AZ,34.638,-111.7842
Seligman,AZ,35.3212,-112.9548
Skull Valley,AZ,34.5053,-112.6855
Lake Montezuma,AZ,34.6417,-111.7872
Crown King,AZ,34.2241,-112.334
Dateland,AZ,32.8679,-113.4631
Gadsden,AZ,32.5545,-114.785
Roll,AZ,32.7517,-113.9891
San Luis,AZ,32.487,-114.7822
Somerton,AZ,32.5634,-114.7127
Tacna,AZ,32.6934,-113.9763
Wellton,AZ,32.6935,-114.1561
Yuma,AZ,32.68054,-114.55854
Alameda,CA,37.75285,-122.25395
Fremont,CA,37.57252,-121.97364
Hayward,CA,37.661771,-122.032071
Castro Valley,CA,37.7073,-122.05815
Livermore,CA,37.7178,-121.7665
Newark,CA,37.5368,-122.032
Pleasanton,CA,37.67655,-121.8856
Dublin,CA,37.7166,-121.9226
San Leandro,CA,37.704033,-122.144467
San Lorenzo,CA,37.6787,-122.1295
Sunol,CA,37.6094,-121.8986
Union City,CA,37.5895,-122.0497
Oakland,CA,37.797708,-122.240912
Emeryville,CA,37.8339,-122.2828
Piedmont,CA,37.8244,-122.2316
Berkeley,CA,37.871873,-122.271745
Albany,CA,37.89,-122.2954
Kirkwood,CA,38.6918,-120.0736
Markleeville,CA,38.7713,-119.8327
Amador City,CA,38.4194,-120.823
Fiddletown,CA,38.5234,-120.6763
Ione,CA,38.3324,-120.9418
Jackson,CA,38.3545,-120.7573
Kit Carson,CA,38.6707,-120.1135
Martell,CA,38.3515,-120.7752
Pine Grove,CA,38.4049,-120.6544
Pioneer,CA,38.4319,-120.5719
Plymouth,CA,38.4916,-120.8819
River Pines,CA,38.5463,-120.743
Sutter Creek,CA,38.4175,-120.7951
Volcano,CA,38.4765,-120.6017
Drytown,CA,38.4411,-120.8533
Bangor,CA,39.3885,-121.4052
Berry Creek,CA,39.6776,-121.3689
Biggs,CA,39.4162,-121.7189
Chico,CA,39.757967,-121.856217
Clipper Mills,CA,39.5327,-121.1575
Durham,CA,39.633,-121.7886
Feather Falls,CA,39.622,-121.2669
Forbestown,CA,39.521,-121.2423
Forest Ranch,CA,39.8821,-121.6728
Gridley,CA,39.3532,-121.7137
Magalia,CA,39.8912,-121.58
Nelson,CA,39.5522,-121.7644
Oroville,CA,39.54655,-121.52245
Paradise,CA,39.7355,-121.631
Palermo,CA,39.4361,-121.5454
Richvale,CA,39.4959,-121.748
Stirling City,CA,39.9077,-121.5269
Altaville,CA,38.0838,-120.5608
Angels Camp,CA,38.071,-120.5722
Arnold,CA,38.3086,-120.268
Avery,CA,38.2044,-120.3688
Burson,CA,38.1838,-120.8894
Campo Seco,CA,38.2271,-120.8533
Copperopolis,CA,37.944,-120.6423
Douglas Flat,CA,38.1144,-120.4538
Glencoe,CA,38.3554,-120.5778
Hathaway Pines,CA,38.1919,-120.3644
Mokelumne Hill,CA,38.3152,-120.5591
Mountain Ranch,CA,38.2328,-120.4994
Murphys,CA,38.1345,-120.4516
Rail Road Flat,CA,38.3405,-120.5161
San Andreas,CA,38.1904,-120.6441
Vallecito,CA,38.1013,-120.4676
Valley Springs,CA,38.162,-120.8572
Wallace,CA,38.1983,-120.9793
West Point,CA,38.4197,-120.4759
Wilseyville,CA,38.3793,-120.4627
Arbuckle,CA,39.0138,-122.0274
Colusa,CA,39.2345,-122.0277
Grimes,CA,39.0744,-121.8927
Maxwell,CA,39.3163,-122.1849
Princeton,CA,39.4168,-122.0519
Stonyford,CA,39.3176,-122.5393
Williams,CA,39.1337,-122.2162
Discovery Bay,CA,37.8989,-121.6054
Danville,CA,37.82305,-121.94135
Alamo,CA,37.8537,-122.0229
Antioch,CA,37.97985,-121.79235
Bethel Island,CA,38.0266,-121.6425
Brentwood,CA,37.9324,-121.6894
Byron,CA,37.8254,-121.6236
Canyon,CA,37.8339,-122.165
Clayton,CA,37.9154,-121.91
Concord,CA,37.970225,-122.012563
Pleasant Hill,CA,37.954,-122.0737
Crockett,CA,38.0519,-122.2177
Diablo,CA,37.8387,-121.9667
El Cerrito,CA,37.9156,-122.2985
Hercules,CA,38.0066,-122.2637
Knightsen,CA,37.9726,-121.6652
Lafayette,CA,37.8961,-122.1119
Martinez,CA,37.9864,-122.135
Moraga,CA,37.799367,-122.011667
Oakley,CA,37.994,-121.7036
Orinda,CA,37.8787,-122.1728
Pinole,CA,37.9969,-122.2875
Pittsburg,CA,38.0031,-121.9172
Port Costa,CA,38.046,-122.1866
Rodeo,CA,38.0307,-122.2581
San Ramon,CA,37.7599,-121.93385
Walnut Creek,CA,37.90455,-122.0557
Richmond,CA,37.935914,-122.3444
El Sobrante,CA,37.9732,-122.29265
San Pablo,CA,37.9724,-122.3369
Crescent City,CA,41.7689,-124.16685
Fort Dick,CA,41.8679,-124.149
Gasquet,CA,41.9056,-123.831
Klamath,CA,41.5804,-124.0387
Smith River,CA,41.9404,-124.1587
Coloma,CA,38.8,-120.8891
Cool,CA,38.8923,-120.9802
Diamond Springs,CA,38.6865,-120.8145
El Dorado,CA,38.633,-120.8498
Garden Valley,CA,38.8665,-120.8567
Georgetown,CA,38.9185,-120.7599
Greenwood,CA,38.9143,-120.9001
Grizzly Flats,CA,38.6489,-120.5098
Lotus,CA,38.8278,-120.9238
Mount Aukum,CA,38.55,-120.7304
Pilot Hill,CA,38.8135,-121.0308
Placerville,CA,38.7195,-120.8046
Rescue,CA,38.7194,-120.9945
Shingle Springs,CA,38.6465,-120.9641
Somerset,CA,38.5953,-120.5949
Camino,CA,38.747,-120.6743
Kyburz,CA,38.7825,-120.2569
Echo Lake,CA,38.8338,-120.0416
Pollock Pines,CA,38.7708,-120.5427
Twin Bridges,CA,38.8092,-120.1242
El Dorado Hills,CA,38.685,-121.068
Tahoma,CA,39.0644,-120.1357
South Lake Tahoe,CA,38.904488,-119.998125
Coalinga,CA,36.1624,-120.3489
Huron,CA,36.2371,-120.102
Laton,CA,36.4378,-119.7156
Auberry,CA,37.0726,-119.4572
Big Creek,CA,37.2032,-119.2492
Biola,CA,36.8032,-120.0185
Burrel,CA,36.5898,-119.8994
Cantua Creek,CA,36.4921,-120.3353
Caruthers,CA,36.5358,-119.8446
Clovis,CA,36.82715,-119.686375
Del Rey,CA,36.6543,-119.5929
Dunlap,CA,36.7446,-119.0899
Firebaugh,CA,36.8651,-120.47
Five Points,CA,36.3386,-120.1118
Fowler,CA,36.6282,-119.671
Friant,CA,37.0422,-119.6807
Helm,CA,36.5316,-120.0982
Hume,CA,36.7515,-118.9575
Kerman,CA,36.7306,-120.0724
Kingsburg,CA,36.508,-119.5433
Lakeshore,CA,37.253,-119.1748
Mendota,CA,36.7424,-120.4093
Miramonte,CA,36.6894,-119.0477
Mono Hot Springs,CA,37.3266,-119.0176
Orange Cove,CA,36.6255,-119.3204
Parlier,CA,36.6103,-119.5375
Piedra,CA,36.8417,-119.3496
Fresno,CA,36.755714,-119.693009
Prather,CA,36.9938,-119.5268
Raisin City,CA,36.6024,-119.904
Reedley,CA,36.6044,-119.4378
Riverdale,CA,36.4295,-119.872
Sanger,CA,36.7243,-119.5478
San Joaquin,CA,36.6059,-120.1889
Selma,CA,36.5695,-119.617
Shaver Lake,CA,37.1397,-119.273
Tollhouse,CA,36.9943,-119.3914
Tranquillity,CA,36.6584,-120.2617
Yokuts,CA,36.7071,-119.1814
Artois,CA,39.6197,-122.1927
Butte City,CA,39.4568,-121.9515
Elk Creek,CA,39.5306,-122.6124
Glenn,CA,39.6069,-122.0384
Hamilton City,CA,39.7386,-122.0085
Orland,CA,39.7314,-122.2534
Willows,CA,39.5353,-122.2597
Eureka,CA,40.783167,-124.163433
Alderpoint,CA,40.1676,-123.6192
Blocksburg,CA,40.2987,-123.6576
Arcata,CA,40.87135,-124.08105
Mckinleyville,CA,40.9465,-124.0834
Bayside,CA,40.8266,-124.0552
Blue Lake,CA,40.9374,-123.8913
Bridgeville,CA,40.4693,-123.7998
Carlotta,CA,40.507,-123.9743
Cutten,CA,40.7965,-124.1737
Ferndale,CA,40.5259,-124.2514
Fields Landing,CA,40.7268,-124.2174
Fortuna,CA,40.5835,-124.1473
Garberville,CA,40.0864,-123.7991
Honeydew,CA,40.2421,-124.0972
Hoopa,CA,41.0504,-123.6742
Hydesville,CA,40.5485,-124.0847
Kneeland,CA,40.6405,-123.8826
Korbel,CA,40.7775,-123.8486
Loleta,CA,40.6589,-124.2251
Miranda,CA,40.2397,-123.8077
Myers Flat,CA,40.2841,-123.7945
Orick,CA,41.3596,-124.0317
Orleans,CA,41.3115,-123.5399
Petrolia,CA,40.2868,-124.2271
Phillipsville,CA,40.2008,-123.7735
Redway,CA,40.1201,-123.8234
Rio Dell,CA,40.4987,-124.1102
Samoa,CA,40.8037,-124.1936
Scotia,CA,40.4583,-124.0517
Redcrest,CA,40.3437,-123.9095
Trinidad,CA,41.0593,-124.1431
Weott,CA,40.3218,-123.9217
Willow Creek,CA,40.9484,-123.6276
Whitethorn,CA,40.0231,-124.0139
Bard,CA,32.7822,-114.5619
Brawley,CA,32.9792,-115.5296
Calexico,CA,32.68105,-115.50085
Calipatria,CA,33.167,-115.5114
El Centro,CA,32.79205,-115.6296
Heber,CA,32.7218,-115.4383
Holtville,CA,32.8104,-115.3775
Imperial,CA,32.847,-115.573
Niland,CA,33.3784,-115.6965
Ocotillo,CA,32.7387,-115.9942
Palo Verde,CA,33.3696,-114.7355
Seeley,CA,32.7941,-115.6948
Salton City,CA,33.3092,-115.9578
Westmorland,CA,33.038,-115.5914
Winterhaven,CA,32.9818,-114.6854
Fontana,CA,34.08618,-117.45194
Death Valley,CA,36.4672,-116.8937
Shoshone,CA,35.973,-116.2711
Tecopa,CA,35.9021,-116.1544
Big Pine,CA,37.1679,-118.2916
Bishop,CA,37.43245,-118.39995
Darwin,CA,36.2948,-117.5957
Independence,CA,36.8396,-118.2048
Keeler,CA,36.4886,-117.8741
Little Lake,CA,35.9366,-117.9067
Lone Pine,CA,36.5798,-118.0578
Olancha,CA,36.23,-117.9552
Arvin,CA,35.1966,-118.8336
Bodfish,CA,35.587,-118.4847
Buttonwillow,CA,35.4033,-119.4659
Delano,CA,35.77015,-119.2465
Edison,CA,35.3475,-118.8718
Pine Mountain Club,CA,34.8469,-119.1568
Fellows,CA,35.1786,-119.5412
Frazier Park,CA,34.8265,-119.0355
Glennville,CA,35.7377,-118.7169
Kernville,CA,35.755,-118.4047
Lake Isabella,CA,35.669,-118.457
Lamont,CA,35.2571,-118.9124
Lebec,CA,34.8818,-118.8566
Lost Hills,CA,35.6163,-119.6943
Mc Farland,CA,35.6758,-119.2272
Mc Kittrick,CA,35.3031,-119.6366
Maricopa,CA,35.0589,-119.401
Onyx,CA,35.6824,-118.0959
Shafter,CA,35.497,-119.2801
Taft,CA,35.1482,-119.4557
Tupman,CA,35.2992,-119.3584
Wasco,CA,35.648,-119.4487
Weldon,CA,35.6391,-118.2859
Wofford Heights,CA,35.7246,-118.4559
Woody,CA,35.7068,-118.8439
Bakersfield,CA,35.334818,-118.985686
Mojave,CA,35.05015,-118.17375
California City,CA,35.15745,-117.92525
Boron,CA,35.00155,-117.65635
Caliente,CA,35.3701,-118.4612
Cantil,CA,35.3089,-117.9684
Edwards,CA,34.92905,-117.9211
Inyokern,CA,35.6397,-117.857
Johannesburg,CA,35.3708,-117.6427
Keene,CA,35.2375,-118.6076
Randsburg,CA,35.3866,-117.7159
Ridgecrest,CA,35.6225,-117.6709
Rosamond,CA,34.8664,-118.3409
Tehachapi,CA,35.1322,-118.449
Armona,CA,36.3095,-119.7053
Avenal,CA,35.9877,-120.1227
Corcoran,CA,36.0865,-119.5607
Hanford,CA,36.32945,-119.6474
Kettleman City,CA,36.0083,-119.9618
Lemoore,CA,36.20355,-119.856
Stratford,CA,36.179,-119.8236
Clearlake,CA,38.9576,-122.636
Clearlake Oaks,CA,39.0664,-122.6558
Clearlake Park,CA,38.9666,-122.65
Cobb,CA,38.8155,-122.7132
Finley,CA,39.0043,-122.8755
Glenhaven,CA,39.0263,-122.733
Kelseyville,CA,38.9421,-122.7777
Lakeport,CA,39.047,-122.9328
Lower Lake,CA,38.8915,-122.5914
Lucerne,CA,39.0783,-122.7846
Middletown,CA,38.7824,-122.6487
Nice,CA,39.1194,-122.8315
Hidden Valley Lake,CA,38.8036,-122.5407
Upper Lake,CA,39.1804,-122.9144
Witter Springs,CA,39.1821,-122.9711
Bieber,CA,41.1315,-121.1286
Nubieber,CA,41.0957,-121.183
Doyle,CA,40.0008,-120.1077
Herlong,CA,40.1485,-120.1713
Janesville,CA,40.2963,-120.5098
Litchfield,CA,40.4073,-120.4092
Madeline,CA,40.9766,-120.5548
Milford,CA,40.1828,-120.3895
Ravendale,CA,40.7985,-120.3652
Susanville,CA,40.4073,-120.6497
Standish,CA,40.3509,-120.4068
Termo,CA,40.9509,-120.613
Wendel,CA,40.3406,-120.2824
Westwood,CA,40.3038,-121.0226
Los Angeles,CA,34.033722,-118.281347
West Hollywood,CA,34.0906,-118.3788
Dodgertown,CA,34.0725,-118.2418
Playa Vista,CA,33.9728,-118.4276
Bell Gardens,CA,33.9653,-118.1515
Bell,CA,33.9775,-118.187
Beverly Hills,CA,34.07288,-118.39796
Compton,CA,33.86934,-118.2423
Culver City,CA,34.013475,-118.39735
Downey,CA,33.940375,-118.130025
El Segundo,CA,33.9243,-118.4119
Gardena,CA,33.889633,-118.299833
Hawthorne,CA,33.91535,-118.35095
Hermosa Beach,CA,33.8643,-118.3955
Huntington Park,CA,33.9769,-118.2161
Lawndale,CA,33.88755,-118.3518
Lynwood,CA,33.9241,-118.2013
Malibu,CA,34.016733,-118.7851
Manhattan Beach,CA,33.8381,-118.34915
Maywood,CA,33.989,-118.1877
Pacific Palisades,CA,34.0481,-118.5265
Palos Verdes Peninsula,CA,33.7669,-118.3806
Rancho Palos Verdes,CA,33.7515,-118.367
Redondo Beach,CA,33.8507,-118.37735
South Gate,CA,33.9462,-118.2013
Topanga,CA,34.1076,-118.6023
Venice,CA,33.9923,-118.4618
Marina Del Rey,CA,33.88225,-118.3756
Playa Del Rey,CA,33.87215,-118.368
Inglewood,CA,33.914167,-118.336292
Santa Monica,CA,34.021364,-118.488936
Torrance,CA,33.81095,-118.31317
Whittier,CA,33.96793,-118.03082
La Mirada,CA,33.9099,-118.013433
Montebello,CA,34.0133,-118.113
Norwalk,CA,33.903333,-118.081733
Pico Rivera,CA,33.984933,-118.0939
Santa Fe Springs,CA,33.9468,-118.08455
Artesia,CA,33.8656,-118.0781
Cerritos,CA,33.8669,-118.0686
Avalon,CA,33.332,-118.3437
Bellflower,CA,33.8842,-118.12175
Harbor City,CA,33.797,-118.2991
Lakewood,CA,33.83536,-118.1533
Hawaiian Gardens,CA,33.8296,-118.073
Lomita,CA,33.7938,-118.3172
Paramount,CA,33.8969,-118.1632
San Pedro,CA,33.762275,-118.300225
Wilmington,CA,33.78275,-118.26355
Carson,CA,33.83486,-118.2593
Signal Hill,CA,33.8029,-118.1677
Long Beach,CA,33.788248,-118.195256
Altadena,CA,34.19045,-118.1352
Arcadia,CA,34.134025,-118.037125
Duarte,CA,34.143067,-117.966133
La Canada Flintridge,CA,34.21045,-118.1965
Monrovia,CA,34.14605,-118.0002
Montrose,CA,34.2089,-118.22735
Mount Wilson,CA,34.2264,-118.0662
Sierra Madre,CA,34.1634,-118.05235
South Pasadena,CA,34.1135,-118.1525
Sunland,CA,34.26435,-118.3197
Tujunga,CA,34.2533,-118.28665
Verdugo City,CA,34.2114,-118.2395
Pasadena,CA,34.148788,-118.14176
San Marino,CA,34.12105,-118.1091
Glendale,CA,34.152271,-118.2546
La Crescenta,CA,34.2279,-118.2429
Agoura Hills,CA,34.12955,-118.7659
Calabasas,CA,34.14985,-118.65125
Canoga Park,CA,34.2053,-118.6014
Winnetka,CA,34.21125,-118.57345
West Hills,CA,34.1968,-118.64145
Castaic,CA,34.4858,-118.62415
Chatsworth,CA,34.25775,-118.5963
Encino,CA,34.158725,-118.502025
Newhall,CA,34.3821,-118.52695
Northridge,CA,34.230867,-118.535433
Porter Ranch,CA,34.2619,-118.582
Pacoima,CA,34.2602,-118.424933
Reseda,CA,34.2009,-118.5378
San Fernando,CA,34.2847,-118.4371
Sylmar,CA,34.3066,-118.4407
North Hills,CA,34.2365,-118.48025
Granada Hills,CA,34.2709,-118.51115
Mission Hills,CA,34.258767,-118.464233
Santa Clarita,CA,34.41542,-118.53092
Canyon Country,CA,34.4209,-118.449
Sun Valley,CA,34.2192,-118.37015
Valencia,CA,34.429567,-118.5668
Tarzana,CA,34.1702,-118.5477
Woodland Hills,CA,34.16725,-118.606925
Stevenson Ranch,CA,34.3775,-118.6131
Van Nuys,CA,34.187638,-118.451015
Panorama City,CA,34.22545,-118.4484
Sherman Oaks,CA,34.15155,-118.447725
Burbank,CA,34.180608,-118.313269
North Hollywood,CA,34.174364,-118.379745
Studio City,CA,34.1458,-118.3939
Valley Village,CA,34.16605,-118.3977
Universal City,CA,34.1383,-118.3528
Toluca Lake,CA,33.7866,-118.2987
Azusa,CA,34.1248,-117.9031
Baldwin Park,CA,34.0964,-117.9682
Claremont,CA,34.1092,-117.7183
City Of Industry,CA,34.0197,-117.9587
Covina,CA,34.092333,-117.882267
El Monte,CA,34.0717,-118.0268
South El Monte,CA,34.0557,-118.0444
Glendora,CA,34.1412,-117.84945
La Puente,CA,34.0283,-117.955625
Hacienda Heights,CA,33.9977,-117.9652
Rowland Heights,CA,33.9818,-117.8969
La Verne,CA,34.1159,-117.7708
Monterey Park,CA,34.054633,-118.121633
Mount Baldy,CA,34.2361,-117.6601
Diamond Bar,CA,34.0066,-117.8098
Pomona,CA,34.061125,-117.755425
Rosemead,CA,34.075667,-118.076967
San Dimas,CA,34.1023,-117.8169
San Gabriel,CA,34.1002,-118.095667
Temple City,CA,34.1016,-118.0537
Walnut,CA,34.0193,-117.85995
West Covina,CA,34.056025,-117.917725
Alhambra,CA,34.091183,-118.130117
Acton,CA,34.4835,-118.1959
Lake Hughes,CA,34.6847,-118.5442
Lancaster,CA,34.707517,-118.134367
Littlerock,CA,34.4891,-117.9708
Llano,CA,34.493,-117.7543
Palmdale,CA,34.557867,-118.065183
Pearblossom,CA,34.4225,-117.9055
Valyermo,CA,34.3966,-117.7604
Ahwahnee,CA,37.4076,-119.7233
Bass Lake,CA,37.3244,-119.5568
Chowchilla,CA,37.1014,-120.2691
Coarsegold,CA,37.2214,-119.7455
Madera,CA,36.97365,-120.0142
North Fork,CA,37.2125,-119.5143
Oakhurst,CA,37.3476,-119.6449
O Neals,CA,37.1639,-119.6652
Raymond,CA,37.279,-119.8766
Wishon,CA,37.281,-119.557
San Rafael,CA,38.00478,-122.54352
Greenbrae,CA,37.9479,-122.5363
Kentfield,CA,37.9521,-122.5572
Belvedere Tiburon,CA,37.8843,-122.4637
Bolinas,CA,37.9079,-122.6947
Corte Madera,CA,37.9239,-122.52035
Dillon Beach,CA,38.2508,-122.9653
Fairfax,CA,37.9877,-122.5913
Forest Knolls,CA,38.0122,-122.6907
Inverness,CA,38.1126,-122.8877
Lagunitas,CA,38.0139,-122.7016
Larkspur,CA,37.9354,-122.53575
Marshall,CA,38.1762,-122.89
Mill Valley,CA,37.9009,-122.53945
Novato,CA,38.10832,-122.56752
Nicasio,CA,38.0546,-122.6964
Olema,CA,38.0467,-122.7699
Point Reyes Station,CA,38.0691,-122.8069
Ross,CA,37.9624,-122.555
San Anselmo,CA,37.9796,-122.56635
San Geronimo,CA,38.0133,-122.6639
San Quentin,CA,37.94145,-122.4847
Sausalito,CA,37.8596,-122.48995
Stinson Beach,CA,37.902,-122.6393
Tomales,CA,38.2427,-122.9145
Woodacre,CA,38.0069,-122.6382
Fish Camp,CA,37.4785,-119.6404
Catheys Valley,CA,37.4404,-120.1438
Coulterville,CA,37.7197,-120.1197
El Portal,CA,37.6747,-119.7841
Hornitos,CA,37.4676,-120.2793
Mariposa,CA,37.4931,-119.9219
Midpines,CA,37.5757,-119.9601
Yosemite National Park,CA,37.7314,-119.6489
Albion,CA,39.2131,-123.72
Boonville,CA,39.0197,-123.3856
Branscomb,CA,39.6949,-123.5527
Calpella,CA,39.2214,-123.2154
Caspar,CA,39.3629,-123.7944
Comptche,CA,39.2767,-123.5873
Covelo,CA,39.82,-123.0585
Dos Rios,CA,39.7168,-123.3533
Elk,CA,39.1593,-123.7219
Fort Bragg,CA,39.4402,-123.7703
Gualala,CA,38.8251,-123.5399
Hopland,CA,38.938,-123.0703
Laytonville,CA,39.6627,-123.4929
Little River,CA,39.2707,-123.7883
Manchester,CA,39.0097,-123.6523
Mendocino,CA,39.3173,-123.7739
Navarro,CA,39.185,-123.5268
Philo,CA,39.0657,-123.445
Point Arena,CA,38.9152,-123.6
Potter Valley,CA,39.3932,-123.0647
Redwood Valley,CA,39.2779,-123.2243
Talmage,CA,39.1269,-123.1658
Ukiah,CA,39.1552,-123.1951
Westport,CA,39.6843,-123.7686
Willits,CA,39.4493,-123.3679
Yorkville,CA,38.9235,-123.2973
Leggett,CA,39.8481,-123.6615
Piercy,CA,39.9465,-123.7552
Dos Palos,CA,37.0025,-120.6333
Los Banos,CA,37.0627,-120.8544
Santa Rita Park,CA,37.1869,-120.6504
South Dos Palos,CA,36.9644,-120.6532
Atwater,CA,37.3489,-120.6028
Ballico,CA,37.4548,-120.6931
Cressey,CA,37.4197,-120.6663
Delhi,CA,37.4273,-120.7752
El Nido,CA,37.1391,-120.5251
Gustine,CA,37.2001,-121.0047
Hilmar,CA,37.4002,-120.8723
Le Grand,CA,37.2496,-120.2667
Livingston,CA,37.3763,-120.7252
Merced,CA,37.29514,-120.48946
Planada,CA,37.2908,-120.3185
Snelling,CA,37.5354,-120.378
Stevinson,CA,37.3283,-120.8764
Winton,CA,37.4014,-120.6045
Adin,CA,41.2175,-120.9432
Canby,CA,41.4664,-120.9218
Lookout,CA,41.2347,-121.2156
Alturas,CA,41.4767,-120.5456
Cedarville,CA,41.4759,-120.1516
Davis Creek,CA,41.7336,-120.3741
Eagleville,CA,41.3163,-120.1158
Fort Bidwell,CA,41.8644,-120.162
Lake City,CA,41.6682,-120.1814
Likely,CA,41.2329,-120.5079
Benton,CA,37.8926,-118.5647
Bridgeport,CA,38.2566,-119.208
June Lake,CA,37.7773,-119.0825
Lee Vining,CA,37.989,-119.1234
Mammoth Lakes,CA,37.6094,-118.8656
Coleville,CA,38.5029,-119.4828
Topaz,CA,38.6415,-119.5122
Bradley,CA,35.8093,-120.9728
San Ardo,CA,35.9857,-120.8612
Salinas,CA,36.6812,-121.653837
Big Sur,CA,36.2458,-121.7009
Carmel By The Sea,CA,36.5552,-121.9233
Carmel,CA,36.5445,-121.9106
Carmel Valley,CA,36.4787,-121.7244
Chualar,CA,36.595,-121.432
Gonzales,CA,36.49,-121.4103
Greenfield,CA,36.3202,-121.2451
Jolon,CA,35.9708,-121.176
King City,CA,36.2028,-121.1273
Lockwood,CA,35.95,-121.0626
Marina,CA,36.6849,-121.7934
Monterey,CA,36.5959,-121.8805
Pacific Grove,CA,36.6167,-121.922
Pebble Beach,CA,36.5907,-121.942
San Lucas,CA,36.1289,-121.0205
Seaside,CA,36.6217,-121.7935
Soledad,CA,36.4196,-121.3243
Spreckels,CA,36.6261,-121.6555
Aromas,CA,36.8769,-121.6324
Castroville,CA,36.7658,-121.758
Moss Landing,CA,36.8175,-121.7773
American Canyon,CA,38.1668,-122.2553
Angwin,CA,38.5769,-122.4477
Calistoga,CA,38.5823,-122.5814
Napa,CA,38.347467,-122.275333
Oakville,CA,38.4379,-122.3991
Pope Valley,CA,38.6152,-122.4278
Rutherford,CA,38.4585,-122.4225
Saint Helena,CA,38.5138,-122.4619
Deer Park,CA,38.5494,-122.4764
Yountville,CA,38.4016,-122.3608
Chicago Park,CA,39.143,-120.9666
Norden,CA,39.318,-120.356
Soda Springs,CA,39.317,-120.4259
Cedar Ridge,CA,39.1988,-121.02
Grass Valley,CA,39.1637,-121.05035
Penn Valley,CA,39.2019,-121.2026
Nevada City,CA,39.3017,-120.9717
North San Juan,CA,39.3765,-121.0891
Rough And Ready,CA,39.2286,-121.1509
Smartsville,CA,39.2076,-121.3001
Washington,CA,39.3569,-120.8
Floriston,CA,39.3928,-120.0212
Truckee,CA,39.3315,-120.179833
Buena Park,CA,33.856425,-118.000925
La Palma,CA,33.8491,-118.0398
Cypress,CA,33.8181,-118.0357
La Habra,CA,33.9273,-117.949733
Stanton,CA,33.7991,-117.9956
Los Alamitos,CA,33.79895,-118.0669
Seal Beach,CA,33.7602,-118.0808
Sunset Beach,CA,33.7164,-118.069
Surfside,CA,33.7264,-118.0833
Irvine,CA,33.677769,-117.797038
Huntington Beach,CA,33.692233,-118.00085
Laguna Niguel,CA,33.5207,-117.71005
El Toro,CA,33.624,-117.6908
Foothill Ranch,CA,33.6748,-117.6649
Capistrano Beach,CA,33.46,-117.6632
Corona Del Mar,CA,33.6021,-117.8743
Costa Mesa,CA,33.656167,-117.9133
Dana Point,CA,33.4743,-117.6964
Lake Forest,CA,33.6437,-117.6868
Laguna Woods,CA,33.6103,-117.7253
East Irvine,CA,33.6795,-117.7609
Laguna Beach,CA,33.54295,-117.7814
Laguna Hills,CA,33.5979,-117.70695
Midway City,CA,33.7446,-117.984
Aliso Viejo,CA,33.61935,-117.7736
Newport Coast,CA,33.5943,-117.8334
Newport Beach,CA,33.620933,-117.89705
San Clemente,CA,33.446167,-117.627233
San Juan Capistrano,CA,33.5031,-117.6608
Silverado,CA,33.7451,-117.6153
Trabuco Canyon,CA,33.6634,-117.58995
Westminster,CA,33.755967,-117.998733
Rancho Santa Margarita,CA,33.6512,-117.5938
Mission Viejo,CA,33.612967,-117.6495
Ladera Ranch,CA,33.5472,-117.6238
Santa Ana,CA,33.740918,-117.866627
Fountain Valley,CA,33.7121,-117.93935
Tustin,CA,33.735967,-117.8093
Anaheim,CA,33.835918,-117.897718
Atwood,CA,33.8674,-117.831
Brea,CA,33.9236,-117.857233
Fullerton,CA,33.880813,-117.921925
Garden Grove,CA,33.778114,-117.973071
Orange,CA,33.803536,-117.8241
Villa Park,CA,33.8205,-117.8104
Placentia,CA,33.87865,-117.855
Yorba Linda,CA,33.893667,-117.7797
Auburn,CA,38.932433,-121.080467
Foresthill,CA,39.0682,-120.7224
Lincoln,CA,38.8942,-121.2908
Loomis,CA,38.8071,-121.1698
Newcastle,CA,38.8763,-121.143
Roseville,CA,38.755267,-121.285967
Penryn,CA,38.8567,-121.1791
Rocklin,CA,38.80065,-121.25215
Sheridan,CA,38.9953,-121.368
Alta,CA,39.2441,-120.7531
Applegate,CA,39.0007,-120.9924
Colfax,CA,39.0783,-120.9549
Dutch Flat,CA,39.1978,-120.8262
Emigrant Gap,CA,39.2968,-120.6727
Gold Run,CA,39.171,-120.8601
Meadow Vista,CA,39.0031,-121.0292
Weimar,CA,39.0375,-120.9713
Granite Bay,CA,38.7435,-121.1897
Carnelian Bay,CA,39.2319,-120.0753
Homewood,CA,39.0786,-120.1734
Kings Beach,CA,39.2401,-120.0233
Tahoe City,CA,39.1806,-120.1445
Olympic Valley,CA,39.1752,-120.1954
Tahoe Vista,CA,39.2448,-120.0521
Belden,CA,40.006,-121.2491
Canyon Dam,CA,39.5645,-121.5751
Crescent Mills,CA,40.0673,-120.9248
Greenville,CA,40.1699,-120.9014
Meadow Valley,CA,39.9296,-121.0608
Quincy,CA,39.9284,-120.9698
Storrie,CA,39.9175,-121.3222
Taylorsville,CA,40.0357,-120.7353
Twain,CA,40.0509,-121.1268
Chester,CA,40.2975,-121.2273
Blairsden Graeagle,CA,40.1919,-120.1746
Chilcoot,CA,39.7977,-120.1396
Clio,CA,39.7546,-120.5951
Portola,CA,39.8105,-120.4691
Beckwourth,CA,39.7721,-120.4051
Vinton,CA,39.8043,-120.1783
Mira Loma,CA,33.9938,-117.5236
Indio,CA,33.742267,-116.18
Indian Wells,CA,33.7163,-116.3381
Palm Desert,CA,33.71745,-116.3755
Banning,CA,33.9282,-116.8899
Beaumont,CA,33.9504,-116.9701
Blythe,CA,33.6045,-114.6244
Cabazon,CA,33.9086,-116.7739
Cathedral City,CA,33.79475,-116.4659
Coachella,CA,33.675,-116.1772
Desert Center,CA,33.809,-115.3666
Desert Hot Springs,CA,33.9147,-116.43795
La Quinta,CA,33.6719,-116.299433
Mecca,CA,33.545,-116.0187
North Palm Springs,CA,33.9228,-116.5431
Palm Springs,CA,33.801433,-116.5292
Rancho Mirage,CA,33.7643,-116.4225
Thermal,CA,33.5578,-116.1572
Thousand Palms,CA,33.8082,-116.3713
Whitewater,CA,33.989,-116.6566
Calimesa,CA,33.9946,-117.043
Riverside,CA,33.950694,-117.397447
March Air Reserve Base,CA,33.9533,-117.3962
Lake Elsinore,CA,33.673533,-117.326267
Aguanga,CA,33.4473,-116.7997
Anza,CA,33.5688,-116.7135
Hemet,CA,33.742025,-116.971375
Homeland,CA,33.7453,-117.1118
Idyllwild,CA,33.7304,-116.7107
Moreno Valley,CA,33.928943,-117.226257
Mountain Center,CA,33.7042,-116.7259
Murrieta,CA,33.562,-117.222
Nuevo,CA,33.8123,-117.1048
Perris,CA,33.7903,-117.24795
San Jacinto,CA,33.789633,-116.957633
Menifee,CA,33.6647,-117.1743
Sun City,CA,33.72555,-117.1845
Quail Valley,CA,33.707,-117.245
Temecula,CA,33.4995,-117.14072
Wildomar,CA,33.6021,-117.264
Winchester,CA,33.6243,-117.0885
Norco,CA,33.9247,-117.5517
Corona,CA,33.853029,-117.5537
Sacramento,CA,38.580832,-121.474395
Carmichael,CA,38.62705,-121.32795
Citrus Heights,CA,38.699,-121.285567
Courtland,CA,38.3137,-121.563
Elk Grove,CA,38.41565,-121.400375
Elverta,CA,38.7233,-121.4497
Fair Oaks,CA,38.6554,-121.2611
Folsom,CA,38.67445,-121.16395
Galt,CA,38.2691,-121.3
Herald,CA,38.3119,-121.1729
Hood,CA,38.3702,-121.5143
Isleton,CA,38.157,-121.6066
Mcclellan,CA,38.6621,-121.3955
Mather,CA,38.5579,-121.291
North Highlands,CA,38.6707,-121.3781
Orangevale,CA,38.6845,-121.2256
Rancho Cordova,CA,38.598133,-121.264333
Represa,CA,38.7065,-121.1694
Rio Linda,CA,38.6895,-121.4479
Ryde,CA,38.2386,-121.5594
Sloughhouse,CA,38.5143,-121.0964
Walnut Grove,CA,38.2396,-121.5443
Wilton,CA,38.3983,-121.2303
Antelope,CA,38.7159,-121.3648
Hollister,CA,36.84615,-121.37105
Paicines,CA,36.4985,-120.9744
San Juan Bautista,CA,36.8463,-121.5346
Tres Pinos,CA,36.767,-121.3017
Rancho Cucamonga,CA,34.13364,-117.57712
Chino,CA,33.98325,-117.6624
Chino Hills,CA,33.9797,-117.7308
Guasti,CA,34.065,-117.5864
Ontario,CA,34.0574,-117.640375
Montclair,CA,34.0733,-117.6987
Upland,CA,34.123267,-117.658233
Earp,CA,34.1652,-114.3197
Joshua Tree,CA,34.1502,-116.3038
Morongo Valley,CA,34.0606,-116.5656
Parker Dam,CA,34.2872,-114.143
Pioneertown,CA,34.1887,-116.5048
Twentynine Palms,CA,34.19175,-116.06025
Vidal,CA,34.1561,-114.5656
Yucca Valley,CA,34.1681,-116.39065
Landers,CA,34.3103,-116.5241
Adelanto,CA,34.5841,-117.4242
Amboy,CA,34.5578,-115.7444
Angelus Oaks,CA,34.1531,-116.9485
Apple Valley,CA,34.49945,-117.20295
Baker,CA,35.3606,-116.0638
Fort Irwin,CA,35.2625,-116.6966
Barstow,CA,34.895,-117.03075
Grand Terrace,CA,34.031,-117.3129
Big Bear City,CA,34.261,-116.8131
Big Bear Lake,CA,34.235,-116.9053
Bloomington,CA,34.0662,-117.3993
Blue Jay,CA,34.2112,-117.0796
Bryn Mawr,CA,34.0483,-117.2309
Cedar Glen,CA,34.2545,-117.1533
Cedarpines Park,CA,34.2544,-117.3265
Cima,CA,35.2378,-115.4992
Colton,CA,34.0315,-117.2874
Crestline,CA,34.2433,-117.2811
Daggett,CA,34.8668,-116.8876
Phelan,CA,34.4355,-117.54595
Essex,CA,34.5881,-115.5771
Fawnskin,CA,34.2583,-116.9515
Ludlow,CA,34.7211,-116.16
Forest Falls,CA,34.0937,-116.9362
Hesperia,CA,34.424167,-117.336967
Green Valley Lake,CA,34.2348,-117.066
Helendale,CA,34.7499,-117.3367
Highland,CA,34.1283,-117.2087
Hinkley,CA,34.9279,-117.1809
Loma Linda,CA,34.0498,-117.2579
Lake Arrowhead,CA,34.2606,-117.2016
Lucerne Valley,CA,34.447,-116.9189
Lytle Creek,CA,34.2558,-117.5186
Mentone,CA,34.0774,-117.1126
Needles,CA,34.7824,-114.5871
Nipton,CA,35.4667,-115.2722
Newberry Springs,CA,34.885,-116.7464
Mountain Pass,CA,35.4703,-115.545
Oro Grande,CA,34.6178,-117.3327
Patton,CA,34.1358,-117.2239
Pinon Hills,CA,34.4429,-117.6403
Redlands,CA,34.053433,-117.1767
Rialto,CA,34.13465,-117.39065
Rimforest,CA,34.2297,-117.225
Running Springs,CA,34.2102,-117.1109
Skyforest,CA,34.2353,-117.1792
Sugarloaf,CA,34.2372,-116.8277
Twin Peaks,CA,34.2379,-117.2348
Victorville,CA,34.51855,-117.33665
Wrightwood,CA,34.3628,-117.6249
Yermo,CA,34.905,-116.8203
Yucaipa,CA,34.0282,-117.0489
San Bernardino,CA,34.119473,-117.296447
Red Mountain,CA,35.3479,-117.6214
Trona,CA,35.7554,-117.3768
Alpine,CA,32.83165,-116.76035
Bonita,CA,32.66245,-117.02605
Boulevard,CA,32.6719,-116.32
Campo,CA,32.6605,-116.4905
Chula Vista,CA,32.638413,-117.033487
Descanso,CA,32.873,-116.6027
Dulzura,CA,32.6152,-116.7285
Guatay,CA,32.8497,-116.5583
Imperial Beach,CA,32.5811,-117.11395
Jacumba,CA,32.6249,-116.1952
Jamul,CA,32.7163,-116.8323
La Mesa,CA,32.769875,-117.01915
Lemon Grove,CA,32.7379,-117.032
Mount Laguna,CA,32.8676,-116.4206
National City,CA,32.6765,-117.09445
Pine Valley,CA,32.835,-116.5127
Potrero,CA,32.6205,-116.6037
Spring Valley,CA,32.736625,-116.98875
Tecate,CA,32.5831,-116.62335
Bonsall,CA,33.294,-117.1897
Borrego Springs,CA,33.2386,-116.3514
Cardiff By The Sea,CA,33.023,-117.2745
Carlsbad,CA,33.140483,-117.313883
Del Mar,CA,32.9665,-117.249
El Cajon,CA,32.795775,-116.9426
Encinitas,CA,33.04475,-117.28045
Escondido,CA,33.122357,-117.084543
Fallbrook,CA,33.3727,-117.24005
Julian,CA,33.0534,-116.5658
La Jolla,CA,32.84694,-117.26978
Lakeside,CA,32.8562,-116.9201
Oceanside,CA,33.204043,-117.351557
Camp Pendleton,CA,33.2433,-117.3768
Pala,CA,33.3777,-117.0717
Palomar Mountain,CA,33.3228,-116.8786
Pauma Valley,CA,33.3063,-116.9596
Poway,CA,32.9692,-117.03805
Ramona,CA,33.0293,-116.8535
Ranchita,CA,33.21,-116.5167
Rancho Santa Fe,CA,32.98365,-117.13095
San Luis Rey,CA,33.232,-117.3236
San Marcos,CA,33.137625,-117.171725
Santa Ysabel,CA,33.1476,-116.6963
Santee,CA,32.8435,-116.98005
Solana Beach,CA,32.9937,-117.2598
Vista,CA,33.193825,-117.238825
Valley Center,CA,33.249,-117.0122
Warner Springs,CA,33.3096,-116.6527
San Diego,CA,32.755088,-117.147326
Coronado,CA,32.6833,-117.17645
San Ysidro,CA,32.90895,-116.8047
San Francisco,CA,37.768665,-122.424406
Stockton,CA,37.97446,-121.30124
Acampo,CA,38.2004,-121.2186
Clements,CA,38.1929,-121.0811
Farmington,CA,37.9299,-121.0002
French Camp,CA,37.878,-121.2827
Holt,CA,37.9344,-121.4261
Linden,CA,38.032,-121.0493
Lockeford,CA,38.1613,-121.1424
Lodi,CA,38.128567,-121.287467
Victor,CA,38.138,-121.205
Woodbridge,CA,38.1551,-121.3086
Tracy,CA,37.7145,-121.46246
Escalon,CA,37.7983,-121.0006
Lathrop,CA,37.8209,-121.2827
Manteca,CA,37.7971,-121.2238
Ripon,CA,37.7491,-121.1284
Vernalis,CA,37.6176,-121.2581
Thornton,CA,38.2261,-121.4236
San Luis Obispo,CA,35.281625,-120.632837
Los Osos,CA,35.31415,-120.83285
Arroyo Grande,CA,35.14235,-120.5279
Atascadero,CA,35.4518,-120.71665
Avila Beach,CA,35.18,-120.7318
Cambria,CA,35.5566,-121.084
Cayucos,CA,35.4446,-120.8908
Creston,CA,35.4779,-120.4361
Grover Beach,CA,35.1213,-120.6193
Harmony,CA,35.4919,-120.9763
Morro Bay,CA,35.37265,-120.8473
Nipomo,CA,35.0298,-120.4894
Oceano,CA,35.10115,-120.60955
Paso Robles,CA,35.6984,-120.6969
Pismo Beach,CA,35.1503,-120.64675
San Miguel,CA,35.9004,-120.5929
San Simeon,CA,35.6668,-121.144
Santa Margarita,CA,35.3584,-120.2596
Shandon,CA,35.6513,-120.372
Templeton,CA,35.5551,-120.7107
Belmont,CA,37.5174,-122.2927
Brisbane,CA,37.6811,-122.4001
Burlingame,CA,37.5756,-122.36685
Daly City,CA,37.69445,-122.46015
El Granada,CA,37.5101,-122.4734
Half Moon Bay,CA,37.4791,-122.4459
La Honda,CA,37.2726,-122.2495
Loma Mar,CA,37.2708,-122.2807
Menlo Park,CA,37.41035,-122.2606
Atherton,CA,37.4563,-122.2002
Portola Valley,CA,37.3702,-122.2182
Millbrae,CA,37.6004,-122.402
Montara,CA,37.5428,-122.5052
Moss Beach,CA,37.531,-122.5068
Pacifica,CA,37.6196,-122.4816
Pescadero,CA,37.2065,-122.3649
Redwood City,CA,37.45698,-122.26378
San Bruno,CA,37.6247,-122.429
San Carlos,CA,37.4969,-122.2674
San Gregorio,CA,37.3255,-122.3556
South San Francisco,CA,37.65605,-122.4156
Palo Alto,CA,37.441133,-122.147683
San Mateo,CA,37.55044,-122.30916
Carpinteria,CA,34.40125,-119.5184
Summerland,CA,34.4214,-119.5965
Santa Barbara,CA,34.425618,-119.724029
Goleta,CA,34.391,-119.84125
New Cuyama,CA,34.9967,-119.8238
Buellton,CA,34.6209,-120.1922
Casmalia,CA,34.8458,-120.535
Guadalupe,CA,34.96,-120.5703
Lompoc,CA,34.683567,-120.4752
Los Alamos,CA,34.7457,-120.2049
Los Olivos,CA,34.6678,-120.1149
Santa Maria,CA,34.92852,-120.44528
Santa Ynez,CA,34.624,-120.0713
Solvang,CA,34.6616,-120.1408
Los Altos,CA,37.373767,-122.1087
Mountain View,CA,37.389783,-122.082583
Sunnyvale,CA,37.37646,-122.02266
Stanford,CA,37.4236,-122.1619
Alviso,CA,37.426,-121.9736
Campbell,CA,37.287167,-121.953267
Coyote,CA,37.2123,-121.7416
Cupertino,CA,37.3205,-122.0488
Gilroy,CA,37.0117,-121.5739
San Jose,CA,37.320478,-121.879431
Holy City,CA,37.1584,-121.986
Los Gatos,CA,37.19565,-121.972
Milpitas,CA,37.4296,-121.9005
Morgan Hill,CA,37.1439,-121.66115
New Almaden,CA,37.1771,-121.8207
Redwood Estates,CA,37.1584,-121.986
San Martin,CA,37.0911,-121.5999
Santa Clara,CA,37.362386,-121.961929
Saratoga,CA,37.2653,-122.02645
Mount Hamilton,CA,37.3511,-121.6384
Aptos,CA,36.97935,-121.8941
Ben Lomond,CA,37.0882,-122.0887
Boulder Creek,CA,37.1547,-122.1365
Brookdale,CA,37.1063,-122.105
Capitola,CA,36.9767,-121.9555
Davenport,CA,37.0423,-122.2137
Felton,CA,37.0662,-122.0618
Freedom,CA,36.9356,-121.7767
Mount Hermon,CA,37.0511,-122.0575
Santa Cruz,CA,36.993583,-122.0317
Scotts Valley,CA,37.0554,-122.0144
Soquel,CA,37.0048,-121.9507
Watsonville,CA,36.9109,-121.7572
Redding,CA,40.6302,-122.35958
Anderson,CA,40.4574,-122.3282
Bella Vista,CA,40.7409,-122.0725
Big Bend,CA,40.9749,-121.825
Burney,CA,40.8949,-121.655
Cassel,CA,40.9337,-121.5677
Castella,CA,41.1103,-122.3161
Shasta Lake,CA,40.680467,-122.3768
Cottonwood,CA,40.3691,-122.3375
Fall River Mills,CA,41.0393,-121.4606
French Gulch,CA,40.7035,-122.6229
Hat Creek,CA,40.7677,-121.4637
Igo,CA,40.4318,-122.654
Lakehead,CA,40.9105,-122.4106
Mcarthur,CA,41.0502,-121.3991
Millville,CA,40.5653,-122.1111
Montgomery Creek,CA,40.9124,-121.9233
Oak Run,CA,40.6863,-122.0409
Obrien,CA,40.7352,-122.1944
Old Station,CA,40.6256,-121.4585
Palo Cedro,CA,40.5767,-122.2398
Platina,CA,40.376,-122.937
Round Mountain,CA,40.794,-121.9419
Shasta,CA,40.6109,-122.4968
Shingletown,CA,40.505,-121.8857
Whiskeytown,CA,40.6388,-122.5597
Whitmore,CA,40.6525,-121.8771
Alleghany,CA,39.4826,-120.8483
Downieville,CA,39.569,-120.8344
Goodyears Bar,CA,39.5399,-120.8844
Loyalton,CA,39.663,-120.2297
Calpine,CA,39.6139,-120.4046
Sierra City,CA,39.5936,-120.6269
Sierraville,CA,39.5825,-120.3711
Somes Bar,CA,41.4533,-123.4634
Callahan,CA,41.3833,-122.764
Dorris,CA,41.9194,-121.9739
Dunsmuir,CA,41.2124,-122.2734
Etna,CA,41.4463,-123.01
Forks Of Salmon,CA,41.2191,-123.2363
Fort Jones,CA,41.617,-122.8832
Gazelle,CA,41.5105,-122.5371
Greenview,CA,41.5403,-122.9366
Grenada,CA,41.6125,-122.5258
Happy Camp,CA,41.8018,-123.388
Hornbrook,CA,41.9077,-122.5265
Klamath River,CA,41.8637,-122.8197
Mccloud,CA,41.2475,-122.1128
Macdoel,CA,41.883,-121.9445
Montague,CA,41.7243,-122.4638
Mount Shasta,CA,41.3174,-122.324
Scott Bar,CA,41.7736,-122.9882
Seiad Valley,CA,41.8866,-123.2438
Weed,CA,41.4226,-122.3861
Yreka,CA,41.7206,-122.6376
Tulelake,CA,41.9316,-121.4347
Benicia,CA,38.0685,-122.1614
Birds Landing,CA,38.1504,-121.8443
Fairfield,CA,38.2547,-122.08355
Travis Afb,CA,38.2743,-121.9463
Rio Vista,CA,38.1637,-121.7016
Suisun City,CA,38.2408,-122.042
Vallejo,CA,38.1147,-122.252525
Dixon,CA,38.4403,-121.8088
Elmira,CA,38.3482,-121.91
Vacaville,CA,38.387633,-121.986433
Bodega,CA,38.3514,-122.9741
Bodega Bay,CA,38.3309,-123.0373
Rohnert Park,CA,38.342067,-122.698767
Cotati,CA,38.3259,-122.7048
Penngrove,CA,38.3153,-122.6483
Petaluma,CA,38.242617,-122.643567
Valley Ford,CA,38.318,-122.9242
Santa Rosa,CA,38.44405,-122.710188
Annapolis,CA,38.7026,-123.3539
Boyes Hot Springs,CA,38.3141,-122.4843
Camp Meeker,CA,38.425,-122.9485
Cazadero,CA,38.5918,-123.1965
Cloverdale,CA,38.7931,-123.0074
Duncans Mills,CA,38.4538,-123.055
Eldridge,CA,38.3488,-122.5108
El Verano,CA,38.2993,-122.4867
Forestville,CA,38.4923,-122.9042
Fulton,CA,38.4947,-122.7761
Geyserville,CA,38.7173,-122.8834
Glen Ellen,CA,38.3662,-122.5196
Graton,CA,38.4335,-122.8676
Guerneville,CA,38.5055,-122.9965
Healdsburg,CA,38.6184,-122.862
Jenner,CA,38.4987,-123.1974
Kenwood,CA,38.4168,-122.5547
Monte Rio,CA,38.4706,-123.0172
Occidental,CA,38.4087,-122.9954
Rio Nido,CA,38.521,-122.9769
Sebastopol,CA,38.39815,-122.833
Sonoma,CA,38.2849,-122.4696
Stewarts Point,CA,38.7082,-123.3478
Villa Grande,CA,38.4741,-123.0242
Vineburg,CA,38.2725,-122.4375
Windsor,CA,38.5443,-122.8073
The Sea Ranch,CA,38.7256,-123.4675
Ceres,CA,37.5833,-120.9496
Crows Landing,CA,37.4218,-121.0411
Denair,CA,37.539,-120.7758
Empire,CA,37.6382,-120.9005
Hickman,CA,37.6156,-120.7011
Hughson,CA,37.5964,-120.8627
Keyes,CA,37.5591,-120.9148
La Grange,CA,37.6899,-120.3851
Modesto,CA,37.65599,-120.99198
Newman,CA,37.3097,-121.0805
Oakdale,CA,37.7741,-120.8377
Patterson,CA,37.4826,-121.1648
Riverbank,CA,37.7298,-120.942
Salida,CA,37.7083,-121.0864
Turlock,CA,37.504033,-120.849333
Waterford,CA,37.652,-120.7292
Westley,CA,37.5452,-121.2255
Nicolaus,CA,38.8657,-121.557
Pleasant Grove,CA,38.8115,-121.4982
Rio Oso,CA,38.967,-121.4773
Robbins,CA,38.8702,-121.7052
Live Oak,CA,39.2601,-121.6923
Meridian,CA,39.052,-121.8061
Sutter,CA,39.1779,-121.7758
Yuba City,CA,39.083933,-121.630967
Corning,CA,39.9296,-122.196
Flournoy,CA,39.9024,-122.4918
Gerber,CA,40.043,-122.1649
Los Molinos,CA,40.0497,-122.0992
Manton,CA,40.4331,-121.8365
Mill Creek,CA,40.3263,-121.5228
Mineral,CA,40.3564,-121.571
Paskenta,CA,39.8772,-122.5814
Paynes Creek,CA,40.3514,-121.765
Proberta,CA,40.0815,-122.1705
Red Bluff,CA,40.1795,-122.2383
Tehama,CA,40.0271,-122.1233
Vina,CA,39.9272,-122.025
Burnt Ranch,CA,40.7897,-123.4113
Mad River,CA,40.3316,-123.3904
Salyer,CA,40.8558,-123.573
Zenia,CA,40.2147,-123.3911
Big Bar,CA,40.748,-123.229
Douglas City,CA,40.6342,-122.9239
Hayfork,CA,40.5504,-123.1634
Hyampom,CA,40.6137,-123.4488
Junction City,CA,40.7411,-123.0718
Lewiston,CA,40.746,-122.8426
Trinity Center,CA,41.0615,-122.7239
Weaverville,CA,40.7317,-122.9353
Alpaugh,CA,35.8877,-119.4873
California Hot Springs,CA,35.8818,-118.6561
Camp Nelson,CA,36.1427,-118.6093
Ducor,CA,35.8916,-119.0473
Earlimart,CA,35.8744,-119.281
Exeter,CA,36.3041,-119.1293
Farmersville,CA,36.3002,-119.2054
Goshen,CA,36.3572,-119.4254
Ivanhoe,CA,36.3856,-119.2189
Kaweah,CA,36.4727,-118.9029
Lemon Cove,CA,36.4969,-118.9941
Lindsay,CA,36.2096,-119.0884
Pixley,CA,35.9553,-119.2564
Porterville,CA,36.05085,-119.0194
Posey,CA,35.8135,-118.6643
Richgrove,CA,35.805,-119.1315
Sequoia National Park,CA,36.6007,-118.711
Springville,CA,36.1363,-118.7961
Strathmore,CA,36.1472,-119.0792
Terra Bella,CA,35.957,-119.0312
Three Rivers,CA,36.4377,-118.8875
Tipton,CA,36.0546,-119.3078
Tulare,CA,36.20495,-119.34265
Visalia,CA,36.331033,-119.29605
Waukena,CA,36.1296,-119.5161
Woodlake,CA,36.4313,-119.0918
Badger,CA,36.6313,-119.0132
Cutler,CA,36.5243,-119.287
Dinuba,CA,36.5349,-119.3909
Kings Canyon National Pk,CA,36.7341,-118.9588
Orosi,CA,36.5464,-119.2815
Sultana,CA,36.5455,-119.3401
Yettem,CA,36.4718,-119.2594
Traver,CA,36.4552,-119.4848
Big Oak Flat,CA,37.8235,-120.2582
Chinese Camp,CA,37.8594,-120.4069
Columbia,CA,38.044,-120.3971
Groveland,CA,37.8298,-120.1037
Jamestown,CA,37.8906,-120.4717
Long Barn,CA,38.093,-120.1344
Mi Wuk Village,CA,38.0675,-120.1794
Moccasin,CA,37.8108,-120.2988
Pinecrest,CA,38.1889,-119.9924
Sonora,CA,37.9957,-120.3368
Soulsbyville,CA,37.9926,-120.2624
Standard,CA,37.9666,-120.3108
Strawberry,CA,38.2042,-120.0101
Tuolumne,CA,37.9678,-120.2357
Twain Harte,CA,38.0454,-120.2178
Newbury Park,CA,34.1808,-118.92325
Thousand Oaks,CA,34.191533,-118.8449
Westlake Village,CA,34.1465,-118.82195
Oak Park,CA,34.185,-118.7669
Ventura,CA,34.29545,-119.258088
Camarillo,CA,34.223167,-119.023533
Fillmore,CA,34.3992,-118.9182
Moorpark,CA,34.282,-118.87955
Oak View,CA,34.402,-119.2982
Ojai,CA,34.44655,-119.2497
Oxnard,CA,34.151743,-119.170057
Piru,CA,34.4352,-118.7855
Port Hueneme,CA,34.1552,-119.1962
Point Mugu Nawc,CA,34.1134,-119.1124
Port Hueneme Cbc Base,CA,34.1621,-119.2074
Santa Paula,CA,34.35445,-119.0653
Simi Valley,CA,34.27568,-118.75884
Brandeis,CA,34.2582,-118.7107
Somis,CA,34.2798,-119.0115
West Sacramento,CA,38.57795,-121.546175
Brooks,CA,38.8065,-122.2039
Capay,CA,38.7209,-122.0912
Clarksburg,CA,38.3945,-121.5641
Davis,CA,38.549367,-121.735867
Esparto,CA,38.7061,-122.0152
Guinda,CA,38.8407,-122.2036
Knights Landing,CA,38.8517,-121.7334
Madison,CA,38.6802,-121.9721
Rumsey,CA,38.8953,-122.3079
Winters,CA,38.5322,-121.9676
Woodland,CA,38.6812,-121.77315
Yolo,CA,38.7343,-121.8066
Zamora,CA,38.8204,-121.9191
Dunnigan,CA,38.887,-121.9992
Wheatland,CA,39.0337,-121.4235
Marysville,CA,39.1663,-121.5105
Beale Afb,CA,39.1115,-121.3604
Browns Valley,CA,39.2882,-121.3303
Brownsville,CA,39.4525,-121.2612
Camptonville,CA,39.4518,-121.0486
Challenge,CA,39.4685,-121.1936
Dobbins,CA,39.3662,-121.2256
Olivehurst,CA,39.0861,-121.5497
Oregon House,CA,39.3459,-121.2663
Rackerby,CA,39.4256,-121.3252
Strawberry Valley,CA,39.687,-121.045
Aurora,CO,39.709118,-104.705965
Commerce City,CO,39.8171,-104.9226
Dupont,CO,39.8445,-104.9188
Westminster,CO,39.844725,-105.036475
Bennett,CO,39.7589,-104.4275
Strasburg,CO,39.7814,-104.2683
Watkins,CO,39.7623,-104.5834
Denver,CO,39.738727,-104.981688
Thornton,CO,39.868,-104.9719
Brighton,CO,39.9527,-104.8228
Eastlake,CO,39.9239,-104.9614
Henderson,CO,39.8983,-104.8718
Alamosa,CO,37.47315,-105.8802
Hooper,CO,37.7232,-105.8712
Mosca,CO,37.6358,-105.8069
Byers,CO,39.6985,-104.2019
Deer Trail,CO,39.5931,-104.068
Englewood,CO,39.631857,-104.959286
Littleton,CO,39.564294,-105.028894
Arboles,CO,37.0281,-107.4192
Chromo,CO,37.0364,-106.8434
Pagosa Springs,CO,37.26085,-107.02415
Campo,CO,37.1195,-102.5464
Pritchett,CO,37.2723,-102.9145
Springfield,CO,37.4067,-102.6173
Two Buttes,CO,37.5214,-102.4332
Vilas,CO,37.373,-102.4437
Walsh,CO,37.3521,-102.2537
Fort Lyon,CO,37.9555,-103.0725
Hasty,CO,37.959,-103.015
Las Animas,CO,37.923,-103.0884
Mc Clave,CO,38.085,-102.8869
Broomfield,CO,39.923075,-105.069075
Eldorado Springs,CO,39.9324,-105.288
Lafayette,CO,39.998,-105.0963
Louisville,CO,39.9789,-105.1456
Boulder,CO,40.037455,-105.302573
Jamestown,CO,40.1155,-105.3886
Nederland,CO,39.9703,-105.4813
Pinecliffe,CO,39.9319,-105.4283
Ward,CO,40.0726,-105.508
Longmont,CO,40.1579,-105.0789
Allenspark,CO,40.2268,-105.5201
Hygiene,CO,40.1815,-105.2327
Lyons,CO,40.2357,-105.3231
Niwot,CO,40.1039,-105.1708
Salida,CO,38.5259,-105.9978
Buena Vista,CO,38.838,-106.1471
Monarch,CO,38.553,-106.2946
Granite,CO,39.0307,-106.2566
Nathrop,CO,38.7103,-106.1166
Poncha Springs,CO,38.5128,-106.0772
Arapahoe,CO,38.8417,-102.194
Cheyenne Wells,CO,38.8198,-102.3582
Kit Carson,CO,38.804,-102.8198
Wild Horse,CO,38.8041,-103.0798
Dumont,CO,39.7647,-105.6003
Empire,CO,39.7614,-105.6844
Georgetown,CO,39.7061,-105.6975
Idaho Springs,CO,39.7402,-105.5983
Silver Plume,CO,39.6996,-105.7507
Antonito,CO,37.0855,-106.0379
Capulin,CO,37.2839,-106.1114
Conejos,CO,37.1011,-106.0265
La Jara,CO,37.2907,-106.0054
Manassa,CO,37.1755,-105.9278
Romeo,CO,37.1721,-105.9858
Sanford,CO,37.2583,-105.9047
Blanca,CO,37.4317,-105.5178
Chama,CO,37.162,-105.3783
Fort Garland,CO,37.427,-105.4049
Jaroso,CO,37.0028,-105.6242
San Luis,CO,37.1066,-105.4781
Crowley,CO,38.1931,-103.8561
Olney Springs,CO,38.2019,-103.941
Ordway,CO,38.2095,-103.8003
Sugar City,CO,38.2444,-103.6556
Westcliffe,CO,38.123,-105.4332
Wetmore,CO,38.1217,-105.1477
Austin,CO,38.7975,-107.9738
Cedaredge,CO,38.9119,-107.9268
Cory,CO,38.7887,-107.9862
Crawford,CO,38.6941,-107.6149
Delta,CO,38.7349,-108.0604
Eckert,CO,38.845,-107.9625
Hotchkiss,CO,38.8124,-107.7472
Lazear,CO,38.7817,-107.7808
Paonia,CO,38.865,-107.5985
Cahone,CO,37.7182,-108.7917
Dove Creek,CO,37.7632,-108.9181
Rico,CO,37.6905,-108.0324
Castle Rock,CO,39.394,-104.870167
Franktown,CO,39.3728,-104.7256
Larkspur,CO,39.2011,-104.8546
Lone Tree,CO,39.5517,-104.8863
Louviers,CO,39.4764,-105.0075
Parker,CO,39.49985,-104.78315
Sedalia,CO,39.3113,-105.0676
Bond,CO,39.8691,-106.6763
Burns,CO,39.8739,-106.8856
Mc Coy,CO,39.9134,-106.7309
Avon,CO,39.6313,-106.5108
Basalt,CO,39.3535,-106.9988
Eagle,CO,39.6341,-106.7588
Edwards,CO,39.6382,-106.6206
Gypsum,CO,39.6618,-106.9671
Minturn,CO,39.5805,-106.4176
Red Cliff,CO,39.5122,-106.3681
Wolcott,CO,39.7028,-106.6786
Vail,CO,39.6377,-106.41035
Agate,CO,39.4203,-103.9846
Elbert,CO,39.0969,-104.5746
Elizabeth,CO,39.3836,-104.592
Kiowa,CO,39.324,-104.4523
Matheson,CO,39.132,-103.9132
Simla,CO,39.2087,-104.0702
Monument,CO,39.1007,-104.8542
Palmer Lake,CO,39.1205,-104.9148
Calhan,CO,38.9648,-104.3553
Cascade,CO,38.8967,-104.9722
Fountain,CO,38.6996,-104.7005
Green Mountain Falls,CO,38.9389,-105.0094
Manitou Springs,CO,38.855,-104.9058
Peyton,CO,38.9541,-104.5472
Ramah,CO,39.0736,-104.1247
Rush,CO,38.7642,-104.0241
Usaf Academy,CO,39.0896,-103.8188
Yoder,CO,38.7753,-104.2184
Colorado Springs,CO,38.844228,-104.76793
Canon City,CO,38.46135,-105.3472
Coal Creek,CO,38.3611,-105.1483
Coaldale,CO,38.3824,-105.7843
Cotopaxi,CO,38.3703,-105.6881
Florence,CO,38.38765,-105.1209
Hillside,CO,38.2653,-105.6117
Howard,CO,38.41,-105.7698
Penrose,CO,38.4336,-105.0113
Rockvale,CO,38.3697,-105.1639
Glenwood Springs,CO,39.54005,-107.325
Carbondale,CO,39.2511,-107.2044
Parachute,CO,39.4519,-108.0529
Battlement Mesa,CO,39.4305,-108.0239
New Castle,CO,39.5709,-107.5428
Rifle,CO,39.5491,-107.7898
Silt,CO,39.5028,-107.6657
Black Hawk,CO,39.816,-105.4753
Central City,CO,39.8019,-105.5142
Rollinsville,CO,39.9172,-105.5011
Fraser,CO,39.945,-105.8172
Granby,CO,40.0739,-105.9285
Grand Lake,CO,40.2289,-105.8605
Hot Sulphur Springs,CO,40.0712,-106.0693
Kremmling,CO,40.0632,-106.3955
Parshall,CO,39.9539,-106.093
Tabernash,CO,39.9797,-105.8615
Winter Park,CO,39.8939,-105.7845
Almont,CO,38.82,-106.6603
Crested Butte,CO,38.88485,-106.9625
Gunnison,CO,38.54845,-106.92815
Ohio City,CO,38.5908,-106.6028
Parlin,CO,38.5371,-106.6352
Pitkin,CO,38.6179,-106.5146
Powderhorn,CO,38.2822,-107.1084
Somerset,CO,38.9468,-107.3781
Lake City,CO,37.9868,-107.302
Gardner,CO,37.7878,-105.1849
La Veta,CO,37.5117,-105.0575
Walsenburg,CO,37.6465,-104.7798
Coalmont,CO,40.5383,-106.5321
Cowdrey,CO,40.8597,-106.3131
Rand,CO,40.4667,-106.1857
Walden,CO,40.71,-106.2767
Arvada,CO,39.8212,-105.105529
Wheat Ridge,CO,39.77005,-105.0867
Golden,CO,39.7078,-105.22975
Buffalo Creek,CO,39.3867,-105.2703
Conifer,CO,39.5197,-105.3169
Evergreen,CO,39.5797,-105.28205
Idledale,CO,39.6684,-105.2442
Indian Hills,CO,39.6296,-105.2514
Kittredge,CO,39.6481,-105.2782
Morrison,CO,39.6125,-105.1746
Pine,CO,39.4667,-105.3741
Arlington,CO,38.4068,-103.3697
Eads,CO,38.4408,-102.5549
Haswell,CO,38.4474,-103.1505
Sheridan Lake,CO,38.4667,-102.2921
Bethune,CO,39.3448,-102.4281
Burlington,CO,39.3106,-102.2583
Flagler,CO,39.3127,-103.0624
Seibert,CO,39.3183,-102.8822
Stratton,CO,39.3087,-102.5979
Vona,CO,39.3236,-102.7393
Climax,CO,39.2258,-106.3117
Leadville,CO,39.2497,-106.3015
Twin Lakes,CO,39.1011,-106.4416
Bayfield,CO,37.2603,-107.6137
Ignacio,CO,37.1264,-107.6395
Durango,CO,37.2261,-107.877567
Hesperus,CO,37.1654,-108.1219
Marvel,CO,37.0926,-108.1252
Estes Park,CO,40.49695,-105.5417
Bellvue,CO,40.6265,-105.261
Berthoud,CO,40.2993,-105.1055
Drake,CO,40.4275,-105.3831
Fort Collins,CO,40.573389,-105.070522
Glen Haven,CO,40.4578,-105.447
Laporte,CO,40.6347,-105.1488
Livermore,CO,40.8701,-105.3766
Loveland,CO,40.402967,-105.085533
Masonville,CO,40.4875,-105.2108
Red Feather Lakes,CO,40.8659,-105.6893
Timnath,CO,40.5291,-104.9853
Wellington,CO,40.7255,-105.0318
Aguilar,CO,37.3933,-104.6769
Boncarbo,CO,37.2081,-104.7198
Branson,CO,37.0518,-103.8741
Hoehne,CO,37.2796,-104.3584
Kim,CO,37.3328,-103.3736
Model,CO,37.5192,-104.223
Trinchera,CO,37.0757,-104.1184
Trinidad,CO,37.2691,-104.5038
Weston,CO,37.1702,-104.8247
Arriba,CO,39.3025,-103.271
Genoa,CO,39.3383,-103.4607
Hugo,CO,39.0843,-103.499
Karval,CO,38.7119,-103.5006
Limon,CO,39.2676,-103.6889
Atwood,CO,40.5082,-103.2749
Crook,CO,40.8747,-102.8472
Fleming,CO,40.637,-102.8688
Iliff,CO,40.7692,-103.0968
Merino,CO,40.5708,-103.4719
Padroni,CO,40.8842,-103.3728
Peetz,CO,40.9519,-103.1166
Sterling,CO,40.6306,-103.2212
Grand Junction,CO,39.061714,-108.530514
Clifton,CO,39.0805,-108.4496
Fruita,CO,39.1637,-108.7218
Gateway,CO,38.6784,-108.9719
Glade Park,CO,38.9894,-108.781
Loma,CO,39.2279,-108.8149
Mack,CO,39.2554,-108.9296
Palisade,CO,39.1032,-108.368
Whitewater,CO,38.9744,-108.399
Collbran,CO,39.2453,-107.9249
De Beque,CO,39.3118,-108.2304
Mesa,CO,39.1612,-108.1044
Molina,CO,39.1891,-108.0604
Creede,CO,37.8164,-106.9277
Dinosaur,CO,40.3168,-108.6821
Craig,CO,40.5188,-107.554
Hamilton,CO,40.325,-107.5841
Maybell,CO,40.6738,-108.3699
Slater,CO,40.9979,-107.3388
Cortez,CO,37.3549,-108.5837
Dolores,CO,37.4666,-108.4717
Lewis,CO,37.5177,-108.6546
Mancos,CO,37.3471,-108.2982
Mesa Verde National Park,CO,37.2313,-108.4825
Pleasant View,CO,37.5888,-108.8095
Towaoc,CO,37.2084,-108.72
Yellow Jacket,CO,37.5344,-108.7173
Cimarron,CO,38.3876,-107.4824
Montrose,CO,38.4377,-107.899767
Bedrock,CO,38.2509,-108.9799
Naturita,CO,38.2183,-108.5687
Nucla,CO,38.2682,-108.5476
Olathe,CO,38.5976,-107.9921
Paradox,CO,38.3711,-108.9698
Redvale,CO,38.1865,-108.3895
Orchard,CO,40.3639,-104.0973
Weldona,CO,40.3681,-103.9678
Wiggins,CO,40.1598,-104.0468
Fort Morgan,CO,40.2541,-103.8031
Log Lane Village,CO,40.2707,-103.8338
Brush,CO,40.2603,-103.6279
Hillrose,CO,40.3459,-103.5057
Snyder,CO,40.3307,-103.5971
Cheraw,CO,38.107,-103.5102
Fowler,CO,38.1231,-104.0299
La Junta,CO,37.9546,-103.6644
Manzanola,CO,38.1109,-103.8766
Rocky Ford,CO,38.049,-103.7251
Swink,CO,38.0145,-103.6283
Ouray,CO,38.0258,-107.6726
Ridgway,CO,38.1381,-107.7533
Alma,CO,39.2839,-106.0628
Bailey,CO,39.4482,-105.4693
Como,CO,39.1587,-105.817
Fairplay,CO,39.2256,-105.9994
Grant,CO,39.4612,-105.6583
Hartsel,CO,38.9673,-105.8788
Jefferson,CO,39.2759,-105.6865
Shawnee,CO,39.4211,-105.5542
Guffey,CO,38.8146,-105.5784
Lake George,CO,39.0342,-105.4347
Amherst,CO,40.6824,-102.1706
Haxtun,CO,40.6406,-102.6052
Holyoke,CO,40.5825,-102.2825
Paoli,CO,40.6106,-102.4722
Aspen,CO,39.20925,-106.8532
Snowmass Village,CO,39.2212,-106.932
Meredith,CO,39.3199,-106.6596
Snowmass,CO,39.2258,-107.0303
Woody Creek,CO,39.2831,-106.8985
Granada,CO,38.0545,-102.3271
Hartman,CO,38.1195,-102.2168
Holly,CO,38.0205,-102.1415
Lamar,CO,38.0841,-102.6192
Wiley,CO,38.159,-102.7147
Pueblo,CO,38.230442,-104.604475
Colorado City,CO,37.9441,-104.8412
Avondale,CO,38.1025,-104.5298
Beulah,CO,38.0837,-104.9724
Boone,CO,38.2646,-104.2585
Rye,CO,37.9236,-104.9303
Meeker,CO,40.0387,-107.8925
Rangely,CO,40.0828,-108.7991
Del Norte,CO,37.6447,-106.4073
Homelake,CO,37.5756,-106.097
Monte Vista,CO,37.5731,-106.1408
South Fork,CO,37.6725,-106.6125
Clark,CO,40.7268,-106.9215
Oak Creek,CO,40.2567,-106.9296
Phippsburg,CO,40.1907,-106.9735
Steamboat Springs,CO,40.579133,-106.874733
Toponas,CO,40.0603,-106.8081
Yampa,CO,40.1304,-106.9116
Hayden,CO,40.4945,-107.2571
Center,CO,37.7343,-106.0906
Crestone,CO,37.953,-105.6879
Moffat,CO,38.0452,-105.8411
Saguache,CO,38.0977,-106.1876
Villa Grove,CO,38.2952,-106.1102
Sargents,CO,38.4033,-106.4161
Silverton,CO,37.809,-107.6667
Egnar,CO,37.9344,-108.9299
Norwood,CO,38.1104,-108.2845
Ophir,CO,37.8569,-107.8326
Placerville,CO,38.0167,-108.0534
Telluride,CO,37.94,-107.8214
Julesburg,CO,40.9708,-102.2575
Ovid,CO,40.9459,-102.3874
Sedgwick,CO,40.9103,-102.5291
Breckenridge,CO,39.4753,-106.0225
Dillon,CO,39.5952,-105.9741
Frisco,CO,39.5589,-106.1332
Silverthorne,CO,39.7029,-106.16455
Cripple Creek,CO,38.8261,-105.1499
Divide,CO,38.9576,-105.1994
Florissant,CO,38.8546,-105.3121
Victor,CO,38.71,-105.14
Woodland Park,CO,38.9954,-105.0596
Akron,CO,40.1803,-103.2259
Lindon,CO,39.7909,-103.4142
Otis,CO,40.203,-102.9392
Woodrow,CO,39.805,-103.5752
Anton,CO,39.6909,-103.1373
Cope,CO,39.6848,-102.9904
Dacono,CO,40.0836,-104.9297
Erie,CO,40.0597,-105.0686
Firestone,CO,40.1125,-104.9366
Frederick,CO,40.0978,-104.9293
Johnstown,CO,40.3355,-104.9236
Mead,CO,40.2347,-104.9994
Milliken,CO,40.3294,-104.8552
Severance,CO,40.525,-104.8505
Windsor,CO,40.4806,-104.9004
Ault,CO,40.5938,-104.7356
Briggsdale,CO,40.6392,-104.2871
Carr,CO,40.8666,-104.8859
Eaton,CO,40.5273,-104.7146
Evans,CO,40.3803,-104.6971
Fort Lupton,CO,40.108,-104.8013
Galeton,CO,40.5378,-104.4585
Gilcrest,CO,40.2854,-104.7825
Gill,CO,40.4696,-104.5
Greeley,CO,40.403067,-104.719583
Hudson,CO,40.0606,-104.6532
Keenesburg,CO,40.0958,-104.4464
Kersey,CO,40.3963,-104.5288
La Salle,CO,40.3211,-104.7268
Lucerne,CO,40.4824,-104.7054
Nunn,CO,40.7265,-104.785
Pierce,CO,40.6359,-104.7638
Platteville,CO,40.2131,-104.8028
Roggen,CO,40.0878,-104.282
Grover,CO,40.8716,-104.2346
Hereford,CO,40.9751,-104.3053
New Raymer,CO,40.6851,-103.839
Stoneham,CO,40.687,-103.6387
Eckley,CO,40.1138,-102.4828
Idalia,CO,39.8167,-102.4262
Vernon,CO,39.9331,-102.3193
Wray,CO,40.0685,-102.393
Yuma,CO,40.1301,-102.7072
Joes,CO,39.6564,-102.6788
Kirk,CO,39.6171,-102.4776
Redding Center,CT,41.3089,-73.3637
New Preston Marble Dale,CT,41.6903,-73.3103
Washington Depot,CT,41.6559,-73.3274
Rockfall,CT,41.5341,-72.6997
East Lyme,CT,41.3668,-72.233
Bozrah,CT,41.5465,-72.1711
Vernon Rockville,CT,41.8501,-72.4649
Storrs Mansfield,CT,41.80385,-72.2494
Willington,CT,41.8966,-72.2622
North Grosvenordale,CT,41.9784,-71.8997
Avon,CT,41.7905,-72.8653
Bloomfield,CT,41.8316,-72.7249
Windsor,CT,41.85435,-72.6538
Broad Brook,CT,41.9042,-72.5444
Canton,CT,41.8384,-72.8987
Canton Center,CT,41.8539,-72.9028
Collinsville,CT,41.8513,-72.9283
East Berlin,CT,41.6128,-72.719
East Glastonbury,CT,41.6889,-72.5345
East Granby,CT,41.9322,-72.7459
East Windsor Hill,CT,41.8592,-72.603
Ellington,CT,41.9114,-72.4626
Farmington,CT,41.770667,-72.7597
Glastonbury,CT,41.7073,-72.5727
Granby,CT,41.9602,-72.7994
Berlin,CT,41.6215,-72.7457
Manchester,CT,41.781525,-72.52415
Bolton,CT,41.7689,-72.4396
New Britain,CT,41.66955,-72.785075
North Canton,CT,41.8997,-72.8907
North Granby,CT,42.0219,-72.8409
Plainville,CT,41.6727,-72.8644
Poquonock,CT,41.9048,-72.6787
Rocky Hill,CT,41.6583,-72.6632
Simsbury,CT,41.8759,-72.8012
Somers,CT,41.9978,-72.4583
Somersville,CT,41.9765,-72.4906
South Glastonbury,CT,41.6571,-72.5722
South Windsor,CT,41.8341,-72.5576
Stafford,CT,41.9848,-72.289
Stafford Springs,CT,41.9661,-72.2899
Staffordville,CT,41.9916,-72.2577
Suffield,CT,41.9859,-72.6463
Tariffville,CT,41.9077,-72.7678
Enfield,CT,41.9826,-72.5785
Tolland,CT,41.8696,-72.3718
Unionville,CT,41.75265,-72.8862
East Windsor,CT,41.9099,-72.6029
Weatogue,CT,41.8372,-72.8253
West Granby,CT,41.9556,-72.862
West Simsbury,CT,41.8718,-72.8577
West Suffield,CT,42.0115,-72.7362
Windsor Locks,CT,41.9261,-72.6458
Hartford,CT,41.781483,-72.698781
West Hartford,CT,41.773771,-72.730829
East Hartford,CT,41.777775,-72.666475
Wethersfield,CT,41.74655,-72.69755
Newington,CT,41.7389,-72.7242
Amston,CT,41.629,-72.3646
Andover,CT,41.7332,-72.3767
Columbia,CT,41.6973,-72.3072
Coventry,CT,41.7822,-72.3332
Hebron,CT,41.6842,-72.3986
Mansfield Center,CT,41.7698,-72.2011
Mansfield Depot,CT,41.7993,-72.3065
South Willington,CT,41.8554,-72.3015
Marion,CT,41.5637,-72.9257
Marlborough,CT,41.6412,-72.4609
Milldale,CT,41.5659,-72.8918
Plantsville,CT,41.5797,-72.899
Southington,CT,41.6052,-72.8727
Monroe,CT,41.3312,-73.2243
Stevenson,CT,41.3866,-73.1872
Bridgeport,CT,41.18047,-73.19451
Trumbull,CT,41.2564,-73.2111
Easton,CT,41.2523,-73.2871
Stratford,CT,41.1965,-73.132
Fairfield,CT,41.177,-73.247233
Southport,CT,41.1428,-73.2884
Old Lyme,CT,41.3347,-72.3086
South Lyme,CT,41.2967,-72.2633
Centerbrook,CT,41.3474,-72.4173
Chester,CT,41.4049,-72.4643
Clinton,CT,41.2912,-72.528
Cobalt,CT,41.5667,-72.5581
Cromwell,CT,41.6105,-72.6663
Deep River,CT,41.3765,-72.4486
Killingworth,CT,41.3696,-72.5712
Durham,CT,41.465,-72.6875
East Haddam,CT,41.4696,-72.4059
East Hampton,CT,41.5761,-72.5093
Essex,CT,41.3549,-72.3965
Haddam,CT,41.4627,-72.505
Hadlyme,CT,41.4212,-72.4141
Higganum,CT,41.4682,-72.5751
Ivoryton,CT,41.3421,-72.4404
Middlefield,CT,41.5168,-72.7186
Middle Haddam,CT,41.554,-72.5501
Middletown,CT,41.5567,-72.6617
Moodus,CT,41.5078,-72.4419
Old Saybrook,CT,41.2913,-72.385
Portland,CT,41.5852,-72.6128
Westbrook,CT,41.2927,-72.4563
Bristol,CT,41.67705,-72.93975
Ansonia,CT,41.3427,-73.0742
Beacon Falls,CT,41.4369,-73.0597
Cheshire,CT,41.456733,-72.9121
Derby,CT,41.3229,-73.08
Oxford,CT,41.4202,-73.1296
Seymour,CT,41.3862,-73.0817
Shelton,CT,41.3047,-73.1294
South Britain,CT,41.4709,-73.2515
Southbury,CT,41.4767,-73.2241
Waterbury,CT,41.55745,-73.045219
Prospect,CT,41.5022,-72.9788
Wolcott,CT,41.597,-72.9828
Bethlehem,CT,41.6387,-73.2091
Middlebury,CT,41.5343,-73.1131
Naugatuck,CT,41.492,-73.0493
Oakville,CT,41.5909,-73.0873
Pequabuck,CT,41.6699,-72.9915
Plymouth,CT,41.6611,-73.0449
Terryville,CT,41.6762,-73.0092
Thomaston,CT,41.6786,-73.0886
Watertown,CT,41.6057,-73.1221
Woodbury,CT,41.5521,-73.2083
Abington,CT,41.8473,-72.0253
Ballouville,CT,41.8768,-71.8612
Brooklyn,CT,41.7807,-71.9541
Chaplin,CT,41.8026,-72.1372
Danielson,CT,41.7982,-71.8807
Dayville,CT,41.854,-71.8683
Eastford,CT,41.8771,-72.0895
East Killingly,CT,41.8452,-71.8026
East Woodstock,CT,41.9843,-71.981
Fabyan,CT,42.0198,-71.9417
Grosvenor Dale,CT,41.9711,-71.8917
Hampton,CT,41.7671,-72.0662
Pomfret,CT,41.889,-71.9682
Pomfret Center,CT,41.8697,-71.982
Putnam,CT,41.9185,-71.8968
Quinebaug,CT,42.0217,-71.9391
Rogers,CT,41.8391,-71.9063
Scotland,CT,41.6958,-72.087
South Woodstock,CT,41.9439,-71.9453
Thompson,CT,41.9803,-71.8376
Ashford,CT,41.889,-72.1476
Woodstock,CT,41.9602,-72.004
Woodstock Valley,CT,41.9153,-72.0937
Canterbury,CT,41.6844,-72.001
Central Village,CT,41.7229,-71.9067
Moosup,CT,41.721,-71.885
Oneco,CT,41.6937,-71.8084
Plainfield,CT,41.6775,-71.922
Sterling,CT,41.7156,-71.8196
Voluntown,CT,41.5831,-71.855
Wauregan,CT,41.7445,-71.9133
Burlington,CT,41.7573,-72.9444
Canaan,CT,42.0248,-73.3232
Colebrook,CT,41.9895,-73.0957
East Canaan,CT,42.0158,-73.2913
East Hartland,CT,42.0016,-72.9242
Falls Village,CT,41.9559,-73.3632
Lakeville,CT,41.9516,-73.4377
New Hartford,CT,41.8468,-73.0104
Norfolk,CT,41.9854,-73.1992
Pine Meadow,CT,41.8765,-72.967
Barkhamsted,CT,41.9293,-72.914
Riverton,CT,41.9686,-73.0145
Salisbury,CT,42.0015,-73.4215
Sharon,CT,41.8714,-73.4578
Taconic,CT,42.032,-73.4038
West Hartland,CT,42.0076,-72.9707
Winchester Center,CT,41.8963,-73.1463
Winsted,CT,41.9252,-73.0663
Bantam,CT,41.7215,-73.252
Cornwall,CT,41.8281,-73.3323
Cornwall Bridge,CT,41.8187,-73.371
Goshen,CT,41.8335,-73.2429
Kent,CT,41.7316,-73.4583
Lakeside,CT,41.6754,-73.242
Litchfield,CT,41.7541,-73.2
Morris,CT,41.6881,-73.1765
Northfield,CT,41.7077,-73.109
Roxbury,CT,41.5509,-73.2993
South Kent,CT,41.6951,-73.469
Torrington,CT,41.784,-73.0869
Harwinton,CT,41.7701,-73.0728
Washington,CT,41.6296,-73.2884
West Cornwall,CT,41.8689,-73.3313
Branford,CT,41.28,-72.8106
Guilford,CT,41.3154,-72.6968
Madison,CT,41.309,-72.6153
Meriden,CT,41.53675,-72.8093
Milford,CT,41.22565,-73.0648
North Branford,CT,41.3323,-72.7809
Northford,CT,41.3962,-72.7809
North Haven,CT,41.3822,-72.8585
Orange,CT,41.2815,-73.0287
Wallingford,CT,41.394975,-72.889175
New Haven,CT,41.314729,-72.927325
Hamden,CT,41.373367,-72.9196
West Haven,CT,41.2701,-72.9638
Bethany,CT,41.4262,-73.0007
Willimantic,CT,41.7149,-72.2134
Lebanon,CT,41.633,-72.244
North Franklin,CT,41.6161,-72.1425
North Windham,CT,41.7451,-72.1601
South Windham,CT,41.6677,-72.1681
Windham,CT,41.7027,-72.1526
New London,CT,41.3507,-72.1062
Baltic,CT,41.6263,-72.0775
Gales Ferry,CT,41.4285,-72.0672
Gilman,CT,41.5795,-72.1963
Mashantucket,CT,41.4757,-71.9574
Ledyard,CT,41.4401,-71.9956
Groton,CT,41.37845,-72.07415
Hanover,CT,41.6445,-72.0677
Jewett City,CT,41.6052,-71.9808
Montville,CT,41.479,-72.1512
Mystic,CT,41.3616,-71.9774
Niantic,CT,41.3253,-72.2108
North Stonington,CT,41.4531,-71.8727
Norwich,CT,41.5371,-72.0849
Preston,CT,41.5224,-71.9934
Oakdale,CT,41.4706,-72.1904
Old Mystic,CT,41.3882,-71.9495
Quaker Hill,CT,41.4032,-72.1172
Stonington,CT,41.3664,-71.9155
Pawcatuck,CT,41.3735,-71.8478
Taftville,CT,41.5653,-72.0529
Uncasville,CT,41.4622,-72.1126
Versailles,CT,41.6016,-72.0404
Waterford,CT,41.3469,-72.1458
West Mystic,CT,41.3441,-71.9765
Yantic,CT,41.5598,-72.1237
Colchester,CT,41.5662,-72.3441
Salem,CT,41.4966,-72.2725
North Westchester,CT,41.5809,-72.4012
Botsford,CT,41.3665,-73.2571
Hawleyville,CT,41.4276,-73.3551
Newtown,CT,41.3931,-73.3167
Sandy Hook,CT,41.4087,-73.2485
Bridgewater,CT,41.5287,-73.3609
Gaylordsville,CT,41.6486,-73.4835
New Milford,CT,41.5817,-73.4128
Sherman,CT,41.5714,-73.4947
Bethel,CT,41.3813,-73.4008
Brookfield,CT,41.465,-73.398
Cos Cob,CT,41.053,-73.5935
Danbury,CT,41.370517,-73.4267
New Fairfield,CT,41.473,-73.4978
Darien,CT,41.0768,-73.4853
Georgetown,CT,41.2555,-73.4279
Greenwich,CT,41.041367,-73.638033
Greens Farms,CT,41.1238,-73.3195
New Canaan,CT,41.151,-73.4944
Norwalk,CT,41.16702,-73.40386
Old Greenwich,CT,41.0354,-73.5673
Redding Ridge,CT,41.314,-73.3504
Ridgefield,CT,41.2896,-73.49775
Riverside,CT,41.038,-73.5811
Westport,CT,41.1837,-73.354525
Weston,CT,41.2195,-73.3715
Redding,CT,41.2711,-73.3863
Wilton,CT,41.2018,-73.4383
Stamford,CT,41.062135,-73.538835
Washington,DC,38.896473,-77.021431
Naval Anacost Annex,DC,38.8951,-77.0364
Washington Navy Yard,DC,38.89936,-77.02806
Dover,DE,39.14816,-75.51894
Dover Afb,DE,39.1253,-75.4818
Camden Wyoming,DE,39.0991,-75.5966
Cheswold,DE,39.2184,-75.5848
Clayton,DE,39.2564,-75.6904
Felton,DE,39.0225,-75.5829
Frederica,DE,39.0342,-75.4545
Harrington,DE,38.924,-75.5843
Hartly,DE,39.1542,-75.6935
Houston,DE,38.9114,-75.5064
Kenton,DE,39.2256,-75.6642
Little Creek,DE,39.1663,-75.4483
Magnolia,DE,39.0735,-75.5083
Marydel,DE,39.0998,-75.7287
Smyrna,DE,39.2934,-75.6008
Viola,DE,39.0419,-75.5726
Woodside,DE,39.0724,-75.5711
Bear,DE,39.6102,-75.6747
Newark,DE,39.62017,-75.6645
Claymont,DE,39.8044,-75.4649
Delaware City,DE,39.5725,-75.5957
Hockessin,DE,39.776,-75.6889
Kirkwood,DE,39.5776,-75.6901
Middletown,DE,39.4815,-75.6832
Montchanin,DE,39.7898,-75.5891
New Castle,DE,39.6065,-75.604933
Odessa,DE,39.4592,-75.6536
Port Penn,DE,39.5129,-75.5852
Rockland,DE,39.7939,-75.5738
Saint Georges,DE,39.5555,-75.6505
Townsend,DE,39.3819,-75.6834
Winterthur,DE,39.8029,-75.5916
Yorklyn,DE,39.8082,-75.6755
Wilmington,DE,39.701756,-75.569036
Bethany Beach,DE,38.531,-75.0674
Bethel,DE,38.5685,-75.6243
Bridgeville,DE,38.7366,-75.6088
Dagsboro,DE,38.5596,-75.2113
Delmar,DE,38.477,-75.5759
Ellendale,DE,38.8057,-75.4056
Fenwick Island,DE,38.4865,-75.0589
Frankford,DE,38.5177,-75.2006
Georgetown,DE,38.679,-75.3932
Greenwood,DE,38.8175,-75.5935
Harbeson,DE,38.6723,-75.2236
Laurel,DE,38.5537,-75.5631
Lewes,DE,38.7381,-75.1747
Lincoln,DE,38.8613,-75.4
Milford,DE,38.9218,-75.4299
Millsboro,DE,38.6595,-75.2464
Millville,DE,38.5496,-75.1232
Milton,DE,38.7687,-75.2953
Nassau,DE,38.7521,-75.1877
Ocean View,DE,38.5617,-75.0966
Rehoboth Beach,DE,38.7209,-75.076
Seaford,DE,38.6404,-75.6041
Selbyville,DE,38.4654,-75.1573
Gainesville,FL,29.667653,-82.353618
Alachua,FL,29.80275,-82.484
Archer,FL,29.5597,-82.5108
Earleton,FL,29.7439,-82.1034
Evinston,FL,29.4869,-82.2312
Hawthorne,FL,29.574,-82.1056
High Springs,FL,29.82925,-82.6081
Island Grove,FL,29.4536,-82.1065
La Crosse,FL,29.8433,-82.4048
Lochloosa,FL,29.5116,-82.1004
Micanopy,FL,29.5122,-82.3053
Newberry,FL,29.6609,-82.5852
Waldo,FL,29.7871,-82.1608
Glen Saint Mary,FL,30.2861,-82.2041
Macclenny,FL,30.2737,-82.1325
Olustee,FL,30.2041,-82.4287
Sanderson,FL,30.2522,-82.2729
Panama City,FL,30.1958,-85.664209
Panama City Beach,FL,30.2556,-85.8621
Mexico Beach,FL,29.9395,-85.4096
Fountain,FL,30.4753,-85.4293
Lynn Haven,FL,30.2362,-85.6467
Youngstown,FL,30.3269,-85.5169
Graham,FL,29.9689,-82.1226
Hampton,FL,29.8575,-82.1483
Lawtey,FL,30.0472,-82.1055
Starke,FL,29.9583,-82.1185
Brooker,FL,29.919,-82.2956
Mims,FL,28.6974,-80.8663
Scottsmoor,FL,28.7702,-80.872
Titusville,FL,28.6053,-80.8193
Orlando,FL,28.517785,-81.307466
Melbourne,FL,28.0873,-80.63025
Indialantic,FL,28.1091,-80.5787
Palm Bay,FL,28.019314,-80.633971
Cape Canaveral,FL,28.3903,-80.6043
Cocoa,FL,28.3898,-80.7693
Patrick Afb,FL,28.1743,-80.584
Cocoa Beach,FL,28.32655,-80.61065
Satellite Beach,FL,28.178,-80.602
Grant,FL,27.9289,-80.5264
Malabar,FL,27.9761,-80.5788
Melbourne Beach,FL,28.0219,-80.5389
Merritt Island,FL,28.401467,-80.6863
Rockledge,FL,28.3216,-80.7321
Sharpes,FL,28.3067,-80.6862
Sebastian,FL,27.789,-80.530867
Dania,FL,26.0476,-80.1447
Hallandale,FL,25.9831,-80.14455
Hollywood,FL,26.0089,-80.217069
Pembroke Pines,FL,26.0108,-80.2844
Pompano Beach,FL,26.256837,-80.1749
Coral Springs,FL,26.2712,-80.2706
Margate,FL,26.2445,-80.2064
Coconut Creek,FL,26.2517,-80.1789
Fort Lauderdale,FL,26.127551,-80.212219
Plantation,FL,26.1342,-80.2318
Deerfield Beach,FL,26.313467,-80.1134
Lehigh Acres,FL,26.6016,-81.658571
Altha,FL,30.5319,-85.1704
Blountstown,FL,30.4394,-85.062
Clarksville,FL,30.3568,-85.1898
Wewahitchka,FL,30.2496,-85.2011
El Jobean,FL,26.9324,-82.2168
Murdock,FL,26.902,-82.0
Placida,FL,26.8323,-82.2648
Rotonda West,FL,26.8842,-82.2691
Port Charlotte,FL,26.988633,-82.14955
Punta Gorda,FL,26.935667,-82.001433
Crystal River,FL,28.893367,-82.612967
Dunnellon,FL,29.0557,-82.45574
Floral City,FL,28.7304,-82.3077
Hernando,FL,28.9267,-82.381
Holder,FL,28.9669,-82.4207
Homosassa,FL,28.7734,-82.565667
Homosassa Springs,FL,28.8049,-82.5743
Inverness,FL,28.844475,-82.3221
Lecanto,FL,28.85545,-82.49815
Beverly Hills,FL,28.9232,-82.4737
Fleming Island,FL,30.10015,-81.71785
Doctors Inlet,FL,30.1056,-81.769
Green Cove Springs,FL,29.9983,-81.7647
Middleburg,FL,30.07645,-81.86245
Orange Park,FL,30.156,-81.7366
Penney Farms,FL,29.9849,-81.8022
Lake Geneva,FL,29.7683,-81.9907
Keystone Heights,FL,29.7976,-81.9899
Naples,FL,26.173629,-81.729282
Copeland,FL,25.9542,-81.3575
Chokoloskee,FL,25.8129,-81.362
Everglades City,FL,25.857,-81.3778
Goodland,FL,25.9248,-81.6456
Ochopee,FL,25.8734,-81.1599
Immokalee,FL,26.3243,-81.45995
Marco Island,FL,25.94,-81.7076
Lake City,FL,30.181375,-82.648025
Fort White,FL,29.9207,-82.6879
Lulu,FL,30.0754,-82.5385
Arcadia,FL,27.146567,-81.887367
Fort Ogden,FL,27.1861,-81.8099
Nocatee,FL,27.1603,-81.8823
Cross City,FL,29.6372,-83.2032
Horseshoe Beach,FL,29.4869,-83.2616
Old Town,FL,29.6699,-83.005
Suwannee,FL,29.3295,-83.14
Jacksonville,FL,30.311931,-81.653317
Atlantic Beach,FL,30.3483,-81.4159
Jacksonville Beach,FL,30.2874,-81.4048
Neptune Beach,FL,30.3155,-81.4051
Pensacola,FL,30.435191,-87.251639
Cantonment,FL,30.6143,-87.3251
Century,FL,30.9687,-87.3216
Gonzalez,FL,30.5818,-87.2929
Mc David,FL,30.8686,-87.4539
Molino,FL,30.6902,-87.3852
Bunnell,FL,29.4562,-81.3244
Palm Coast,FL,29.51196,-81.23938
Flagler Beach,FL,29.475,-81.1303
Tallahassee,FL,30.45475,-84.280195
Apalachicola,FL,29.72575,-84.99595
Carrabelle,FL,29.8692,-84.6358
Lanark Village,FL,29.8826,-84.5964
Eastpoint,FL,29.7495,-84.8162
Chattahoochee,FL,30.6834,-84.828
Greensboro,FL,30.5696,-84.7453
Gretna,FL,30.6171,-84.6599
Havana,FL,30.6092,-84.4143
Midway,FL,30.485,-84.4768
Quincy,FL,30.595867,-84.600967
Bell,FL,29.7837,-82.8711
Trenton,FL,29.6133,-82.8176
Moore Haven,FL,26.8327,-81.2188
Palmdale,FL,26.9464,-81.3091
Port Saint Joe,FL,29.8119,-85.303
Jasper,FL,30.5029,-82.9322
Jennings,FL,30.5482,-83.135
White Springs,FL,30.3387,-82.7765
Bowling Green,FL,27.6019,-81.8507
Ona,FL,27.4127,-81.928
Wauchula,FL,27.5517,-81.8074
Zolfo Springs,FL,27.48,-81.7423
Clewiston,FL,26.7172,-80.9492
Felda,FL,26.5398,-81.4356
Labelle,FL,26.7477,-81.4364
Brooksville,FL,28.542129,-82.430657
Spring Hill,FL,28.483867,-82.540933
Istachatta,FL,28.655,-82.2677
Nobleton,FL,28.6436,-82.2638
Avon Park,FL,27.598,-81.50385
Lake Placid,FL,27.2938,-81.3639
Lorida,FL,27.415,-81.1965
Sebring,FL,27.46896,-81.42816
Venus,FL,27.1203,-81.3909
Balm,FL,27.7648,-82.2734
Brandon,FL,27.932575,-82.2914
Dover,FL,27.992,-82.2138
Durant,FL,27.9068,-82.1767
Gibsonton,FL,27.8411,-82.3698
Lithia,FL,27.8293,-82.1357
Lutz,FL,28.150675,-82.4688
Mango,FL,27.9797,-82.3065
Odessa,FL,28.1421,-82.5905
Plant City,FL,28.00878,-82.13232
Riverview,FL,27.845675,-82.344175
Ruskin,FL,27.70795,-82.4323
Sun City Center,FL,27.7174,-82.4034
Apollo Beach,FL,27.7716,-82.4102
Seffner,FL,27.9321,-82.36255
Sun City,FL,27.6784,-82.4787
Sydney,FL,27.9634,-82.2073
Thonotosassa,FL,28.0617,-82.3082
Valrico,FL,27.923733,-82.240467
Wimauma,FL,27.7015,-82.3151
Tampa,FL,27.942862,-82.462038
Bonifay,FL,30.8464,-85.69
Noma,FL,30.9821,-85.6185
Ponce De Leon,FL,30.7041,-85.9546
Westville,FL,30.8747,-85.913
Fellsmere,FL,27.7643,-80.6019
Roseland,FL,27.8359,-80.4931
Vero Beach,FL,27.64493,-80.43206
Wabasso,FL,27.7484,-80.4362
Winter Beach,FL,27.7192,-80.4206
Alford,FL,30.6412,-85.3756
Bascom,FL,30.9514,-85.0972
Campbellton,FL,30.9563,-85.3766
Cottondale,FL,30.8004,-85.3847
Cypress,FL,30.7158,-85.0784
Graceville,FL,30.9426,-85.5136
Grand Ridge,FL,30.7148,-85.021
Greenwood,FL,30.8667,-85.1153
Malone,FL,30.9602,-85.1639
Marianna,FL,30.744933,-85.214567
Sneads,FL,30.7276,-84.9337
Lamont,FL,30.3772,-83.8129
Lloyd,FL,30.4778,-84.0228
Monticello,FL,30.5324,-83.8819
Wacissa,FL,30.3585,-83.9871
Debary,FL,28.8838,-81.3076
Day,FL,30.1941,-83.2913
Mayo,FL,30.04,-83.1462
Astor,FL,29.165,-81.5399
Lady Lake,FL,28.9237,-81.92425
Altoona,FL,29.0219,-81.6323
Eustis,FL,28.873567,-81.6255
Grand Island,FL,28.8866,-81.7391
Mount Dora,FL,28.79255,-81.64875
Paisley,FL,28.9993,-81.503
Sorrento,FL,28.8035,-81.5323
Tavares,FL,28.801,-81.734
Umatilla,FL,28.9254,-81.6801
Astatula,FL,28.7088,-81.7195
Clermont,FL,28.5377,-81.763
Ferndale,FL,28.6219,-81.7034
Fruitland Park,FL,28.8639,-81.8998
Groveland,FL,28.5644,-81.8745
Howey In The Hills,FL,28.6971,-81.7976
Leesburg,FL,28.829575,-81.856075
Mascotte,FL,28.583,-81.8941
Minneola,FL,28.5744,-81.7462
Montverde,FL,28.5972,-81.6794
Okahumpka,FL,28.7545,-81.9151
Yalaha,FL,28.7444,-81.8263
Fort Myers,FL,26.56186,-81.852747
North Fort Myers,FL,26.698667,-81.8787
Cape Coral,FL,26.625263,-81.971162
Alva,FL,26.7147,-81.6351
Boca Grande,FL,26.7545,-82.2611
Bokeelia,FL,26.6627,-82.1401
Captiva,FL,26.5215,-82.1802
Estero,FL,26.4366,-81.8085
Fort Myers Beach,FL,26.5028,-81.94935
Pineland,FL,26.6583,-82.1434
Saint James City,FL,26.529,-82.0916
Sanibel,FL,26.4514,-82.0868
Bonita Springs,FL,26.354825,-81.777275
Woodville,FL,30.3193,-84.2674
Bronson,FL,29.461,-82.6356
Cedar Key,FL,29.171,-83.0168
Chiefland,FL,29.4717,-82.8681
Gulf Hammock,FL,29.2447,-82.7402
Morriston,FL,29.2813,-82.4917
Otter Creek,FL,29.3109,-82.7945
Williston,FL,29.3977,-82.4856
Inglis,FL,29.0955,-82.6561
Yankeetown,FL,29.0305,-82.719
Bristol,FL,30.4223,-84.9466
Hosford,FL,30.3639,-84.8054
Sumatra,FL,30.0206,-84.9806
Telogia,FL,30.3511,-84.8203
Lee,FL,30.3979,-83.2844
Greenville,FL,30.4512,-83.6474
Madison,FL,30.4789,-83.39905
Pinetta,FL,30.5997,-83.3405
Bradenton,FL,27.449547,-82.49594
Cortez,FL,27.4713,-82.6823
Anna Maria,FL,27.5291,-82.7317
Bradenton Beach,FL,27.4859,-82.7102
Holmes Beach,FL,27.4995,-82.7099
Parrish,FL,27.5572,-82.396
Palmetto,FL,27.53215,-82.56765
Ellenton,FL,27.5382,-82.5006
Longboat Key,FL,27.4125,-82.659
Sarasota,FL,27.317989,-82.498594
Terra Ceia,FL,27.5722,-82.5832
Myakka City,FL,27.3648,-82.1849
Manasota,FL,27.4272,-82.4387
Oneco,FL,27.4475,-82.5462
Tallevast,FL,27.4054,-82.5435
Candler,FL,29.0607,-81.969
Citra,FL,29.3918,-82.1062
Eastlake Weir,FL,29.0088,-81.9094
Fort Mc Coy,FL,29.391,-81.8551
Ocklawaha,FL,29.062,-81.8954
Orange Springs,FL,29.4856,-81.9589
Sparr,FL,29.3268,-82.1046
Weirsdale,FL,28.9782,-81.8932
Anthony,FL,29.3048,-82.1262
Fairfield,FL,29.3509,-82.2765
Lowell,FL,29.3424,-82.2126
Mc Intosh,FL,29.438,-82.2295
Orange Lake,FL,29.4236,-82.2168
Reddick,FL,29.3754,-82.244
Belleview,FL,29.1469,-82.0625
Ocala,FL,29.1703,-82.148907
Silver Springs,FL,29.23935,-82.0252
Summerfield,FL,29.0046,-82.0243
Hobe Sound,FL,27.0704,-80.14365
Indiantown,FL,27.0615,-80.4803
Jensen Beach,FL,27.239,-80.22615
Palm City,FL,27.1667,-80.2789
Port Salerno,FL,27.1442,-80.2006
Stuart,FL,27.176225,-80.23115
Hialeah,FL,25.87553,-80.3042
Homestead,FL,25.487844,-80.468789
Opa Locka,FL,25.92865,-80.2624
Miami Gardens,FL,25.942,-80.2456
Miami,FL,25.768995,-80.25858
Miami Beach,FL,25.7972,-80.137757
Coral Gables,FL,25.7215,-80.2684
Key Biscayne,FL,25.6921,-80.1625
North Miami Beach,FL,25.9449,-80.1391
Long Key,FL,24.8306,-80.8049
Islamorada,FL,24.9233,-80.63
Key Largo,FL,25.0865,-80.4473
Key West,FL,24.5552,-81.7816
Summerland Key,FL,24.667,-81.5099
Big Pine Key,FL,24.68,-81.362
Marathon,FL,24.7279,-81.0386
Key Colony Beach,FL,24.7234,-81.0203
Marathon Shores,FL,24.7233,-81.0632
Tavernier,FL,25.0108,-80.5218
Bryceville,FL,30.4193,-81.9724
Callahan,FL,30.552,-81.8145
Fernandina Beach,FL,30.6697,-81.4626
Yulee,FL,30.62275,-81.5904
Hilliard,FL,30.6884,-81.9345
Baker,FL,30.8316,-86.677
Crestview,FL,30.77085,-86.53745
Milligan,FL,30.742,-86.6552
Destin,FL,30.3942,-86.4825
Eglin Afb,FL,30.5393,-86.6087
Hurlburt Field,FL,30.4229,-86.6985
Fort Walton Beach,FL,30.430033,-86.6245
Holt,FL,30.7416,-86.7198
Laurel Hill,FL,30.9524,-86.4003
Mary Esther,FL,30.4085,-86.7352
Niceville,FL,30.58905,-86.53835
Shalimar,FL,30.4456,-86.5717
Valparaiso,FL,30.5092,-86.5009
Okeechobee,FL,27.288133,-80.872067
Apopka,FL,28.674533,-81.504767
Christmas,FL,28.5462,-81.0116
Clarcona,FL,28.6128,-81.4987
Maitland,FL,28.62665,-81.36385
Plymouth,FL,28.6985,-81.5698
Tangerine,FL,28.765,-81.6306
Winter Park,FL,28.58195,-81.29465
Zellwood,FL,28.7194,-81.5762
Gotha,FL,28.5384,-81.5208
Killarney,FL,28.5454,-81.6507
Oakland,FL,28.5547,-81.6322
Ocoee,FL,28.5837,-81.5326
Winter Garden,FL,28.549733,-81.594367
Windermere,FL,28.5006,-81.5354
Intercession City,FL,28.2774,-81.5069
Kenansville,FL,27.8767,-81.05
Kissimmee,FL,28.268622,-81.447044
Saint Cloud,FL,28.21794,-81.21024
West Palm Beach,FL,26.712112,-80.097435
North Palm Beach,FL,26.8289,-80.0603
Palm Beach Gardens,FL,26.8234,-80.1387
Wellington,FL,26.6587,-80.2414
Royal Palm Beach,FL,26.7084,-80.2306
Boynton Beach,FL,26.525844,-80.108111
Boca Raton,FL,26.367662,-80.120656
Belle Glade,FL,26.6843,-80.6724
Canal Point,FL,26.8592,-80.6337
Delray Beach,FL,26.456629,-80.098357
Lake Worth,FL,26.609025,-80.1184
Greenacres,FL,26.6237,-80.1253
Jupiter,FL,26.93882,-80.12274
Lake Harbor,FL,26.6931,-80.8145
Loxahatchee,FL,26.7383,-80.276
Pahokee,FL,26.8142,-80.6629
Palm Beach,FL,26.7206,-80.0388
South Bay,FL,26.6701,-80.7312
Dade City,FL,28.355533,-82.236967
Crystal Springs,FL,28.1822,-82.1523
Lacoochee,FL,28.4658,-82.172
Zephyrhills,FL,28.222375,-82.174975
Wesley Chapel,FL,28.2497,-82.315367
Saint Leo,FL,28.3348,-82.2693
San Antonio,FL,28.3371,-82.2882
Trilby,FL,28.4625,-82.1948
Land O Lakes,FL,28.2506,-82.471133
New Port Richey,FL,28.24726,-82.69154
Hudson,FL,28.359933,-82.665967
Port Richey,FL,28.2864,-82.7061
Aripeka,FL,28.4302,-82.6616
Elfers,FL,28.2167,-82.7223
Holiday,FL,28.1902,-82.7395
Saint Petersburg,FL,27.827306,-82.700113
Bay Pines,FL,27.8142,-82.7782
Clearwater,FL,27.939723,-82.731869
Clearwater Beach,FL,27.9598,-82.8286
Largo,FL,27.88555,-82.785733
Seminole,FL,27.8514,-82.786825
Pinellas Park,FL,27.8662,-82.716167
Indian Rocks Beach,FL,27.8868,-82.8435
Belleair Beach,FL,27.9229,-82.8393
Ozona,FL,28.067,-82.7784
Oldsmar,FL,28.046,-82.6848
Crystal Beach,FL,28.0914,-82.7798
Palm Harbor,FL,28.08145,-82.735975
Tarpon Springs,FL,28.14215,-82.71275
Safety Harbor,FL,28.0096,-82.6967
Dunedin,FL,27.9601,-82.7521
Lakeland,FL,28.042908,-81.964385
Alturas,FL,28.0026,-81.6186
Auburndale,FL,28.0724,-81.8122
Babson Park,FL,27.8163,-81.5139
Bartow,FL,27.89605,-81.8279
Bradley,FL,27.6993,-81.9494
Davenport,FL,28.23195,-81.638675
Dundee,FL,28.0194,-81.6212
Eagle Lake,FL,27.9787,-81.7564
Eaton Park,FL,28.0086,-81.9076
Fort Meade,FL,27.7464,-81.7823
Frostproof,FL,27.7211,-81.5148
Haines City,FL,28.05855,-81.61935
Highland City,FL,27.9647,-81.8672
Homeland,FL,27.8178,-81.8245
Kathleen,FL,28.1975,-82.0396
Lake Alfred,FL,28.0895,-81.7271
Lake Hamilton,FL,28.0369,-81.628
Lake Wales,FL,27.880633,-81.5929
Lakeshore,FL,27.966,-81.6965
Indian Lake Estates,FL,27.798,-81.3572
Nalcrest,FL,27.8557,-81.4309
Loughman,FL,28.242,-81.5667
Mulberry,FL,27.902,-82.0015
Nichols,FL,27.8903,-82.0315
River Ranch,FL,27.7686,-81.1966
Polk City,FL,28.1987,-81.8083
Waverly,FL,27.9769,-81.6144
Winter Haven,FL,28.012971,-81.7108
Bostwick,FL,29.7996,-81.6273
Crescent City,FL,29.4272,-81.5579
East Palatka,FL,29.6609,-81.5879
Grandin,FL,29.7277,-81.9184
Georgetown,FL,29.3842,-81.6183
Florahome,FL,29.7581,-81.8622
Hollister,FL,29.6227,-81.8137
Interlachen,FL,29.6256,-81.891
Lake Como,FL,29.4839,-81.5729
Palatka,FL,29.65315,-81.64855
Pomona Park,FL,29.5002,-81.5915
Putnam Hall,FL,29.7368,-81.958
San Mateo,FL,29.5888,-81.5921
Satsuma,FL,29.5594,-81.6406
Welaka,FL,29.4905,-81.653
Melrose,FL,29.7325,-82.0279
Ponte Vedra Beach,FL,30.181,-81.37415
Elkton,FL,29.7882,-81.462
Saint Augustine,FL,29.906433,-81.385533
Ponte Vedra,FL,30.1204,-81.4128
Hastings,FL,29.7051,-81.4909
Saint Johns,FL,30.0815,-81.5477
Fort Pierce,FL,27.427991,-80.371118
Port Saint Lucie,FL,27.298638,-80.386912
Bagdad,FL,30.5986,-87.0315
Gulf Breeze,FL,30.370133,-87.1184
Jay,FL,30.8985,-87.1332
Navarre,FL,30.4212,-86.8926
Milton,FL,30.641375,-87.085675
Englewood,FL,26.9909,-82.367867
Osprey,FL,27.1838,-82.4853
Laurel,FL,27.147,-82.4255
Nokomis,FL,27.1412,-82.45815
Venice,FL,27.10285,-82.3882
North Port,FL,27.066467,-82.1927
Altamonte Springs,FL,28.68375,-81.3414
Casselberry,FL,28.685933,-81.292433
Winter Springs,FL,28.71395,-81.25235
Geneva,FL,28.7503,-81.1114
Goldenrod,FL,28.6133,-81.2581
Lake Mary,FL,28.75125,-81.28705
Lake Monroe,FL,28.8272,-81.3329
Longwood,FL,28.7296,-81.3036
Oviedo,FL,28.6856,-81.1811
Sanford,FL,28.790967,-81.2724
Mid Florida,FL,28.7562,-81.28775
The Villages,FL,28.93395,-81.97565
Bushnell,FL,28.6611,-82.1553
Center Hill,FL,28.6635,-81.9963
Coleman,FL,28.7997,-82.0701
Lake Panasoffkee,FL,28.7953,-82.1363
Sumterville,FL,28.7356,-82.0616
Webster,FL,28.549,-82.0805
Oxford,FL,28.9059,-82.0612
Wildwood,FL,28.8454,-82.0347
Branford,FL,29.9395,-82.8993
Live Oak,FL,30.23575,-83.0074
Mc Alpin,FL,30.1509,-82.9662
O Brien,FL,30.0381,-82.93
Wellborn,FL,30.1796,-82.8505
Perry,FL,30.06665,-83.6377
Salem,FL,29.8539,-83.4421
Shady Grove,FL,30.288,-83.6318
Steinhatchee,FL,29.6739,-83.3723
Raiford,FL,30.07015,-82.1964
Lake Butler,FL,30.0035,-82.3828
Worthington Springs,FL,29.9315,-82.4255
Barberville,FL,29.2005,-81.4065
Daytona Beach,FL,29.195769,-81.032569
Port Orange,FL,29.138025,-81.002725
De Leon Springs,FL,29.1166,-81.3488
Edgewater,FL,28.96365,-80.9036
New Smyrna Beach,FL,29.022567,-80.924633
Ormond Beach,FL,29.294275,-81.0646
Pierson,FL,29.2226,-81.4353
Seville,FL,29.3201,-81.5279
Cassadaga,FL,28.9664,-81.2371
Deland,FL,29.0234,-81.306875
Glenwood,FL,29.0861,-81.3542
Deltona,FL,28.9634,-81.195975
Lake Helen,FL,28.9806,-81.2334
Oak Hill,FL,28.87,-80.8551
Orange City,FL,28.9471,-81.2991
Osteen,FL,28.8426,-81.1562
Crawfordville,FL,30.1934,-84.34785
Panacea,FL,30.0153,-84.3912
Saint Marks,FL,30.1631,-84.2083
Sopchoppy,FL,30.0714,-84.4549
Argyle,FL,30.7056,-86.0314
Defuniak Springs,FL,30.7852,-86.15875
Mossy Head,FL,30.7432,-86.3149
Freeport,FL,30.4896,-86.1684
Santa Rosa Beach,FL,30.3659,-86.2458
Rosemary Beach,FL,30.2835,-86.0305
Paxton,FL,30.9709,-86.3111
Miramar Beach,FL,30.385,-86.3473
Caryville,FL,30.7123,-85.8014
Chipley,FL,30.7107,-85.5486
Ebro,FL,30.4352,-85.8881
Vernon,FL,30.6267,-85.7553
Wausau,FL,30.6321,-85.5888
Baxley,GA,31.781,-82.34855
Saint George,GA,30.5224,-82.0376
Surrency,GA,31.6489,-82.1982
Axson,GA,31.3035,-82.7319
Pearson,GA,31.3106,-82.8591
Willacoochee,GA,31.3455,-83.0449
Alma,GA,31.5465,-82.4633
Albany,GA,31.564144,-84.164589
Colquitt,GA,31.173,-84.731
Damascus,GA,31.2984,-84.7175
Donalsonville,GA,31.0505,-84.8801
Leary,GA,31.4849,-84.5128
Newton,GA,31.3164,-84.3367
Hardwick,GA,33.0227,-83.247
Milledgeville,GA,33.071233,-83.2311
Baldwin,GA,34.4574,-83.476
Homer,GA,34.3563,-83.4974
Maysville,GA,34.2529,-83.5616
Auburn,GA,34.0191,-83.8261
Bethlehem,GA,33.9261,-83.7282
Statham,GA,33.9602,-83.5893
Winder,GA,33.9985,-83.7115
Adairsville,GA,34.3595,-84.9176
Cartersville,GA,34.19745,-84.79385
Cassville,GA,34.2442,-84.8457
Emerson,GA,34.12,-84.757
Kingston,GA,34.2501,-84.9973
Rydal,GA,34.3379,-84.7376
Taylorsville,GA,34.1229,-84.9739
White,GA,34.2717,-84.7383
Fitzgerald,GA,31.7248,-83.2495
Cuthbert,GA,31.7706,-84.7936
Alapaha,GA,31.394,-83.2132
Nashville,GA,31.2074,-83.2319
Ray City,GA,31.0825,-83.2143
Enigma,GA,31.3736,-83.3552
Lizella,GA,32.7773,-83.825
Macon,GA,32.81893,-83.6651
Cochran,GA,32.3981,-83.3229
Hoboken,GA,31.1431,-82.1207
Hortense,GA,31.3199,-81.9596
Nahunta,GA,31.1827,-81.9722
Waynesville,GA,31.2448,-81.8039
Barney,GA,31.0074,-83.5219
Dixie,GA,30.7722,-83.6792
Morven,GA,30.9416,-83.4993
Quitman,GA,30.7797,-83.5567
Barwick,GA,30.8902,-83.7407
Ellabell,GA,32.1273,-81.4983
Pembroke,GA,32.1812,-81.6656
Richmond Hill,GA,31.8962,-81.294
Brooklet,GA,32.294,-81.628
Portal,GA,32.555,-81.9123
Register,GA,32.3382,-81.8728
Statesboro,GA,32.438925,-81.76245
Girard,GA,33.0437,-81.7106
Midville,GA,32.8638,-82.2042
Sardis,GA,32.9809,-81.773
Gough,GA,33.0918,-82.2265
Keysville,GA,33.1719,-82.1834
Waynesboro,GA,33.1013,-81.9908
Flovilla,GA,33.25,-83.9079
Jackson,GA,33.282,-83.9784
Jenkinsburg,GA,33.3224,-84.0287
Dawson,GA,31.7703,-84.5238
Morgan,GA,31.5374,-84.5994
Shellman,GA,31.7608,-84.6092
Kings Bay,GA,30.7906,-81.5607
Kingsland,GA,30.7977,-81.7075
Saint Marys,GA,30.7305,-81.5465
Waverly,GA,31.0427,-81.5697
White Oak,GA,30.9952,-81.7782
Woodbine,GA,30.9437,-81.6783
Metter,GA,32.401,-82.0607
Pulaski,GA,32.3902,-81.9568
Bowdon,GA,33.5373,-85.2533
Bowdon Junction,GA,33.6534,-85.1362
Carrollton,GA,33.59106,-85.076
Mount Zion,GA,33.643,-85.1818
Roopville,GA,33.4322,-85.1671
Temple,GA,33.7677,-85.0133
Villa Rica,GA,33.7173,-84.9297
Whitesburg,GA,33.5111,-84.9254
Graysville,GA,34.9765,-85.1413
Ringgold,GA,34.9205,-85.1549
Fort Oglethorpe,GA,34.9506,-85.2432
Folkston,GA,30.8508,-82.0116
Bloomingdale,GA,32.1177,-81.3085
Pooler,GA,32.1149,-81.252
Tybee Island,GA,32.0068,-80.8509
Savannah,GA,32.017756,-81.094239
Port Wentworth,GA,32.1491,-81.1632
Cusseta,GA,32.299,-84.7645
Lyerly,GA,34.403,-85.4038
Menlo,GA,34.5864,-85.4774
Summerville,GA,34.4859,-85.3362
Trion,GA,34.5468,-85.3112
Ball Ground,GA,34.3393,-84.3758
Canton,GA,34.227933,-84.467067
Holly Springs,GA,34.174,-84.5013
Lebanon,GA,34.2429,-84.4583
Nelson,GA,34.382,-84.371
Waleska,GA,34.3217,-84.562
Woodstock,GA,34.11705,-84.5417
Athens,GA,33.95448,-83.38565
Winterville,GA,33.9543,-83.2906
Blakely,GA,31.3791,-84.9353
Bluffton,GA,31.52,-84.867
Coleman,GA,31.6726,-84.8903
Edison,GA,31.5607,-84.7381
Fort Gaines,GA,31.6264,-85.0548
Georgetown,GA,31.8854,-85.1059
Morris,GA,31.8343,-84.9255
Jonesboro,GA,33.506433,-84.363333
Lovejoy,GA,33.4429,-84.3136
Morrow,GA,33.5428,-84.338
Rex,GA,33.5808,-84.2782
Riverdale,GA,33.5599,-84.41835
Conley,GA,33.6369,-84.3371
Ellenwood,GA,33.6166,-84.2939
Forest Park,GA,33.5561,-84.3629
Argyle,GA,31.0744,-82.644
Du Pont,GA,30.9885,-82.8715
Fargo,GA,30.6819,-82.5665
Homerville,GA,31.0509,-82.7613
Marietta,GA,33.9462,-84.532471
Smyrna,GA,33.867167,-84.5837
Acworth,GA,34.07315,-84.61855
Austell,GA,33.81035,-84.61295
Clarkdale,GA,33.9125,-84.5572
Mableton,GA,33.8332,-84.6031
Powder Springs,GA,33.9135,-84.6859
Kennesaw,GA,34.0165,-84.62494
Ambrose,GA,31.5367,-82.9976
Broxton,GA,31.6484,-82.905
Douglas,GA,31.487067,-82.850833
Nicholls,GA,31.4498,-82.6032
West Green,GA,31.6143,-82.7243
Berlin,GA,31.0682,-83.6238
Doerun,GA,31.3136,-83.9253
Ellenton,GA,31.1789,-83.5889
Funston,GA,31.2054,-83.8776
Hartsfield,GA,31.2173,-83.9704
Moultrie,GA,31.1458,-83.7462
Norman Park,GA,31.2462,-83.6549
Appling,GA,33.6271,-82.2856
Evans,GA,33.5412,-82.1398
Grovetown,GA,33.4504,-82.1982
Harlem,GA,33.417,-82.3097
Augusta,GA,33.432962,-82.075146
Arlington,GA,31.442,-84.7241
Adel,GA,31.1251,-83.4213
Cecil,GA,31.0403,-83.3915
Lenox,GA,31.2664,-83.4481
Sparks,GA,31.179,-83.4476
Grantville,GA,33.2473,-84.835
Haralson,GA,33.2322,-84.5685
Moreland,GA,33.2734,-84.7566
Newnan,GA,33.36945,-84.77545
Sargent,GA,33.4299,-84.8744
Senoia,GA,33.2845,-84.5918
Sharpsburg,GA,33.4013,-84.654
Turin,GA,33.326,-84.6371
Knoxville,GA,32.7243,-83.9977
Musella,GA,32.8202,-84.0456
Roberta,GA,32.7222,-84.0451
Cordele,GA,31.9369,-83.78445
Arabi,GA,31.8496,-83.7277
Rising Fawn,GA,34.8139,-85.5019
Trenton,GA,34.9017,-85.5171
Wildwood,GA,34.9779,-85.4305
Dawsonville,GA,34.4537,-84.155
Attapulgus,GA,30.7493,-84.4846
Bainbridge,GA,30.908833,-84.575967
Fowlstown,GA,30.8024,-84.5471
Avondale Estates,GA,33.7717,-84.2607
Clarkston,GA,33.8101,-84.2388
Decatur,GA,33.758825,-84.274025
Lithonia,GA,33.70895,-84.13095
Pine Lake,GA,33.7906,-84.2053
Redan,GA,33.7454,-84.1316
Scottdale,GA,33.7934,-84.2585
Stone Mountain,GA,33.812925,-84.1567
Tucker,GA,33.85575,-84.21655
Atlanta,GA,33.817077,-84.380226
Chauncey,GA,32.1046,-83.0646
Chester,GA,32.3982,-83.174
Eastman,GA,32.2084,-83.186
Rhine,GA,31.938,-83.1837
Byromville,GA,32.189,-83.9332
Lilly,GA,32.1471,-83.8774
Montezuma,GA,32.3026,-84.0041
Pinehurst,GA,32.1967,-83.7209
Unadilla,GA,32.2558,-83.7447
Vienna,GA,32.0913,-83.7922
Putney,GA,31.5431,-84.2196
Lithia Springs,GA,33.7655,-84.6469
Douglasville,GA,33.725175,-84.74635
Winston,GA,33.6634,-84.8639
Cedar Springs,GA,31.1745,-85.037
Climax,GA,30.8757,-84.445
Statenville,GA,30.7065,-83.019
Clyo,GA,32.5126,-81.3086
Eden,GA,32.1736,-81.3992
Guyton,GA,32.314,-81.3896
Meldrim,GA,32.1499,-81.3722
Rincon,GA,32.296,-81.2354
Springfield,GA,32.3697,-81.3618
Bowman,GA,34.1919,-83.0284
Dewy Rose,GA,34.1853,-82.9434
Elberton,GA,34.1082,-82.8448
Swainsboro,GA,32.5699,-82.3462
Garfield,GA,32.6549,-82.1002
Norristown,GA,32.5041,-82.4848
Nunez,GA,32.4759,-82.3726
Stillmore,GA,32.4421,-82.2151
Twin City,GA,32.6129,-82.1979
Adrian,GA,32.5635,-82.5695
Bellville,GA,32.1524,-81.9743
Claxton,GA,32.165,-81.908
Daisy,GA,32.1519,-81.8346
Hagan,GA,32.156,-81.9337
Blue Ridge,GA,34.8555,-84.3281
Epworth,GA,34.9129,-84.5391
Mc Caysville,GA,34.9739,-84.4291
Mineral Bluff,GA,34.9341,-84.2541
Morganton,GA,34.8714,-84.2115
Brooks,GA,33.2984,-84.4769
Fayetteville,GA,33.4311,-84.4772
Peachtree City,GA,33.395,-84.5831
Tyrone,GA,33.4719,-84.5914
Armuchee,GA,34.4411,-85.1843
Cave Spring,GA,34.1167,-85.3379
Coosa,GA,34.3333,-85.2337
Lindale,GA,34.1707,-85.1825
Mount Berry,GA,34.2804,-85.1821
Rome,GA,34.2983,-85.21016
Shannon,GA,34.3333,-85.2337
Silver Creek,GA,34.1593,-85.1429
Cumming,GA,34.241833,-84.1469
Canon,GA,34.3478,-83.1267
Carnesville,GA,34.3631,-83.2547
Lavonia,GA,34.4528,-83.113
Franklin Springs,GA,34.2743,-83.147
Royston,GA,34.2778,-83.1406
Alpharetta,GA,34.07396,-84.27394
Roswell,GA,34.028433,-84.352633
Fairburn,GA,33.5648,-84.5809
Palmetto,GA,33.5242,-84.679
Red Oak,GA,33.6259,-84.5163
Union City,GA,33.5832,-84.5499
Cherry Log,GA,34.7804,-84.3908
Ellijay,GA,34.66625,-84.4183
East Ellijay,GA,34.684,-84.4727
Gibson,GA,33.2471,-82.5766
Mitchell,GA,33.2052,-82.6817
Brunswick,GA,31.2104,-81.5091
Saint Simons Island,GA,31.23,-81.3502
Jekyll Island,GA,31.074,-81.4128
Sea Island,GA,31.1989,-81.3322
Fairmount,GA,34.4362,-84.6999
Calhoun,GA,34.49955,-84.9428
Oakman,GA,34.569,-84.7119
Plainville,GA,34.4145,-85.0312
Ranger,GA,34.5404,-84.727
Resaca,GA,34.5833,-84.9068
Sugar Valley,GA,34.5519,-85.026
Cairo,GA,30.9148,-84.208
Calvary,GA,30.7462,-84.3125
Whigham,GA,30.8836,-84.3246
Greensboro,GA,33.5637,-83.1702
Siloam,GA,33.5368,-83.081
Union Point,GA,33.6345,-83.0879
White Plains,GA,33.4581,-83.0802
Norcross,GA,33.94506,-84.09898
Grayson,GA,33.8901,-83.9632
Dacula,GA,33.9883,-83.8795
Suwanee,GA,34.0425,-84.0262
North Metro,GA,33.9792,-84.1263
Snellville,GA,33.84065,-84.0155
Lawrenceville,GA,33.9517,-84.021683
Lilburn,GA,33.913,-84.0552
Loganville,GA,33.8769,-83.8968
Peachtree Corners,GA,33.9701,-84.2216
Duluth,GA,33.9912,-84.11464
Buford,GA,34.050833,-83.9884
Alto,GA,34.4591,-83.602
Clarkesville,GA,34.645,-83.5243
Cornelia,GA,34.5209,-83.5453
Demorest,GA,34.5756,-83.5696
Mount Airy,GA,34.5678,-83.4713
Turnerville,GA,34.6766,-83.4358
Gainesville,GA,34.30806,-83.86304
Chestnut Mountain,GA,34.213,-83.7949
Clermont,GA,34.4761,-83.7853
Flowery Branch,GA,34.1819,-83.9024
Gillsville,GA,34.3001,-83.6757
Lula,GA,34.3876,-83.6663
Murrayville,GA,34.4342,-83.8949
Oakwood,GA,34.2372,-83.894
Sparta,GA,33.2571,-83.0892
Bremen,GA,33.7309,-85.1286
Buchanan,GA,33.8283,-85.1506
Felton,GA,33.8823,-85.2349
Tallapoosa,GA,33.7602,-85.3
Waco,GA,33.684,-85.2197
Cataula,GA,32.6242,-84.9207
Ellerslie,GA,32.6312,-84.7895
Hamilton,GA,32.7418,-84.8848
Pine Mountain,GA,32.8735,-84.896
Pine Mountain Valley,GA,32.8226,-84.8204
Shiloh,GA,32.8101,-84.696
Waverly Hall,GA,32.6793,-84.7425
Bowersville,GA,34.3996,-83.0484
Hartwell,GA,34.3571,-82.9296
Franklin,GA,33.278,-85.134
Hampton,GA,33.4124,-84.2947
Locust Grove,GA,33.3449,-84.0982
Mcdonough,GA,33.4639,-84.1047
Stockbridge,GA,33.5633,-84.2165
Bonaire,GA,32.546,-83.6047
Clinchfield,GA,32.3386,-83.6926
Elko,GA,32.3336,-83.7304
Centerville,GA,32.6344,-83.6768
Kathleen,GA,32.4672,-83.6128
Perry,GA,32.4605,-83.7283
Warner Robins,GA,32.59638,-83.6352
Irwinville,GA,31.7063,-83.4086
Mystic,GA,31.6209,-83.2498
Ocilla,GA,31.5929,-83.2565
Wray,GA,31.5952,-83.1075
Braselton,GA,34.1389,-83.7812
Commerce,GA,34.195233,-83.435767
Hoschton,GA,34.0866,-83.7803
Jefferson,GA,34.1062,-83.5708
Nicholson,GA,34.097,-83.421
Pendergrass,GA,34.1796,-83.6634
Talmo,GA,34.1951,-83.7187
Mansfield,GA,33.4314,-83.7908
Hillsboro,GA,33.1421,-83.6404
Monticello,GA,33.3118,-83.714
Shady Dale,GA,33.435,-83.6269
Denton,GA,31.7226,-82.7526
Hazlehurst,GA,31.8606,-82.5909
Bartow,GA,32.8632,-82.4708
Louisville,GA,33.0163,-82.3836
Wadley,GA,32.8747,-82.4025
Avera,GA,33.141,-82.515
Matthews,GA,33.2652,-82.3294
Stapleton,GA,33.1894,-82.4597
Wrens,GA,33.2104,-82.381
Millen,GA,32.7877,-81.9618
Perkins,GA,32.9129,-81.8538
Kite,GA,32.7078,-82.5274
Wrightsville,GA,32.7219,-82.7262
Gray,GA,33.0172,-83.54
Haddock,GA,33.0519,-83.4312
Barnesville,GA,33.0457,-84.1515
Milner,GA,33.141,-84.1759
Lakeland,GA,31.0381,-83.0889
Stockton,GA,31.0229,-83.0139
Rockledge,GA,32.3915,-82.7479
Cadwell,GA,32.3174,-83.0268
Dexter,GA,32.4356,-83.0528
Dublin,GA,32.4997,-82.92655
Dudley,GA,32.5259,-83.0899
East Dublin,GA,32.5482,-82.8718
Montrose,GA,32.5619,-83.1601
Rentz,GA,32.3799,-82.967
Leesburg,GA,31.6812,-84.1593
Smithville,GA,31.8847,-84.2271
Allenhurst,GA,31.7741,-81.6186
Fleming,GA,31.8645,-81.4232
Hinesville,GA,31.82905,-81.52215
Fort Stewart,GA,31.88195,-81.611
Midway,GA,31.8018,-81.3909
Riceboro,GA,31.7357,-81.4671
Walthourville,GA,31.7705,-81.6208
Lincolnton,GA,33.7773,-82.4435
Ludowici,GA,31.7705,-81.7453
Valdosta,GA,30.842343,-83.2698
Hahira,GA,30.9913,-83.3727
Lake Park,GA,30.6906,-83.1753
Naylor,GA,30.8985,-83.1224
Moody Afb,GA,30.9785,-83.2165
Dahlonega,GA,34.5288,-83.98035
Boneville,GA,33.528,-82.5104
Dearing,GA,33.407,-82.3955
Thomson,GA,33.4774,-82.4942
Crescent,GA,31.5094,-81.3695
Darien,GA,31.3826,-81.4312
Meridian,GA,31.459,-81.3689
Sapelo Island,GA,31.3974,-81.2787
Townsend,GA,31.5673,-81.4182
Ideal,GA,32.3696,-84.188
Marshallville,GA,32.452,-83.9435
Oglethorpe,GA,32.2842,-84.083
Carlton,GA,33.9852,-83.0038
Colbert,GA,34.0382,-83.2191
Comer,GA,34.0888,-83.122
Danielsville,GA,34.1708,-83.2758
Hull,GA,34.0478,-83.311
Ila,GA,34.1726,-83.2921
Buena Vista,GA,32.2542,-84.4898
Gay,GA,33.1274,-84.5836
Greenville,GA,33.0468,-84.7402
Luthersville,GA,33.2101,-84.7444
Woodbury,GA,32.9813,-84.5986
Manchester,GA,32.8721,-84.6312
Warm Springs,GA,32.9063,-84.7167
Baconton,GA,31.3878,-84.1135
Camilla,GA,31.2199,-84.2297
Cotton,GA,31.1616,-84.0668
Pelham,GA,31.1272,-84.1564
Sale City,GA,31.26,-84.0422
Bolingbroke,GA,32.947,-83.8006
Culloden,GA,32.9003,-84.0626
Forsyth,GA,33.0508,-83.9362
Juliette,GA,33.1194,-83.8235
Smarr,GA,32.9895,-83.8761
Ailey,GA,32.2143,-82.4762
Alston,GA,32.0775,-82.4825
Mount Vernon,GA,32.184,-82.5867
Tarrytown,GA,32.3188,-82.5593
Uvalda,GA,32.0483,-82.5089
Bostwick,GA,33.7373,-83.5143
Buckhead,GA,33.5368,-83.3435
High Shoals,GA,33.8013,-83.5164
Madison,GA,33.5947,-83.4618
Rutledge,GA,33.6163,-83.6023
Chatsworth,GA,34.7589,-84.7943
Cisco,GA,34.9618,-84.6646
Crandall,GA,34.9412,-84.7645
Eton,GA,34.8251,-84.7633
Tennga,GA,34.9814,-84.7352
Fortson,GA,32.6288,-85.0017
Midland,GA,32.5616,-84.8559
Upatoi,GA,32.5601,-84.7448
Columbus,GA,32.489893,-84.928814
Fort Benning,GA,32.44405,-84.94775
Covington,GA,33.5469,-83.857467
Oxford,GA,33.6706,-83.874
Newborn,GA,33.5149,-83.7072
Porterdale,GA,33.5712,-83.8951
Bishop,GA,33.8081,-83.4777
Bogart,GA,33.934,-83.5055
Farmington,GA,33.7558,-83.4201
Watkinsville,GA,33.8542,-83.408
Arnoldsville,GA,33.8803,-83.2341
Crawford,GA,33.9076,-83.1646
Lexington,GA,33.8799,-83.0858
Stephens,GA,33.7715,-83.1159
Maxeys,GA,33.7405,-83.1706
Dallas,GA,33.9104,-84.84495
Hiram,GA,33.8673,-84.7699
Byron,GA,32.6181,-83.789
Fort Valley,GA,32.5496,-83.8887
Jasper,GA,34.462,-84.4759
Marble Hill,GA,34.4398,-84.303
Talking Rock,GA,34.5394,-84.4912
Tate,GA,34.4027,-84.3785
Blackshear,GA,31.2931,-82.2617
Bristol,GA,31.4833,-82.215
Mershon,GA,31.4783,-82.217
Offerman,GA,31.4126,-82.1155
Patterson,GA,31.3903,-82.1274
Concord,GA,33.0998,-84.447
Meansville,GA,33.0134,-84.3169
Molena,GA,32.9978,-84.4558
Williamson,GA,33.1598,-84.3795
Zebulon,GA,33.1002,-84.3108
Aragon,GA,34.0666,-85.0696
Cedartown,GA,34.0112,-85.2459
Esom Hill,GA,33.949,-85.3877
Rockmart,GA,33.9979,-85.0594
Hawkinsville,GA,32.2778,-83.4948
Eatonton,GA,33.32155,-83.3699
Clayton,GA,34.8826,-83.4065
Dillard,GA,34.9777,-83.3199
Lakemont,GA,34.7617,-83.4038
Mountain City,GA,34.9181,-83.3854
Rabun Gap,GA,34.9576,-83.3901
Tallulah Falls,GA,34.742,-83.3977
Tiger,GA,34.8174,-83.4333
Wiley,GA,34.8045,-83.4191
Blythe,GA,33.2941,-82.203
Gracewood,GA,33.3726,-82.0321
Hephzibah,GA,33.3433,-82.0887
Conyers,GA,33.657967,-84.012933
Ellaville,GA,32.239,-84.3039
Dover,GA,32.5771,-81.7151
Newington,GA,32.581,-81.4826
Oliver,GA,32.5281,-81.5332
Rocky Ford,GA,32.723,-81.7933
Sylvania,GA,32.7439,-81.6287
Brinson,GA,30.9788,-84.7373
Iron City,GA,31.013,-84.8138
Jakin,GA,31.1824,-85.0121
Experiment,GA,33.2782,-84.2888
Griffin,GA,33.24765,-84.2731
Orchard Hill,GA,33.2657,-84.299
Sunny Side,GA,33.3453,-84.2898
Eastanollee,GA,34.5037,-83.2587
Martin,GA,34.487,-83.1849
Toccoa,GA,34.5665,-83.3114
Toccoa Falls,GA,34.5942,-83.3557
Louvale,GA,32.1752,-84.8252
Lumpkin,GA,32.0435,-84.8022
Omaha,GA,32.1176,-84.9711
Richland,GA,32.0846,-84.6667
Americus,GA,32.06185,-84.2564
Andersonville,GA,32.1559,-84.164
Cobb,GA,31.9617,-83.9581
De Soto,GA,31.9502,-84.0271
Leslie,GA,31.954,-84.0783
Plains,GA,32.0339,-84.3586
Box Springs,GA,32.5195,-84.5927
Geneva,GA,32.5799,-84.5508
Junction City,GA,32.608,-84.4574
Talbotton,GA,32.6797,-84.5462
Woodland,GA,32.79,-84.5654
Crawfordville,GA,33.5708,-82.8872
Sharon,GA,33.56,-82.7948
Cobbtown,GA,32.2642,-82.1333
Collins,GA,32.1852,-82.1095
Glennville,GA,31.9467,-81.9483
Manassas,GA,32.1605,-82.0196
Reidsville,GA,32.07085,-82.13285
Butler,GA,32.5726,-84.2343
Howard,GA,32.596,-84.3844
Mauk,GA,32.509,-84.3999
Reynolds,GA,32.5541,-84.1011
Rupert,GA,32.4325,-84.2738
Mc Rae Helena,GA,32.0709,-82.90765
Milan,GA,31.9618,-83.0588
Scotland,GA,32.0488,-82.8171
Jacksonville,GA,31.8481,-82.975
Lumber City,GA,31.9251,-82.7073
Bronwood,GA,31.8308,-84.364
Sasser,GA,31.7191,-84.3479
Boston,GA,30.7855,-83.7971
Coolidge,GA,30.9859,-83.8752
Thomasville,GA,30.841325,-83.953875
Meigs,GA,31.0625,-84.0824
Ochlocknee,GA,30.9742,-84.055
Pavo,GA,30.9401,-83.7409
Brookfield,GA,31.4417,-83.5037
Chula,GA,31.5439,-83.5509
Omega,GA,31.33,-83.5974
Tifton,GA,31.4629,-83.5436
Ty Ty,GA,31.4718,-83.6468
Lyons,GA,32.1711,-82.3078
Vidalia,GA,32.18545,-82.3903
Hiawassee,GA,34.9063,-83.7274
Young Harris,GA,34.9588,-83.8688
Soperton,GA,32.3869,-82.5871
Hogansville,GA,33.1644,-84.9309
Lagrange,GA,33.031633,-85.026867
West Point,GA,32.8337,-85.1197
Ashburn,GA,31.7059,-83.6608
Rebecca,GA,31.7979,-83.5235
Sycamore,GA,31.6553,-83.6064
Danville,GA,32.6057,-83.2454
Dry Branch,GA,32.7151,-83.4558
Jeffersonville,GA,32.7411,-83.3859
Blairsville,GA,34.87625,-83.9751
Suches,GA,34.7253,-84.0496
The Rock,GA,32.9717,-84.2424
Thomaston,GA,32.9015,-84.3324
Yatesville,GA,32.9156,-84.1593
Chickamauga,GA,34.858,-85.3221
Flintstone,GA,34.9252,-85.3524
La Fayette,GA,34.692,-85.2602
Rock Spring,GA,34.8065,-85.2415
Rossville,GA,34.9535,-85.2968
Lookout Mountain,GA,34.9335,-85.3794
Jersey,GA,33.718,-83.8015
Social Circle,GA,33.6791,-83.6835
Good Hope,GA,33.7613,-83.595
Monroe,GA,33.81345,-83.70585
Waycross,GA,31.217233,-82.357
Manor,GA,31.1088,-82.5742
Millwood,GA,31.2506,-82.6441
Waresboro,GA,31.248,-82.4737
Camak,GA,33.4535,-82.646
Mesena,GA,33.4599,-82.5901
Norwood,GA,33.4789,-82.7356
Warrenton,GA,33.4091,-82.6357
Jewell,GA,33.2963,-82.7774
Davisboro,GA,32.9443,-82.6227
Harrison,GA,32.842,-82.7159
Oconee,GA,32.8554,-82.9499
Sandersville,GA,32.975,-82.8406
Tennille,GA,32.9063,-82.84
Warthen,GA,33.1255,-82.8039
Jesup,GA,31.57315,-81.8631
Odum,GA,31.6999,-81.9943
Screven,GA,31.5168,-82.0397
Preston,GA,32.074,-84.5489
Weston,GA,31.9637,-84.5756
Parrott,GA,31.8939,-84.5112
Alamo,GA,32.133,-82.7944
Glenwood,GA,32.1572,-82.6759
Cleveland,GA,34.5839,-83.75
Helen,GA,34.6866,-83.7399
Sautee Nacoochee,GA,34.7162,-83.6931
Cohutta,GA,34.9326,-84.9458
Dalton,GA,34.768,-84.960725
Rocky Face,GA,34.7745,-85.0561
Tunnel Hill,GA,34.8541,-85.0468
Varnell,GA,34.9012,-84.9738
Abbeville,GA,31.9648,-83.3068
Pineview,GA,32.0907,-83.5158
Pitts,GA,31.9425,-83.5579
Rochelle,GA,31.9491,-83.445
Seville,GA,31.9605,-83.601
Rayle,GA,33.7856,-82.9504
Tignall,GA,33.8778,-82.747
Washington,GA,33.7265,-82.7429
Allentown,GA,32.6064,-83.2095
Gordon,GA,32.8813,-83.3029
Irwinton,GA,32.8088,-83.174
Mc Intyre,GA,32.8468,-83.204
Toomsboro,GA,32.8219,-83.0844
Oakfield,GA,31.7798,-83.9706
Poulan,GA,31.5384,-83.7843
Sumner,GA,31.513,-83.7385
Sylvester,GA,31.5393,-83.8607
Warwick,GA,31.831,-83.9188
Captain Cook,HI,19.4386,-155.8875
Hakalau,HI,19.8882,-155.1333
Hawaii National Park,HI,19.5935,-155.438
Hawi,HI,20.238,-155.838
Hilo,HI,19.7162,-155.0923
Holualoa,HI,19.6103,-155.9176
Honaunau,HI,19.4273,-155.9133
Honokaa,HI,20.0827,-155.488
Honomu,HI,19.8728,-155.1177
Ocean View,HI,19.1002,-155.7258
Waikoloa,HI,19.9724,-155.818
Keauhou,HI,19.5606,-155.9623
Kailua Kona,HI,19.6233,-155.7089
Kamuela,HI,20.0081,-155.7052
Keaau,HI,19.5893,-154.9926
Kealakekua,HI,19.5261,-155.93
Kapaau,HI,20.2183,-155.799
Kurtistown,HI,19.5693,-155.0349
Laupahoehoe,HI,19.9802,-155.2323
Mountain View,HI,19.5506,-155.0864
Naalehu,HI,19.0668,-155.6575
Ninole,HI,19.935,-155.1668
Ookala,HI,20.0119,-155.2747
Paauilo,HI,20.0271,-155.3697
Pahala,HI,19.2079,-155.4815
Pahoa,HI,19.5089,-154.9231
Papaaloa,HI,19.9751,-155.2203
Papaikou,HI,19.7916,-155.0984
Pepeekeo,HI,19.8353,-155.113
Volcano,HI,19.4801,-155.1974
Aiea,HI,21.3908,-157.9332
Ewa Beach,HI,21.3274,-158.0103
Kapolei,HI,21.3343,-158.0464
Haleiwa,HI,21.6312,-158.0693
Hauula,HI,21.6139,-157.9157
Kaaawa,HI,21.5481,-157.8495
Kahuku,HI,21.675,-157.9725
Kailua,HI,21.4063,-157.7448
Kaneohe,HI,21.4228,-157.8115
Kunia,HI,21.463,-158.0639
Laie,HI,21.6253,-157.941
Pearl City,HI,21.4084,-157.9652
Wahiawa,HI,21.5006,-158.0435
Mililani,HI,21.4531,-158.0174
Waialua,HI,21.5766,-158.1267
Waianae,HI,21.4352,-158.1781
Waimanalo,HI,21.3418,-157.7131
Waipahu,HI,21.3982,-158.0124
Honolulu,HI,21.310476,-157.843093
Jbphh,HI,21.36105,-157.9143
Wheeler Army Airfield,HI,21.4877,-158.0351
Schofield Barracks,HI,21.4963,-158.0646
Fort Shafter,HI,21.3416,-157.8918
Tripler Army Medical Center,HI,21.4061,-157.9609
Camp H M Smith,HI,21.3967,-157.8994
Mcbh Kaneohe Bay,HI,21.316,-157.8677
Wake Island,HI,19.2836,166.6419
Anahola,HI,22.1423,-159.3139
Eleele,HI,21.9074,-159.5832
Hanalei,HI,22.1603,-159.5471
Hanamaulu,HI,21.9977,-159.3592
Hanapepe,HI,21.9156,-159.592
Princeville,HI,22.2192,-159.4866
Kalaheo,HI,21.9259,-159.5303
Kapaa,HI,22.0868,-159.3448
Kaumakani,HI,21.9213,-159.6241
Kealia,HI,22.106,-159.3085
Kekaha,HI,21.9735,-159.7199
Kilauea,HI,22.2073,-159.3954
Koloa,HI,21.9083,-159.4749
Lawai,HI,21.9309,-159.4993
Lihue,HI,21.9816,-159.3683
Makaweli,HI,21.9454,-159.9214
Waimea,HI,21.9571,-159.6689
Haiku,HI,20.9071,-156.3
Hana,HI,20.7616,-156.0397
Hoolehua,HI,21.173,-157.0791
Kahului,HI,20.88545,-156.4763
Kalaupapa,HI,21.1929,-156.9835
Kaunakakai,HI,21.0905,-156.969
Kihei,HI,20.7441,-156.4475
Kualapuu,HI,21.1601,-157.0277
Lahaina,HI,20.892,-156.66195
Lanai City,HI,20.8293,-156.921
Makawao,HI,20.8469,-156.3327
Maunaloa,HI,21.1422,-157.2193
Paia,HI,20.9154,-156.3802
Puunene,HI,20.8666,-156.6467
Pukalani,HI,20.8559,-156.3259
Kula,HI,20.7534,-156.326
Wailuku,HI,20.8966,-156.5036
Adair,IA,41.5137,-94.6444
Bridgewater,IA,41.2589,-94.6669
Fontanelle,IA,41.2896,-94.5419
Greenfield,IA,41.3133,-94.4408
Orient,IA,41.2192,-94.3705
Carbon,IA,41.0487,-94.8231
Corning,IA,40.9871,-94.7358
Nodaway,IA,40.954,-94.8731
Prescott,IA,41.0577,-94.5942
Dorchester,IA,43.4421,-91.5076
Harpers Ferry,IA,43.1698,-91.2188
Lansing,IA,43.3661,-91.266
New Albin,IA,43.4899,-91.2942
Postville,IA,43.0036,-91.5478
Waterville,IA,43.2078,-91.2976
Waukon,IA,43.264,-91.48
Centerville,IA,40.7326,-92.8728
Cincinnati,IA,40.6344,-92.9219
Exline,IA,40.6414,-92.827
Moravia,IA,40.8825,-92.8534
Moulton,IA,40.6866,-92.6833
Mystic,IA,40.7883,-92.9284
Plano,IA,40.7751,-93.0386
Udell,IA,40.7808,-92.7421
Unionville,IA,40.8416,-92.6935
Audubon,IA,41.73,-94.9164
Brayton,IA,41.5524,-94.974
Exira,IA,41.5768,-94.8571
Gray,IA,41.8401,-94.9812
Hamlin,IA,41.6506,-94.9157
Kimballton,IA,41.6352,-95.0553
Atkins,IA,41.9881,-91.876
Belle Plaine,IA,41.8992,-92.2574
Blairstown,IA,41.9063,-92.0829
Garrison,IA,42.1588,-92.1644
Keystone,IA,42.0156,-92.2179
Luzerne,IA,41.9061,-92.1793
Mount Auburn,IA,42.255,-92.0927
Newhall,IA,41.9927,-91.9779
Norway,IA,41.8992,-91.892
Shellsburg,IA,42.0848,-91.8746
Urbana,IA,42.2365,-91.8881
Van Horne,IA,42.0194,-92.1046
Vinton,IA,42.1743,-91.9892
Walford,IA,41.877,-91.8369
Watkins,IA,41.904,-91.9965
Cedar Falls,IA,42.49695,-92.3796
Dewar,IA,42.5253,-92.2207
Dunkerton,IA,42.578,-92.1588
Gilbertville,IA,42.4161,-92.2149
Hudson,IA,42.3905,-92.4549
La Porte City,IA,42.3416,-92.1862
Raymond,IA,42.4672,-92.2162
Waterloo,IA,42.4839,-92.33475
Evansdale,IA,42.4755,-92.2812
Beaver,IA,42.0387,-94.1436
Boone,IA,42.062933,-93.8795
Boxholm,IA,42.1706,-94.1052
Luther,IA,41.9387,-93.8371
Madrid,IA,41.8841,-93.8448
Ogden,IA,42.0351,-94.0063
Pilot Mound,IA,42.1604,-94.0102
Denver,IA,42.6731,-92.3417
Frederika,IA,42.8827,-92.3063
Janesville,IA,42.6465,-92.4791
Plainfield,IA,42.8503,-92.5116
Readlyn,IA,42.6929,-92.2154
Sumner,IA,42.8419,-92.1186
Tripoli,IA,42.8105,-92.2659
Waverly,IA,42.7748,-92.404
Aurora,IA,42.6203,-91.7335
Fairbank,IA,42.6162,-92.0326
Hazleton,IA,42.6076,-91.9105
Independence,IA,42.4674,-91.8803
Jesup,IA,42.4823,-92.0456
Lamont,IA,42.5946,-91.6701
Stanley,IA,42.6356,-91.8127
Winthrop,IA,42.4912,-91.7315
Brandon,IA,42.3309,-92.0059
Quasqueton,IA,42.3956,-91.7679
Rowley,IA,42.37,-91.8441
Albert City,IA,42.7784,-94.9824
Marathon,IA,42.8612,-94.9836
Newell,IA,42.6157,-94.9946
Rembrandt,IA,42.826,-95.1652
Sioux Rapids,IA,42.9065,-95.1388
Storm Lake,IA,42.6474,-95.1961
Truesdale,IA,42.7262,-95.1853
Alta,IA,42.6771,-95.3129
Linn Grove,IA,42.8742,-95.2512
Allison,IA,42.7615,-92.783
Aplington,IA,42.587,-92.8751
Aredale,IA,42.8318,-93.021
Austinville,IA,42.5824,-92.9599
Bristow,IA,42.7741,-92.8864
Clarksville,IA,42.8041,-92.6588
Dumont,IA,42.7368,-92.9673
Greene,IA,42.8958,-92.8024
Kesley,IA,42.6626,-92.9112
New Hartford,IA,42.5831,-92.6164
Parkersburg,IA,42.5714,-92.7688
Shell Rock,IA,42.7061,-92.5888
Farnhamville,IA,42.2692,-94.4226
Jolley,IA,42.4871,-94.757
Knierim,IA,42.4555,-94.4569
Lytton,IA,42.423,-94.8597
Manson,IA,42.5285,-94.5304
Pomeroy,IA,42.5511,-94.6839
Rockwell City,IA,42.3961,-94.6292
Somers,IA,42.3561,-94.4464
Lake City,IA,42.2705,-94.7458
Lohrville,IA,42.2619,-94.5566
Coon Rapids,IA,41.894,-94.68
Carroll,IA,42.072,-94.8667
Arcadia,IA,42.0573,-95.0371
Breda,IA,42.1758,-95.0007
Dedham,IA,41.9055,-94.8149
Glidden,IA,42.0618,-94.7148
Halbur,IA,42.0048,-94.9731
Lanesboro,IA,42.1845,-94.6917
Lidderdale,IA,42.1254,-94.7754
Manning,IA,41.9072,-95.0556
Ralston,IA,42.0414,-94.6321
Templeton,IA,41.9121,-94.932
Anita,IA,41.45,-94.7794
Atlantic,IA,41.4003,-95.0101
Wiota,IA,41.3846,-94.8405
Cumberland,IA,41.2632,-94.871
Massena,IA,41.2499,-94.7649
Griswold,IA,41.235,-95.1375
Lewis,IA,41.2963,-95.062
Marne,IA,41.4547,-95.0973
Clarence,IA,41.8896,-91.0605
Lowden,IA,41.8594,-90.9382
Mechanicsville,IA,41.9039,-91.2764
Stanwood,IA,41.8963,-91.1662
West Branch,IA,41.6726,-91.3141
Bennett,IA,41.7353,-90.9656
Durant,IA,41.6145,-90.91
Tipton,IA,41.7563,-91.1362
Mason City,IA,43.15175,-93.1982
Clear Lake,IA,43.1406,-93.385
Dougherty,IA,42.9222,-93.0421
Meservey,IA,42.9137,-93.4773
Plymouth,IA,43.246,-93.1226
Rock Falls,IA,43.2066,-93.0857
Rockwell,IA,43.0032,-93.2167
Swaledale,IA,42.9622,-93.3115
Thornton,IA,42.9684,-93.4088
Ventura,IA,43.1262,-93.4706
Aurelia,IA,42.6912,-95.4381
Cherokee,IA,42.7482,-95.5568
Cleghorn,IA,42.8086,-95.7124
Larrabee,IA,42.8608,-95.5453
Marcus,IA,42.82,-95.8034
Meriden,IA,42.7874,-95.6408
Quimby,IA,42.6303,-95.642
Washta,IA,42.5781,-95.7295
Alta Vista,IA,43.1482,-92.4237
Fredericksburg,IA,42.9593,-92.1983
Ionia,IA,43.0403,-92.4865
Nashua,IA,42.9528,-92.5298
New Hampton,IA,43.056,-92.3131
North Washington,IA,43.1174,-92.4144
Lawler,IA,43.0932,-92.144
Murray,IA,41.0376,-93.953
Osceola,IA,41.0295,-93.7712
Woodburn,IA,41.0,-93.6083
Peterson,IA,42.9328,-95.3377
Spencer,IA,43.1451,-95.1457
Dickens,IA,43.1548,-94.9854
Everly,IA,43.1609,-95.3228
Fostoria,IA,43.0824,-95.1511
Gillett Grove,IA,43.0157,-95.0431
Greenville,IA,43.0333,-95.0582
Royal,IA,43.0488,-95.2679
Webb,IA,42.9502,-94.9951
Edgewood,IA,42.6541,-91.395
Elkader,IA,42.8496,-91.4143
Elkport,IA,42.7624,-91.3203
Farmersburg,IA,42.9522,-91.339
Garber,IA,42.7453,-91.2593
Garnavillo,IA,42.8762,-91.2156
Guttenberg,IA,42.7594,-91.119
North Buena Vista,IA,42.6783,-90.9518
Saint Olaf,IA,42.922,-91.3778
Strawberry Point,IA,42.6832,-91.5409
Volga,IA,42.7904,-91.5429
Luana,IA,43.0493,-91.4583
Mc Gregor,IA,43.0237,-91.1887
Marquette,IA,43.036,-91.1931
Monona,IA,43.034,-91.3934
Delmar,IA,41.9961,-90.6087
Lost Nation,IA,41.9745,-90.8265
Andover,IA,41.9792,-90.2518
Bryant,IA,41.9629,-90.3388
Calamus,IA,41.8111,-90.7416
Camanche,IA,41.7886,-90.2709
Charlotte,IA,41.9779,-90.4782
Clinton,IA,41.846275,-90.193425
De Witt,IA,41.8267,-90.5237
Goose Lake,IA,41.9799,-90.3819
Grand Mound,IA,41.8501,-90.6695
Low Moor,IA,41.8017,-90.3549
Teeds Grove,IA,41.9991,-90.2187
Welton,IA,41.9081,-90.5954
Wheatland,IA,41.8259,-90.8402
Aspinwall,IA,41.9119,-95.1356
Charter Oak,IA,42.0707,-95.5992
Deloit,IA,42.1238,-95.3045
Denison,IA,42.0196,-95.3636
Kiron,IA,42.1794,-95.3115
Manilla,IA,41.8922,-95.2391
Ricketts,IA,42.1304,-95.5746
Schleswig,IA,42.1646,-95.4443
Vail,IA,42.0338,-95.1778
Westside,IA,42.1084,-95.1273
Arion,IA,41.9504,-95.4623
Dow City,IA,41.9134,-95.4862
Adel,IA,41.6221,-94.038
Booneville,IA,41.5242,-93.8838
Bouton,IA,41.8284,-93.9963
Dallas Center,IA,41.6862,-93.9707
Dawson,IA,41.8324,-94.2171
De Soto,IA,41.5208,-94.0303
Dexter,IA,41.5198,-94.2145
Granger,IA,41.7611,-93.8244
Linden,IA,41.6422,-94.2406
Minburn,IA,41.7562,-94.015
Perry,IA,41.8397,-94.1022
Redfield,IA,41.5873,-94.1897
Van Meter,IA,41.4699,-93.9207
Waukee,IA,41.593,-93.8592
Woodward,IA,41.8452,-93.9056
Bloomfield,IA,40.7324,-92.3987
Drakesville,IA,40.8253,-92.5051
Floris,IA,40.8591,-92.3247
Pulaski,IA,40.6941,-92.258
Davis City,IA,40.6346,-93.8105
Decatur,IA,40.743,-93.8317
Garden Grove,IA,40.7711,-93.6117
Grand River,IA,40.8137,-93.9544
Lamoni,IA,40.6229,-93.9349
Leon,IA,40.7373,-93.7429
Van Wert,IA,40.8645,-93.8073
Weldon,IA,40.8739,-93.7387
Masonville,IA,42.4794,-91.5913
Colesburg,IA,42.6383,-91.1963
Delaware,IA,42.4766,-91.3112
Dundee,IA,42.594,-91.5477
Earlville,IA,42.5001,-91.2597
Greeley,IA,42.5939,-91.3233
Manchester,IA,42.4834,-91.449
Delhi,IA,42.4297,-91.331
Hopkinton,IA,42.3422,-91.2461
Ryan,IA,42.3436,-91.4848
Burlington,IA,40.8087,-91.117
Danville,IA,40.854,-91.314
Mediapolis,IA,41.0059,-91.1321
Middletown,IA,40.8296,-91.2631
Sperry,IA,40.9419,-91.185
West Burlington,IA,40.8321,-91.1799
Yarmouth,IA,40.9835,-91.3026
Arnolds Park,IA,43.3637,-95.1282
Lake Park,IA,43.4452,-95.3216
Milford,IA,43.3196,-95.1615
Okoboji,IA,43.3889,-95.1369
Spirit Lake,IA,43.4262,-95.1123
Superior,IA,43.4318,-94.9469
Terril,IA,43.3241,-94.9737
Dubuque,IA,42.49866,-90.68648
Bernard,IA,42.3321,-90.863
Cascade,IA,42.287,-91.0144
Durango,IA,42.5526,-90.8608
Dyersville,IA,42.4833,-91.1183
Epworth,IA,42.4439,-90.9313
Farley,IA,42.4451,-91.0083
Holy Cross,IA,42.5808,-90.973
Luxemburg,IA,42.5783,-91.0621
New Vienna,IA,42.5678,-91.0976
Peosta,IA,42.4435,-90.8094
Sherrill,IA,42.6171,-90.8115
Worthington,IA,42.393,-91.1069
Zwingle,IA,42.2775,-90.7507
Armstrong,IA,43.4024,-94.4853
Dolliver,IA,43.4664,-94.6242
Ringsted,IA,43.2977,-94.5291
Estherville,IA,43.4017,-94.818
Wallingford,IA,43.3189,-94.7964
Arlington,IA,42.7338,-91.6668
Maynard,IA,42.7752,-91.8908
Oelwein,IA,42.6811,-91.9131
Oran,IA,42.7012,-92.0762
Westgate,IA,42.7812,-92.0122
Clermont,IA,43.013,-91.6552
Elgin,IA,42.9548,-91.6454
Fayette,IA,42.8494,-91.8139
Hawkeye,IA,42.9487,-91.9578
Randalia,IA,42.8626,-91.8846
Saint Lucas,IA,43.0664,-91.9335
Wadena,IA,42.855,-91.6639
Waucoma,IA,43.0433,-92.0302
West Union,IA,42.9438,-91.8334
Floyd,IA,43.143,-92.724
Nora Springs,IA,43.1479,-93.0002
Rockford,IA,43.0573,-92.952
Rudd,IA,43.142,-92.8885
Charles City,IA,43.0683,-92.6761
Colwell,IA,43.1584,-92.5905
Marble Rock,IA,42.9645,-92.8917
Bradford,IA,42.633,-93.2449
Popejoy,IA,42.5974,-93.4279
Alexander,IA,42.8114,-93.445
Chapin,IA,42.8349,-93.2226
Coulter,IA,42.7382,-93.37
Hampton,IA,42.7405,-93.211
Latimer,IA,42.7598,-93.3518
Sheffield,IA,42.8779,-93.2156
Geneva,IA,42.6755,-93.1294
Farragut,IA,40.7215,-95.4776
Hamburg,IA,40.6149,-95.6258
Imogene,IA,40.8631,-95.4358
Percival,IA,40.7401,-95.8093
Randolph,IA,40.8704,-95.5624
Riverton,IA,40.6629,-95.5773
Sidney,IA,40.7507,-95.6403
Tabor,IA,40.9004,-95.6729
Thurman,IA,40.8424,-95.7605
Churdan,IA,42.1614,-94.4933
Cooper,IA,42.0363,-94.397
Dana,IA,42.1075,-94.2408
Grand Junction,IA,42.0296,-94.2336
Jefferson,IA,42.0093,-94.3888
Paton,IA,42.1658,-94.273
Rippey,IA,41.9257,-94.2132
Scranton,IA,42.0124,-94.5518
Beaman,IA,42.2367,-92.8162
Conrad,IA,42.2342,-92.8865
Dike,IA,42.473,-92.6122
Grundy Center,IA,42.3672,-92.7773
Holland,IA,42.4011,-92.7999
Morrison,IA,42.3433,-92.6738
Reinbeck,IA,42.3131,-92.5948
Stout,IA,42.5264,-92.7119
Wellsburg,IA,42.4494,-92.9398
Bagley,IA,41.8341,-94.4415
Bayard,IA,41.8519,-94.5583
Casey,IA,41.505,-94.5194
Guthrie Center,IA,41.6837,-94.4864
Jamaica,IA,41.8419,-94.3204
Menlo,IA,41.5348,-94.409
Panora,IA,41.6967,-94.3606
Stuart,IA,41.5033,-94.3186
Yale,IA,41.7753,-94.3503
Blairsburg,IA,42.4937,-93.6594
Ellsworth,IA,42.3009,-93.549
Jewell,IA,42.3139,-93.6428
Kamrar,IA,42.3945,-93.7279
Randall,IA,42.2383,-93.6008
Stanhope,IA,42.2904,-93.7751
Stratford,IA,42.2847,-93.9029
Williams,IA,42.4883,-93.5449
Webster City,IA,42.4657,-93.8262
Britt,IA,43.1006,-93.7752
Corwith,IA,42.9927,-93.9575
Crystal Lake,IA,43.2233,-93.7924
Garner,IA,43.1144,-93.5944
Goodell,IA,42.9383,-93.5824
Kanawha,IA,42.9434,-93.7728
Klemme,IA,43.0136,-93.5879
Woden,IA,43.2226,-93.9109
Alden,IA,42.5179,-93.3841
Buckeye,IA,42.4179,-93.3755
Garden City,IA,42.2455,-93.3955
Hubbard,IA,42.3022,-93.2939
Iowa Falls,IA,42.5138,-93.2709
New Providence,IA,42.2693,-93.1753
Radcliffe,IA,42.3241,-93.4234
Union,IA,42.2521,-93.0562
Gifford,IA,42.3831,-93.2506
Whitten,IA,42.2718,-93.0214
Ackley,IA,42.5527,-93.0608
Eldora,IA,42.3572,-93.1037
Steamboat Rock,IA,42.4178,-93.0629
Dunlap,IA,41.8603,-95.6257
Little Sioux,IA,41.8083,-96.0314
Logan,IA,41.643,-95.7889
Magnolia,IA,41.6921,-95.8742
Missouri Valley,IA,41.5644,-95.8913
Modale,IA,41.6371,-95.9852
Mondamin,IA,41.7089,-96.0072
Persia,IA,41.5647,-95.5658
Pisgah,IA,41.8214,-95.9192
Woodbine,IA,41.7373,-95.7008
Hillsboro,IA,40.8372,-91.7119
Mount Pleasant,IA,40.9646,-91.5614
Rome,IA,40.9774,-91.6923
Mount Union,IA,41.0374,-91.4138
New London,IA,40.9161,-91.3986
Olds,IA,41.1342,-91.5449
Salem,IA,40.8568,-91.6336
Swedesburg,IA,41.1043,-91.547
Wayland,IA,41.1449,-91.6589
Winfield,IA,41.1257,-91.4379
Riceville,IA,43.3719,-92.5554
Elma,IA,43.2786,-92.3981
Chester,IA,43.473,-92.4155
Cresco,IA,43.363,-92.126
Lime Springs,IA,43.4556,-92.2733
Protivin,IA,43.217,-92.0927
Bode,IA,42.8661,-94.2781
Bradgate,IA,42.7794,-94.4002
Dakota City,IA,42.7214,-94.1993
Gilmore City,IA,42.7067,-94.4108
Hardy,IA,42.7975,-94.0799
Humboldt,IA,42.7196,-94.2132
Livermore,IA,42.8666,-94.1747
Ottosen,IA,42.8764,-94.3786
Renwick,IA,42.8491,-94.0074
Rutland,IA,42.7635,-94.2719
Thor,IA,42.6889,-94.039
Battle Creek,IA,42.3327,-95.6045
Galva,IA,42.5105,-95.4298
Holstein,IA,42.4948,-95.565
Arthur,IA,42.3363,-95.3675
Ida Grove,IA,42.34,-95.4645
Amana,IA,41.81565,-91.8781
Conroy,IA,41.7292,-91.9977
Homestead,IA,41.7339,-91.8795
Ladora,IA,41.7564,-92.1873
Marengo,IA,41.7863,-92.072
Middle Amana,IA,41.7954,-91.9018
Millersburg,IA,41.5733,-92.1599
North English,IA,41.5241,-92.0893
Parnell,IA,41.5702,-92.0052
South Amana,IA,41.7576,-91.9263
Victor,IA,41.729,-92.2842
Williamsburg,IA,41.6393,-92.024
Andrew,IA,42.1536,-90.5924
Bellevue,IA,42.2582,-90.4356
La Motte,IA,42.3044,-90.6177
Maquoketa,IA,42.0778,-90.6771
Miles,IA,42.1006,-90.3367
Preston,IA,42.0539,-90.3954
Sabula,IA,42.0737,-90.1955
Saint Donatus,IA,42.3196,-90.4903
Spragueville,IA,42.0727,-90.473
Springbrook,IA,42.1674,-90.4846
Baldwin,IA,42.0732,-90.82
Monmouth,IA,42.0772,-90.8786
Baxter,IA,41.8204,-93.1583
Colfax,IA,41.6788,-93.2588
Ira,IA,41.7771,-93.2058
Kellogg,IA,41.7184,-92.9114
Killduff,IA,41.608,-92.9046
Lynnville,IA,41.5698,-92.7877
Mingo,IA,41.7898,-93.288
Monroe,IA,41.5222,-93.1019
Newton,IA,41.6992,-93.0455
Prairie City,IA,41.5854,-93.241
Reasnor,IA,41.5798,-93.0198
Sully,IA,41.574,-92.8451
Batavia,IA,40.9905,-92.1431
Fairfield,IA,41.01025,-91.9629
Libertyville,IA,40.9499,-92.025
Packwood,IA,41.1228,-92.0664
Lockridge,IA,41.0119,-91.7645
Hills,IA,41.5557,-91.5308
Iowa City,IA,41.640117,-91.5539
Coralville,IA,41.6937,-91.5906
North Liberty,IA,41.7443,-91.6061
Oxford,IA,41.6507,-91.7724
Solon,IA,41.8099,-91.5086
Swisher,IA,41.8268,-91.6739
Tiffin,IA,41.7018,-91.6773
Lone Tree,IA,41.4988,-91.4363
Anamosa,IA,42.1078,-91.2851
Center Junction,IA,42.1161,-91.0871
Langworthy,IA,42.192,-91.2258
Martelle,IA,42.0035,-91.3217
Monticello,IA,42.2326,-91.1989
Morley,IA,42.006,-91.2459
Olin,IA,41.9954,-91.1409
Onslow,IA,42.107,-91.0151
Oxford Junction,IA,41.9854,-90.9543
Wyoming,IA,42.0604,-90.994
Gibson,IA,41.4868,-92.3867
Keswick,IA,41.4613,-92.2395
Thornburg,IA,41.4547,-92.3357
What Cheer,IA,41.3953,-92.3548
Harper,IA,41.3728,-92.0388
Keota,IA,41.3504,-91.9641
South English,IA,41.4529,-92.068
Webster,IA,41.4364,-92.1765
Delta,IA,41.3167,-92.3359
Hayesville,IA,41.3363,-92.1784
Hedrick,IA,41.1826,-92.3097
Martinsburg,IA,41.1948,-92.2715
Ollie,IA,41.2001,-92.1354
Richland,IA,41.1939,-91.9739
Sigourney,IA,41.3301,-92.2019
Lakota,IA,43.3772,-94.0938
Titonka,IA,43.2456,-94.0367
Wesley,IA,43.0977,-94.0038
Algona,IA,43.066,-94.2306
Bancroft,IA,43.2935,-94.2108
Burt,IA,43.2062,-94.2122
Fenton,IA,43.242,-94.4044
Ledyard,IA,43.4346,-94.1503
Lone Rock,IA,43.1666,-94.3586
Lu Verne,IA,42.9868,-94.0959
Swea City,IA,43.4022,-94.3193
Whittemore,IA,43.0619,-94.4269
Argyle,IA,40.5317,-91.5663
Denmark,IA,40.7417,-91.3374
Donnellson,IA,40.6612,-91.5745
Fort Madison,IA,40.633,-91.3398
Houghton,IA,40.77,-91.6138
Keokuk,IA,40.4094,-91.3982
Montrose,IA,40.5139,-91.424
Pilot Grove,IA,40.7628,-91.5368
West Point,IA,40.715,-91.4397
Saint Paul,IA,40.7695,-91.5171
Wever,IA,40.7067,-91.2268
Alburnett,IA,42.1583,-91.6392
Center Point,IA,42.1898,-91.7758
Central City,IA,42.1982,-91.4914
Coggon,IA,42.2792,-91.5413
Prairieburg,IA,42.2383,-91.4224
Ely,IA,41.8943,-91.5738
Fairfax,IA,41.9153,-91.7801
Hiawatha,IA,42.0425,-91.677
Lisbon,IA,41.9212,-91.3861
Marion,IA,42.0411,-91.5941
Mount Vernon,IA,41.9287,-91.4274
Palo,IA,42.0365,-91.7877
Robins,IA,42.0731,-91.6648
Springville,IA,42.0607,-91.4394
Toddville,IA,42.1039,-91.729
Troy Mills,IA,42.29,-91.6824
Walker,IA,42.2867,-91.7807
Cedar Rapids,IA,42.037379,-91.635886
Morning Sun,IA,41.0984,-91.2581
Oakville,IA,41.1003,-91.0439
Wapello,IA,41.207,-91.1719
Columbus City,IA,41.2593,-91.3747
Columbus Junction,IA,41.2926,-91.3006
Grandview,IA,41.2759,-91.1885
Letts,IA,41.293,-91.204
Chariton,IA,41.0226,-93.3042
Derby,IA,40.9355,-93.4796
Lucas,IA,41.0585,-93.4836
Russell,IA,40.9456,-93.1784
Williamson,IA,41.0959,-93.2559
Alvord,IA,43.3201,-96.291
Doon,IA,43.2872,-96.202
George,IA,43.3439,-95.9894
Inwood,IA,43.3047,-96.4363
Larchwood,IA,43.4387,-96.4252
Lester,IA,43.4443,-96.3361
Little Rock,IA,43.4496,-95.8926
Rock Rapids,IA,43.4272,-96.1781
Bevington,IA,41.363,-93.7928
Earlham,IA,41.4709,-94.1294
Macksburg,IA,41.2104,-94.1825
Patterson,IA,41.3499,-93.8803
Peru,IA,41.2145,-93.9437
Saint Charles,IA,41.2924,-93.8242
Truro,IA,41.2076,-93.841
Winterset,IA,41.3391,-94.0088
Barnes City,IA,41.4883,-92.4703
Leighton,IA,41.3647,-92.8081
New Sharon,IA,41.464,-92.6848
Beacon,IA,41.272,-92.6819
Cedar,IA,41.2121,-92.509
Fremont,IA,41.2117,-92.4362
Oskaloosa,IA,41.2942,-92.6439
Rose Hill,IA,41.3309,-92.472
University Park,IA,41.2864,-92.6184
Bussey,IA,41.2094,-92.8963
Columbia,IA,41.1838,-93.1582
Melcher Dallas,IA,41.225,-93.2413
Hamilton,IA,41.19,-92.959
Harvey,IA,41.303,-92.9318
Knoxville,IA,41.3164,-93.0954
Otley,IA,41.4518,-93.0348
Pella,IA,41.4082,-92.9172
Pleasantville,IA,41.3738,-93.2712
Swan,IA,41.4636,-93.301
Tracy,IA,41.2756,-92.8753
Albion,IA,42.1143,-92.9882
Clemons,IA,42.09,-93.1688
Ferguson,IA,41.9374,-92.865
Gilman,IA,41.9012,-92.8101
Haverhill,IA,41.9337,-92.9829
Laurel,IA,41.8829,-92.9263
Le Grand,IA,42.0066,-92.7756
Liscomb,IA,42.184,-92.9833
Marshalltown,IA,42.0405,-92.9127
Melbourne,IA,41.9323,-93.0856
Rhodes,IA,41.9177,-93.1796
Saint Anthony,IA,42.152,-93.1824
State Center,IA,42.0109,-93.1673
Emerson,IA,41.0284,-95.4106
Glenwood,IA,41.047,-95.7389
Hastings,IA,41.0132,-95.5008
Henderson,IA,41.1254,-95.4586
Malvern,IA,41.0074,-95.584
Mineola,IA,41.1414,-95.7005
Pacific Junction,IA,41.0271,-95.8046
Silver City,IA,41.113,-95.6269
Carpenter,IA,43.415,-93.0149
Little Cedar,IA,43.3919,-92.7344
Mc Intire,IA,43.45,-92.6048
Orchard,IA,43.2355,-92.72
Osage,IA,43.2872,-92.8144
Saint Ansgar,IA,43.4061,-92.9235
Stacyville,IA,43.4457,-92.761
Toeterville,IA,43.3564,-92.789
Castana,IA,42.0744,-95.9086
Mapleton,IA,42.1585,-95.7909
Onawa,IA,42.037,-96.1072
Rodney,IA,42.198,-95.9769
Ute,IA,42.0581,-95.7125
Whiting,IA,42.1522,-96.1822
Blencoe,IA,41.9237,-96.0827
Moorhead,IA,41.9186,-95.829
Soldier,IA,41.9942,-95.7825
Lovilia,IA,41.1272,-92.9293
Albia,IA,41.0287,-92.7946
Melrose,IA,40.9665,-93.0145
Grant,IA,41.1427,-94.9842
Villisca,IA,40.9437,-94.9796
Elliott,IA,41.1306,-95.1602
Red Oak,IA,41.0191,-95.19155
Stanton,IA,40.9859,-95.0988
Atalissa,IA,41.5614,-91.1748
Conesville,IA,41.3805,-91.3465
Fruitland,IA,41.3486,-91.1237
Montpelier,IA,41.4625,-90.8088
Moscow,IA,41.5646,-91.0859
Muscatine,IA,41.4304,-91.0509
Nichols,IA,41.4766,-91.2931
Stockton,IA,41.5914,-90.8588
West Liberty,IA,41.5701,-91.2668
Wilton,IA,41.5858,-91.01
Calumet,IA,42.9444,-95.5515
Paullina,IA,42.9703,-95.7083
Sutherland,IA,42.9826,-95.4807
Sheldon,IA,43.1808,-95.8401
Archer,IA,43.1179,-95.7417
Primghar,IA,43.0759,-95.6533
Sanborn,IA,43.189,-95.6622
Hartley,IA,43.18,-95.4817
Ashton,IA,43.3053,-95.7655
Sibley,IA,43.4069,-95.7424
Harris,IA,43.4568,-95.4426
Melvin,IA,43.2845,-95.593
Ocheyedan,IA,43.391,-95.5204
Shenandoah,IA,40.76185,-95.3685
Blanchard,IA,40.6122,-95.2054
Braddyville,IA,40.5991,-94.9956
Clarinda,IA,40.7491,-95.038
Coin,IA,40.6686,-95.2217
College Springs,IA,40.6249,-95.1157
Essex,IA,40.8404,-95.2888
Northboro,IA,40.6127,-95.3096
Shambaugh,IA,40.6575,-95.025
Yorktown,IA,40.7374,-95.1562
Ayrshire,IA,43.037,-94.8478
Curlew,IA,42.9633,-94.7975
Cylinder,IA,43.1507,-94.5107
Emmetsburg,IA,43.1082,-94.6825
Mallard,IA,42.9417,-94.6746
West Bend,IA,42.9574,-94.4564
Graettinger,IA,43.2277,-94.7334
Ruthven,IA,43.1448,-94.8842
Akron,IA,42.8354,-96.5225
Brunsville,IA,42.8093,-96.2626
Hinton,IA,42.604,-96.305
Kingsley,IA,42.6191,-95.9762
Le Mars,IA,42.7962,-96.1704
Merrill,IA,42.7047,-96.2283
Oyens,IA,42.8199,-96.0566
Remsen,IA,42.8149,-95.9544
Westfield,IA,42.6953,-96.492
Fonda,IA,42.6051,-94.8297
Havelock,IA,42.8411,-94.7252
Laurens,IA,42.8409,-94.8508
Palmer,IA,42.6419,-94.5432
Plover,IA,42.8783,-94.6205
Pocahontas,IA,42.7296,-94.6737
Rolfe,IA,42.8082,-94.5166
Varina,IA,42.6598,-94.8979
Alleman,IA,41.8159,-93.6063
Altoona,IA,41.6475,-93.4724
Ankeny,IA,41.7203,-93.5974
Berwick,IA,41.6658,-93.5432
Bondurant,IA,41.7017,-93.4527
Elkhart,IA,41.7917,-93.5222
Grimes,IA,41.7018,-93.7821
Johnston,IA,41.673,-93.7028
Mitchellville,IA,41.6609,-93.37
Polk City,IA,41.7549,-93.6893
Runnells,IA,41.5515,-93.4202
Sheldahl,IA,41.8571,-93.6973
West Des Moines,IA,41.575,-93.77205
Des Moines,IA,41.650284,-93.586047
Urbandale,IA,41.628533,-93.735633
Windsor Heights,IA,41.6032,-93.7152
Clive,IA,41.6067,-93.7457
Pleasant Hill,IA,41.5839,-93.5199
Council Bluffs,IA,41.251967,-95.853667
Carter Lake,IA,41.2925,-95.9141
Avoca,IA,41.4768,-95.3509
Carson,IA,41.2367,-95.4181
Crescent,IA,41.3644,-95.8276
Hancock,IA,41.3832,-95.3445
Honey Creek,IA,41.463,-95.8802
Mc Clelland,IA,41.2932,-95.6813
Macedonia,IA,41.1916,-95.4314
Minden,IA,41.4654,-95.5519
Neola,IA,41.4564,-95.6794
Oakland,IA,41.312,-95.379
Shelby,IA,41.5339,-95.4469
Treynor,IA,41.2307,-95.6086
Underwood,IA,41.3603,-95.627
Walnut,IA,41.4623,-95.218
Harlan,IA,41.57085,-95.33735
Grinnell,IA,41.7421,-92.7344
Malcom,IA,41.7695,-92.5354
Montezuma,IA,41.5928,-92.5276
Searsboro,IA,41.5656,-92.6987
Brooklyn,IA,41.7321,-92.4285
Guernsey,IA,41.6378,-92.3479
Deep River,IA,41.5717,-92.3645
Hartwick,IA,41.808,-92.3538
Ellston,IA,40.8505,-94.0841
Kellerton,IA,40.6861,-94.0607
Benton,IA,40.7082,-94.3689
Diagonal,IA,40.8226,-94.3552
Mount Ayr,IA,40.7142,-94.2321
Redding,IA,40.6053,-94.3595
Tingley,IA,40.8516,-94.1908
Early,IA,42.4483,-95.1726
Nemaha,IA,42.518,-95.0939
Sac City,IA,42.4262,-94.9796
Schaller,IA,42.5055,-95.2846
Auburn,IA,42.2763,-94.8711
Lake View,IA,42.3154,-95.0486
Odebolt,IA,42.3095,-95.2501
Wall Lake,IA,42.2653,-95.0852
Bettendorf,IA,41.5509,-90.4942
Blue Grass,IA,41.5112,-90.738
Buffalo,IA,41.4564,-90.7235
Dixon,IA,41.7113,-90.7553
Donahue,IA,41.7093,-90.6829
Eldridge,IA,41.6635,-90.5634
Le Claire,IA,41.6082,-90.3628
Long Grove,IA,41.7213,-90.5534
Mc Causland,IA,41.743,-90.4539
New Liberty,IA,41.7132,-90.8599
Pleasant Valley,IA,41.5746,-90.4213
Princeton,IA,41.6858,-90.3706
Walcott,IA,41.6453,-90.7256
Davenport,IA,41.565378,-90.5916
Irwin,IA,41.7751,-95.1919
Kirkman,IA,41.7308,-95.2671
Defiance,IA,41.8053,-95.3537
Earling,IA,41.7925,-95.421
Elk Horn,IA,41.5829,-95.07
Panama,IA,41.7288,-95.487
Portsmouth,IA,41.6484,-95.5108
Westphalia,IA,41.7199,-95.3952
Alton,IA,42.9782,-96.0173
Chatsworth,IA,42.9163,-96.5145
Granville,IA,42.9693,-95.8972
Hawarden,IA,43.0013,-96.473
Ireton,IA,42.9666,-96.3232
Maurice,IA,42.9626,-96.1655
Orange City,IA,43.0185,-96.0565
Boyden,IA,43.2034,-95.9823
Hospers,IA,43.0793,-95.9142
Hull,IA,43.1952,-96.1392
Matlock,IA,43.2439,-95.9353
Rock Valley,IA,43.2014,-96.3103
Sioux Center,IA,43.0814,-96.18
Ames,IA,42.03392,-93.60986
Cambridge,IA,41.9025,-93.5305
Collins,IA,41.9032,-93.3008
Colo,IA,42.0131,-93.3071
Gilbert,IA,42.1148,-93.6399
Huxley,IA,41.8994,-93.6024
Kelley,IA,41.9488,-93.6644
Mc Callsburg,IA,42.1665,-93.3978
Maxwell,IA,41.8967,-93.4001
Nevada,IA,42.019,-93.4462
Roland,IA,42.1646,-93.5063
Slater,IA,41.8765,-93.6812
Story City,IA,42.1835,-93.5988
Zearing,IA,42.1535,-93.2928
Montour,IA,41.9709,-92.7006
Buckingham,IA,42.2552,-92.4098
Garwin,IA,42.0872,-92.6894
Gladbrook,IA,42.1774,-92.7141
Lincoln,IA,42.2643,-92.693
Traer,IA,42.1847,-92.4827
Chelsea,IA,41.9131,-92.4078
Clutier,IA,42.0789,-92.3763
Dysart,IA,42.169,-92.3187
Elberon,IA,42.0088,-92.3314
Tama,IA,41.9616,-92.58
Toledo,IA,42.0077,-92.5662
Vining,IA,41.99,-92.3799
Bedford,IA,40.6683,-94.7324
Blockton,IA,40.6242,-94.5049
Clearfield,IA,40.7935,-94.4944
Gravity,IA,40.7909,-94.7506
Lenox,IA,40.8841,-94.5612
Sharpsburg,IA,40.795,-94.6416
New Market,IA,40.7422,-94.8917
Lorimor,IA,41.1233,-94.0639
Thayer,IA,41.0029,-94.0686
Creston,IA,41.0499,-94.3471
Afton,IA,41.0401,-94.194
Arispe,IA,40.9314,-94.2193
Cromwell,IA,41.0398,-94.4616
Shannon City,IA,40.9017,-94.2633
Birmingham,IA,40.8626,-91.9534
Cantril,IA,40.6546,-92.0465
Douds,IA,40.8378,-92.0859
Keosauqua,IA,40.7424,-91.9704
Milton,IA,40.6721,-92.1438
Mount Sterling,IA,40.6458,-91.9027
Selma,IA,40.864,-92.1736
Bonaparte,IA,40.7148,-91.7897
Farmington,IA,40.6397,-91.7447
Stockport,IA,40.8584,-91.8141
Ottumwa,IA,41.0309,-92.4098
Agency,IA,40.9957,-92.3162
Blakesburg,IA,40.9555,-92.6195
Chillicothe,IA,41.086,-92.5303
Eddyville,IA,41.1533,-92.6221
Eldon,IA,40.9261,-92.2268
Kirkville,IA,41.1438,-92.5006
Ackworth,IA,41.3737,-93.3767
Carlisle,IA,41.4814,-93.4921
Cumming,IA,41.4849,-93.7539
Hartford,IA,41.4596,-93.4022
Indianola,IA,41.3143,-93.588
Lacona,IA,41.1988,-93.3838
Liberty Center,IA,41.2071,-93.4993
Martensdale,IA,41.373,-93.7358
Milo,IA,41.2904,-93.4454
New Virginia,IA,41.1883,-93.6976
Norwalk,IA,41.4861,-93.6573
Prole,IA,41.383,-93.7344
Saint Marys,IA,41.3084,-93.7369
Ainsworth,IA,41.3202,-91.5472
Kalona,IA,41.4823,-91.7057
Riverside,IA,41.4758,-91.5741
Washington,IA,41.3015,-91.6987
Wellman,IA,41.47,-91.84
West Chester,IA,41.3585,-91.8075
Brighton,IA,41.1543,-91.8284
Crawfordsville,IA,41.2093,-91.5414
Allerton,IA,40.7023,-93.3724
Clio,IA,40.6342,-93.448
Corydon,IA,40.7771,-93.3274
Humeston,IA,40.8469,-93.5101
Lineville,IA,40.6004,-93.4862
Millerton,IA,40.8494,-93.3055
Promise City,IA,40.7585,-93.1527
Seymour,IA,40.6724,-93.1368
Fort Dodge,IA,42.5088,-94.1807
Badger,IA,42.6144,-94.1461
Barnum,IA,42.5159,-94.3703
Burnside,IA,42.3413,-94.1143
Callender,IA,42.3494,-94.282
Clare,IA,42.5954,-94.308
Dayton,IA,42.2594,-94.061
Duncombe,IA,42.4493,-94.0592
Gowrie,IA,42.2767,-94.2987
Harcourt,IA,42.2531,-94.1961
Lehigh,IA,42.3526,-94.0342
Moorland,IA,42.434,-94.3199
Otho,IA,42.4031,-94.1388
Vincent,IA,42.5623,-94.0335
Buffalo Center,IA,43.3732,-93.9376
Forest City,IA,43.2692,-93.6356
Lake Mills,IA,43.4167,-93.5336
Leland,IA,43.3425,-93.6895
Rake,IA,43.4767,-93.9171
Scarville,IA,43.4673,-93.6423
Thompson,IA,43.3875,-93.7517
Decorah,IA,43.3227,-91.7939
Calmar,IA,43.1974,-91.9126
Castalia,IA,43.1361,-91.6643
Fort Atkinson,IA,43.1339,-91.9134
Highlandville,IA,43.4638,-91.6899
Ossian,IA,43.1379,-91.7734
Ridgeway,IA,43.2979,-92.0034
Spillville,IA,43.2032,-91.9441
Anthon,IA,42.387,-95.8948
Bronson,IA,42.4292,-96.1986
Climbing Hill,IA,42.345,-96.0875
Correctionville,IA,42.4743,-95.7804
Cushing,IA,42.4642,-95.6775
Danbury,IA,42.2693,-95.7263
Hornick,IA,42.2897,-96.0796
Lawton,IA,42.5047,-96.2189
Moville,IA,42.4819,-96.0656
Oto,IA,42.2646,-95.8616
Pierson,IA,42.5335,-95.8922
Salix,IA,42.3306,-96.2879
Sergeant Bluff,IA,42.4019,-96.3534
Sloan,IA,42.2427,-96.2306
Smithland,IA,42.2408,-95.9486
Sioux City,IA,42.482356,-96.388878
Fertile,IA,43.2644,-93.4183
Grafton,IA,43.311,-93.0797
Hanlontown,IA,43.2802,-93.3788
Joice,IA,43.3761,-93.4454
Kensett,IA,43.3536,-93.2105
Manly,IA,43.2891,-93.2018
Northwood,IA,43.4506,-93.2419
Dows,IA,42.661,-93.5058
Galt,IA,42.6912,-93.6035
Belmond,IA,42.8511,-93.62
Rowan,IA,42.7596,-93.557
Clarion,IA,42.73005,-93.73145
Eagle Grove,IA,42.6609,-93.9049
Goldfield,IA,42.7581,-93.9194
Woolstock,IA,42.5844,-93.8216
Eagle,ID,43.7069,-116.362
Kuna,ID,43.487,-116.3819
Meridian,ID,43.625633,-116.406533
Star,ID,43.7013,-116.4967
Boise,ID,43.539279,-116.228175
Garden City,ID,43.7318,-116.2797
Council,ID,44.7628,-116.4518
Indian Valley,ID,44.5491,-116.443
Mesa,ID,44.6255,-116.4493
New Meadows,ID,44.994,-116.2874
Pocatello,ID,42.831133,-112.419833
Arimo,ID,42.56,-112.1746
Downey,ID,42.4181,-112.109
Inkom,ID,42.7964,-112.2465
Lava Hot Springs,ID,42.6185,-112.0176
McCammon,ID,42.6336,-112.1758
Swanlake,ID,42.3195,-111.9781
Bern,ID,42.3191,-111.3926
Bloomington,ID,42.184,-111.4086
Dingle,ID,42.1774,-111.2174
Geneva,ID,42.3136,-111.0722
Georgetown,ID,42.4821,-111.3708
Montpelier,ID,42.352,-111.3195
Paris,ID,42.2242,-111.4208
Saint Charles,ID,42.1128,-111.3897
Fish Haven,ID,42.0459,-111.4633
Desmet,ID,47.126,-116.8937
Fernwood,ID,47.116,-116.3831
Plummer,ID,47.3278,-116.8662
Saint Maries,ID,47.2977,-116.5681
Santa,ID,47.1544,-116.431
Tensed,ID,47.1707,-116.9027
Fort Hall,ID,43.0331,-112.4285
Aberdeen,ID,43.0049,-112.84
Atomic City,ID,43.4449,-112.8128
Basalt,ID,43.3155,-112.1644
Blackfoot,ID,43.1943,-112.3615
Firth,ID,43.3021,-112.1588
Moreland,ID,43.2226,-112.4423
Pingree,ID,43.1336,-112.6295
Shelley,ID,43.3769,-112.1075
Springfield,ID,43.0803,-112.673
Bellevue,ID,43.4397,-114.2498
Carey,ID,43.2744,-113.8926
Hailey,ID,43.5239,-114.3064
Ketchum,ID,43.6692,-114.4858
Picabo,ID,43.3101,-114.0861
Sun Valley,ID,43.63995,-114.32695
Banks,ID,44.0804,-116.124
Garden Valley,ID,44.0909,-115.8243
Horseshoe Bend,ID,43.9229,-116.1809
Idaho City,ID,43.8834,-115.708
Lowman,ID,44.1106,-115.5285
Placerville,ID,43.9633,-115.9759
Blanchard,ID,48.0223,-116.9909
Careywood,ID,48.0482,-116.5939
Clark Fork,ID,48.1405,-116.1699
Cocolalla,ID,48.1248,-116.6571
Coolin,ID,48.5228,-116.8408
Oldtown,ID,48.1552,-116.9781
Dover,ID,48.2516,-116.611
Hope,ID,48.2444,-116.2795
Kootenai,ID,48.3102,-116.5135
Laclede,ID,48.1702,-116.756
Nordman,ID,48.6339,-116.9473
Ponderay,ID,48.3055,-116.5338
Priest River,ID,48.1664,-116.9066
Sagle,ID,48.2035,-116.5455
Sandpoint,ID,48.312,-116.5332
Colburn,ID,48.3633,-116.6256
Idaho Falls,ID,43.484743,-112.004357
Iona,ID,43.5263,-111.933
Irwin,ID,43.3861,-111.2527
Swan Valley,ID,43.456,-111.3416
Ucon,ID,43.5936,-111.9573
Bonners Ferry,ID,48.7306,-116.3322
Eastport,ID,48.9994,-116.1813
Moyie Springs,ID,48.7464,-116.1796
Naples,ID,48.6049,-116.3196
Porthill,ID,48.992,-116.4775
Arco,ID,43.6355,-113.3176
Howe,ID,43.9087,-113.0878
Moore,ID,43.7296,-113.4544
Corral,ID,43.5282,-114.7307
Fairfield,ID,43.3675,-114.7908
Hill City,ID,43.3005,-115.0512
Caldwell,ID,43.668733,-116.749667
Greenleaf,ID,43.669,-116.8315
Huston,ID,43.6027,-116.7903
Melba,ID,43.3784,-116.5489
Middleton,ID,43.7191,-116.6112
Nampa,ID,43.60268,-116.61212
Notus,ID,43.7259,-116.7997
Parma,ID,43.7896,-116.9401
Wilder,ID,43.6579,-116.9122
Bancroft,ID,42.7205,-111.8429
Conda,ID,42.7191,-111.5967
Grace,ID,42.55,-111.74
Soda Springs,ID,42.6718,-111.5699
Wayan,ID,43.0269,-111.2541
Albion,ID,42.3896,-113.5567
Almo,ID,42.0846,-113.6283
Burley,ID,42.5244,-113.7931
Declo,ID,42.5245,-113.4338
Malta,ID,42.2741,-113.3927
Oakley,ID,42.194,-113.872
Dubois,ID,44.1858,-112.3259
Spencer,ID,44.3605,-112.1869
Ahsahka,ID,46.5394,-116.3233
Lenore,ID,46.5354,-116.513
Orofino,ID,46.4952,-116.2404
Pierce,ID,46.4924,-115.8071
Weippe,ID,46.3807,-115.9386
Elk River,ID,46.7835,-116.1799
Challis,ID,44.4969,-114.1946
Clayton,ID,44.2733,-114.4102
Ellis,ID,44.6919,-114.0484
Mackay,ID,43.9111,-113.612
Stanley,ID,44.3714,-114.8561
Atlanta,ID,43.8479,-115.2538
Glenns Ferry,ID,42.9622,-115.316
Hammett,ID,42.9457,-115.4662
King Hill,ID,42.9799,-115.1899
Mountain Home,ID,43.1392,-115.6963
Mountain Home Afb,ID,43.7914,-116.4012
Clifton,ID,42.216,-111.9957
Dayton,ID,42.1184,-111.9858
Franklin,ID,42.0288,-111.7871
Preston,ID,42.1109,-111.8565
Thatcher,ID,42.3794,-111.6841
Weston,ID,42.0446,-111.9715
Ashton,ID,44.0153,-111.4253
Chester,ID,44.0011,-111.5351
Island Park,ID,44.4466,-111.3679
Macks Inn,ID,44.3192,-111.6017
Newdale,ID,43.8881,-111.6042
Parker,ID,43.9594,-111.7577
Saint Anthony,ID,43.963,-111.7036
Teton,ID,43.8907,-111.6504
Emmett,ID,43.9089,-116.4927
Letha,ID,43.8963,-116.6462
Ola,ID,44.2418,-116.2732
Sweet,ID,43.9948,-116.3232
Bliss,ID,42.9449,-114.9104
Gooding,ID,42.9373,-114.712
Hagerman,ID,42.8142,-114.887
Wendell,ID,42.7579,-114.7154
Cottonwood,ID,46.0448,-116.3733
Elk City,ID,45.7896,-115.5024
Ferdinand,ID,46.1349,-116.3982
Grangeville,ID,45.9272,-116.1076
Fenn,ID,45.9632,-116.2563
Greencreek,ID,46.1155,-116.2724
Kooskia,ID,46.116,-115.9459
Lucile,ID,45.557,-116.2669
Pollock,ID,45.3068,-116.3517
Riggins,ID,45.397,-116.3006
Stites,ID,46.002,-115.9269
White Bird,ID,45.7521,-116.2889
Warren,ID,45.2641,-115.6765
Hamer,ID,43.9308,-112.1872
Lewisville,ID,43.6725,-112.0189
Menan,ID,43.7266,-111.9837
Monteview,ID,43.9862,-112.5783
Rigby,ID,43.6715,-111.9005
Ririe,ID,43.5197,-111.5266
Roberts,ID,43.7116,-112.1196
Terreton,ID,43.8586,-112.42
Eden,ID,42.5868,-114.2467
Hazelton,ID,42.5955,-114.135
Jerome,ID,42.7178,-114.5012
Athol,ID,47.9267,-116.7318
Bayview,ID,47.9822,-116.5494
Cataldo,ID,47.5522,-116.4431
Coeur d'Alene,ID,47.698433,-116.784833
Harrison,ID,47.5017,-116.7446
Hayden,ID,47.7989,-116.7423
Medimont,ID,47.4625,-116.5683
Post Falls,ID,47.71925,-116.94345
Rathdrum,ID,47.8241,-116.8873
Spirit Lake,ID,47.9657,-116.868
Worley,ID,47.4292,-116.9056
Juliaetta,ID,46.5754,-116.7188
Kendrick,ID,46.6286,-116.6049
Bovill,ID,46.8588,-116.3935
Deary,ID,46.8061,-116.5238
Genesee,ID,46.5714,-116.929
Harvard,ID,46.9376,-116.7025
Moscow,ID,46.73165,-116.99495
Potlatch,ID,46.9448,-116.9141
Princeton,ID,46.8996,-116.8287
Troy,ID,46.7426,-116.7681
Viola,ID,46.8583,-116.9732
Cobalt,ID,45.093,-114.2317
May,ID,44.6044,-113.912
Carmen,ID,45.255,-113.8573
Gibbonsville,ID,45.5704,-113.9913
Leadore,ID,44.7389,-113.4926
Lemhi,ID,44.8516,-113.6198
North Fork,ID,45.4242,-114.0419
Salmon,ID,45.1571,-113.8784
Tendoy,ID,44.9681,-113.8167
Shoup,ID,45.3769,-114.277
Craigmont,ID,46.2453,-116.4677
Kamiah,ID,46.2186,-116.0347
Nezperce,ID,46.2475,-116.2393
Reubens,ID,46.3361,-116.5333
Winchester,ID,46.2383,-116.6204
Dietrich,ID,42.9125,-114.2664
Richfield,ID,43.0588,-114.1508
Shoshone,ID,42.9474,-114.3822
Rexburg,ID,43.804033,-111.756567
Sugar City,ID,43.8477,-111.6932
Heyburn,ID,42.5599,-113.7709
Minidoka,ID,42.773,-113.5098
Paul,ID,42.624,-113.7971
Rupert,ID,42.6888,-113.6481
Lewiston,ID,46.3646,-116.8609
Culdesac,ID,46.378,-116.6536
Lapwai,ID,46.4124,-116.7902
Peck,ID,46.4807,-116.4114
Holbrook,ID,42.1619,-112.6539
Malad City,ID,42.1808,-112.262
Bruneau,ID,42.614,-115.8419
Grand View,ID,42.9896,-116.0934
Homedale,ID,43.6138,-116.9472
Marsing,ID,43.5399,-116.824
Murphy,ID,42.8481,-116.6371
Fruitland,ID,44.0027,-116.9143
New Plymouth,ID,43.959,-116.8048
Payette,ID,44.0782,-116.9203
American Falls,ID,42.6352,-112.9458
Arbon,ID,42.5026,-112.5585
Rockland,ID,42.5556,-112.854
Avery,ID,47.2714,-115.866
Calder,ID,47.3219,-116.0703
Clarkia,ID,47.0107,-116.2529
Kellogg,ID,47.5431,-116.1253
Kingston,ID,47.5509,-116.2887
Mullan,ID,47.4709,-115.7926
Osburn,ID,47.5211,-116.021
Pinehurst,ID,47.5018,-116.2647
Silverton,ID,47.4981,-115.9657
Smelterville,ID,47.5362,-116.2062
Wallace,ID,47.4908,-115.962
Murray,ID,47.6271,-115.8585
Driggs,ID,43.7263,-111.1199
Felt,ID,43.8724,-111.1895
Tetonia,ID,43.7814,-111.2118
Victor,ID,43.6148,-111.1259
Twin Falls,ID,42.55975,-114.4651
Rogerson,ID,42.218,-114.5942
Buhl,ID,42.6008,-114.7825
Castleford,ID,42.521,-114.8734
Filer,ID,42.5653,-114.614
Hansen,ID,42.5249,-114.2994
Kimberly,ID,42.5287,-114.3657
Murtaugh,ID,42.4776,-114.1606
Cascade,ID,44.6927,-115.6417
Donnelly,ID,44.6659,-116.0369
Lake Fork,ID,44.8327,-116.0848
McCall,ID,44.8918,-116.0789
Yellow Pine,ID,44.9698,-115.4963
Cambridge,ID,44.5922,-116.6757
Midvale,ID,44.442,-116.7038
Weiser,ID,44.2522,-116.9651
Quincy,IL,39.942133,-91.362933
Camp Point,IL,40.0293,-91.0769
Clayton,IL,40.0133,-90.9554
Coatsburg,IL,40.0554,-91.1747
Fowler,IL,39.9925,-91.2452
Golden,IL,40.1203,-91.0296
La Prairie,IL,40.1572,-90.9844
Liberty,IL,39.8892,-91.0869
Lima,IL,40.1775,-91.3785
Loraine,IL,40.1532,-91.213
Mendon,IL,40.0857,-91.2899
Paloma,IL,40.0366,-91.2053
Payson,IL,39.8153,-91.2627
Plainville,IL,39.8004,-91.1436
Ursa,IL,40.0809,-91.3733
Cairo,IL,37.0123,-89.1811
Mc Clure,IL,37.302,-89.4531
Miller City,IL,37.1034,-89.3494
Olive Branch,IL,37.1674,-89.3537
Tamms,IL,37.2345,-89.2763
Thebes,IL,37.221,-89.4599
Unity,IL,37.1528,-89.3256
Donnellson,IL,39.0344,-89.4909
Sorento,IL,38.9693,-89.5653
Greenville,IL,38.8933,-89.4052
Mulberry Grove,IL,38.9311,-89.2463
Pierron,IL,38.78,-89.5981
Pocahontas,IL,38.7846,-89.5247
Smithboro,IL,38.8739,-89.3266
Belvidere,IL,42.2595,-88.8509
Caledonia,IL,42.3835,-88.9185
Capron,IL,42.4087,-88.7465
Garden Prairie,IL,42.251,-88.7437
Poplar Grove,IL,42.3594,-88.8428
Mount Sterling,IL,39.9803,-90.7414
Timewell,IL,40.0117,-90.8661
Versailles,IL,39.8883,-90.6741
Arlington,IL,41.4437,-89.2219
Buda,IL,41.314,-89.6795
Bureau,IL,41.2894,-89.3686
Cherry,IL,41.4264,-89.2126
Dalzell,IL,41.3547,-89.1705
Depue,IL,41.3092,-89.3252
Dover,IL,41.4362,-89.396
Kasbeer,IL,41.505,-89.4634
Ladd,IL,41.3825,-89.219
La Moille,IL,41.5376,-89.297
Malden,IL,41.4245,-89.3693
Manlius,IL,41.4555,-89.6697
Mineral,IL,41.4036,-89.8201
Neponset,IL,41.2905,-89.7944
New Bedford,IL,41.5122,-89.7199
Ohio,IL,41.5371,-89.4574
Princeton,IL,41.3629,-89.427
Seatonville,IL,41.3613,-89.2691
Sheffield,IL,41.3949,-89.7115
Spring Valley,IL,41.3279,-89.2042
Tiskilwa,IL,41.2891,-89.508
Van Orin,IL,41.55,-89.3534
Walnut,IL,41.5394,-89.6092
Wyanet,IL,41.3785,-89.5744
Batchtown,IL,39.0725,-90.6591
Brussels,IL,38.9495,-90.5887
Golden Eagle,IL,38.8961,-90.5602
Hamburg,IL,39.2235,-90.6995
Hardin,IL,39.1547,-90.624
Kampsville,IL,39.3064,-90.6269
Michael,IL,39.2353,-90.6235
Mozier,IL,39.2925,-90.7493
Chadwick,IL,41.9962,-89.8963
Lanark,IL,42.0935,-89.8247
Milledgeville,IL,41.9674,-89.7801
Mount Carroll,IL,42.1053,-89.9845
Savanna,IL,42.0956,-90.1401
Shannon,IL,42.161,-89.7481
Thomson,IL,41.9816,-90.0844
Arenzville,IL,39.8979,-90.3636
Ashland,IL,39.9386,-90.0792
Beardstown,IL,40.0044,-90.4229
Bluff Springs,IL,39.9796,-90.3524
Chandlerville,IL,40.0374,-90.1163
Virginia,IL,39.9512,-90.2123
Ludlow,IL,40.3747,-88.138
Urbana,IL,40.096667,-88.199133
Bondville,IL,40.1134,-88.3695
Broadlands,IL,39.9142,-87.9948
Champaign,IL,40.115983,-88.2755
Dewey,IL,40.3131,-88.277
Fisher,IL,40.2991,-88.356
Foosland,IL,40.3554,-88.4202
Gifford,IL,40.3028,-88.0317
Homer,IL,40.0346,-87.9627
Ivesdale,IL,39.9502,-88.4451
Longview,IL,39.9012,-88.0753
Mahomet,IL,40.1964,-88.3928
Ogden,IL,40.1401,-87.9665
Penfield,IL,40.3101,-87.957
Pesotum,IL,39.9151,-88.2743
Philo,IL,40.0052,-88.1595
Rantoul,IL,40.3107,-88.1462
Royal,IL,40.1924,-87.9742
Sadorus,IL,39.9613,-88.3447
Saint Joseph,IL,40.1207,-88.0472
Savoy,IL,40.0654,-88.2528
Seymour,IL,40.107,-88.4267
Sidney,IL,40.0232,-88.069
Thomasboro,IL,40.2402,-88.183
Tolono,IL,39.985,-88.2596
Rosamond,IL,39.3743,-89.1983
Assumption,IL,39.5095,-89.0398
Bulpitt,IL,39.5917,-89.424
Edinburg,IL,39.6612,-89.3779
Kincaid,IL,39.5838,-89.4185
Morrisonville,IL,39.4153,-89.4541
Mount Auburn,IL,39.769,-89.2489
Owaneco,IL,39.4775,-89.1951
Palmer,IL,39.4699,-89.3733
Pana,IL,39.3971,-89.1048
Stonington,IL,39.6405,-89.1913
Taylorville,IL,39.5489,-89.2945
Tovey,IL,39.588,-89.4495
Casey,IL,39.3017,-87.9913
Dennison,IL,39.449,-87.5867
Marshall,IL,39.422,-87.6923
Martinsville,IL,39.3174,-87.8707
Westfield,IL,39.4564,-87.9961
West Union,IL,39.2402,-87.6512
Ingraham,IL,38.8284,-88.3204
Clay City,IL,38.6695,-88.3516
Flora,IL,38.6703,-88.4919
Louisville,IL,38.7718,-88.5065
Sailor Springs,IL,38.7639,-88.3631
Xenia,IL,38.6359,-88.6348
Albers,IL,38.532,-89.6202
Aviston,IL,38.6089,-89.6034
Bartelso,IL,38.5385,-89.4578
Beckemeyer,IL,38.6058,-89.4319
Breese,IL,38.6188,-89.5284
Carlyle,IL,38.6066,-89.3805
Germantown,IL,38.5487,-89.5413
Hoffman,IL,38.5408,-89.2661
Huey,IL,38.6018,-89.2915
Keyesport,IL,38.7769,-89.2975
New Baden,IL,38.5315,-89.6922
New Memphis,IL,38.4857,-89.6816
Trenton,IL,38.6191,-89.6447
Ashmore,IL,39.5254,-88.0341
Charleston,IL,39.4869,-88.1761
Humboldt,IL,39.6012,-88.3141
Mattoon,IL,39.4802,-88.3762
Oakland,IL,39.6516,-88.0253
Lerna,IL,39.3958,-88.253
Trilla,IL,39.3938,-88.3488
Arlington Heights,IL,42.0881,-87.9818
Elk Grove Village,IL,42.00575,-87.9817
Rolling Meadows,IL,42.073,-88.0191
Des Plaines,IL,42.028825,-87.889025
Glencoe,IL,42.1333,-87.7615
Glenview,IL,42.0728,-87.80505
Golf,IL,42.058,-87.7916
Palatine,IL,42.112371,-88.0281
Kenilworth,IL,42.0884,-87.7165
Morton Grove,IL,42.0431,-87.7899
Mount Prospect,IL,42.0624,-87.9377
Northbrook,IL,42.12645,-87.83775
Park Ridge,IL,42.0122,-87.8417
Prospect Heights,IL,42.1058,-87.9395
Skokie,IL,42.03535,-87.74345
Techny,IL,42.1164,-87.8121
Wheeling,IL,42.134,-87.9341
Wilmette,IL,42.0765,-87.7246
Winnetka,IL,42.1054,-87.7535
Bartlett,IL,41.9794,-88.2063
Bellwood,IL,41.8825,-87.8786
Streamwood,IL,42.0225,-88.169
Forest Park,IL,41.8744,-87.8106
Franklin Park,IL,41.9339,-87.8734
Hines,IL,41.8623,-87.8355
Maywood,IL,41.8793,-87.8433
Westchester,IL,41.8524,-87.8845
Broadview,IL,41.8577,-87.8562
Schaumburg,IL,42.043,-88.086714
Melrose Park,IL,41.907433,-87.869067
Hillside,IL,41.8725,-87.9016
Berkeley,IL,41.8888,-87.909
Stone Park,IL,41.903,-87.8811
Hoffman Estates,IL,42.057133,-88.136667
River Grove,IL,41.9279,-87.8387
Schiller Park,IL,41.9563,-87.8692
Evanston,IL,42.047117,-87.692067
Oak Park,IL,41.88465,-87.790075
River Forest,IL,41.8951,-87.8159
Berwyn,IL,41.8347,-87.7914
Blue Island,IL,41.6582,-87.6795
Calumet City,IL,41.6153,-87.5483
Chicago Heights,IL,41.5074,-87.613
Chicago Ridge,IL,41.7017,-87.7774
Crestwood,IL,41.6446,-87.7415
Dolton,IL,41.6257,-87.598
Flossmoor,IL,41.5406,-87.6837
Glenwood,IL,41.5467,-87.6126
Harvey,IL,41.6103,-87.6534
Hazel Crest,IL,41.5738,-87.6849
Homewood,IL,41.5556,-87.6616
Lansing,IL,41.566,-87.5446
Matteson,IL,41.5102,-87.7406
Midlothian,IL,41.635,-87.7362
Oak Forest,IL,41.6077,-87.7542
Oak Lawn,IL,41.7631,-87.71945
Bridgeview,IL,41.7431,-87.8066
Hometown,IL,41.7311,-87.7315
Hickory Hills,IL,41.7262,-87.8289
Justice,IL,41.7447,-87.8346
Burbank,IL,41.7447,-87.7699
Olympia Fields,IL,41.5134,-87.6742
Orland Park,IL,41.6106,-87.8661
Palos Heights,IL,41.6621,-87.7927
Palos Park,IL,41.6624,-87.8521
Palos Hills,IL,41.7004,-87.8263
Park Forest,IL,41.479,-87.6828
Posen,IL,41.6277,-87.6872
Richton Park,IL,41.4819,-87.7238
Robbins,IL,41.6423,-87.7089
South Holland,IL,41.5979,-87.5938
Steger,IL,41.4686,-87.6386
Thornton,IL,41.5727,-87.6078
Tinley Park,IL,41.57305,-87.8196
Country Club Hills,IL,41.5637,-87.7247
Willow Springs,IL,41.7364,-87.8786
Worth,IL,41.6895,-87.7863
Bedford Park,IL,41.8119,-87.6873
Summit Argo,IL,41.7801,-87.824
Brookfield,IL,41.8217,-87.8492
La Grange,IL,41.7842,-87.8689
La Grange Park,IL,41.8318,-87.874
Lyons,IL,41.813,-87.8236
Riverside,IL,41.8379,-87.8213
Western Springs,IL,41.8049,-87.8995
Chicago,IL,41.854213,-87.67605
Harwood Heights,IL,41.9643,-87.8162
Elmwood Park,IL,41.9232,-87.8185
Lincolnwood,IL,42.008,-87.7361
Niles,IL,42.0312,-87.8112
Alsip,IL,41.6721,-87.7357
Cicero,IL,41.8378,-87.7602
Evergreen Park,IL,41.722,-87.7024
Riverdale,IL,41.6496,-87.6301
Annapolis,IL,39.1179,-87.8029
Flat Rock,IL,38.9096,-87.6837
Hutsonville,IL,39.1064,-87.6695
Oblong,IL,39.001,-87.895
Palestine,IL,39.0028,-87.6157
Robinson,IL,39.007,-87.7484
Stoy,IL,38.9898,-87.8396
West York,IL,39.1938,-87.7131
Greenup,IL,39.274,-88.1246
Janesville,IL,39.3743,-88.2445
Jewett,IL,39.2076,-88.2474
Neoga,IL,39.322,-88.4503
Toledo,IL,39.2772,-88.2468
Clare,IL,42.0086,-88.8306
Cortland,IL,41.92,-88.6887
Dekalb,IL,41.9008,-88.7548
Esmond,IL,42.0225,-88.9439
Genoa,IL,42.0981,-88.6908
Kingston,IL,42.1057,-88.7695
Kirkland,IL,42.1014,-88.8685
Malta,IL,41.9183,-88.8688
Sycamore,IL,41.9911,-88.6928
Hinckley,IL,41.7691,-88.6448
Sandwich,IL,41.6353,-88.6393
Shabbona,IL,41.7638,-88.8752
Somonauk,IL,41.6383,-88.6816
Waterman,IL,41.7504,-88.7754
Clinton,IL,40.1487,-88.9627
Dewitt,IL,40.1848,-88.7637
Kenney,IL,40.0967,-89.0859
Lane,IL,40.1235,-88.8597
Wapella,IL,40.2323,-88.9673
Waynesville,IL,40.2437,-89.1143
Farmer City,IL,40.2447,-88.6634
Weldon,IL,40.1177,-88.7531
Arcola,IL,39.687,-88.3037
Arthur,IL,39.7077,-88.4555
Atwood,IL,39.8044,-88.4494
Camargo,IL,39.8,-88.1468
Hindsboro,IL,39.7018,-88.1486
Murdock,IL,39.8009,-88.0784
Newman,IL,39.7848,-88.0001
Tuscola,IL,39.7995,-88.2816
Villa Grove,IL,39.8687,-88.1616
Addison,IL,41.9335,-88.0054
Bensenville,IL,41.95255,-87.94255
Bloomingdale,IL,41.894,-88.08345
Carol Stream,IL,41.876983,-88.112117
Elmhurst,IL,41.8927,-87.941
Hanover Park,IL,41.9995,-88.1451
Glen Ellyn,IL,41.8718,-88.0659
Glendale Heights,IL,41.9205,-88.0793
Itasca,IL,41.972,-88.0202
Lombard,IL,41.8721,-88.016
Medinah,IL,41.9814,-88.0512
Roselle,IL,41.9798,-88.0857
Villa Park,IL,41.8799,-87.9782
Wayne,IL,41.9525,-88.2536
West Chicago,IL,41.8867,-88.2031
Wheaton,IL,41.85605,-88.1005
Winfield,IL,41.8744,-88.1516
Wood Dale,IL,41.95735,-87.95935
Lemont,IL,41.7074,-87.9756
Aurora,IL,41.7715,-88.26696
Clarendon Hills,IL,41.7965,-87.9569
Downers Grove,IL,41.7818,-88.01485
Woodridge,IL,41.7518,-88.0489
Eola,IL,41.7775,-88.2428
Hinsdale,IL,41.8199,-88.0087
Oak Brook,IL,41.8371,-87.9638
Willowbrook,IL,41.7447,-87.9334
Lisle,IL,41.7862,-88.0879
Naperville,IL,41.769683,-88.1449
Warrenville,IL,41.828,-88.1921
Westmont,IL,41.7728,-87.9757
Darien,IL,41.7434,-87.9805
Fox Valley,IL,41.8397,-88.0887
Brocton,IL,39.6923,-87.9263
Chrisman,IL,39.7996,-87.6556
Hume,IL,39.8009,-87.8747
Kansas,IL,39.5525,-87.9352
Metcalf,IL,39.8008,-87.7955
Paris,IL,39.6132,-87.6976
Redmon,IL,39.6453,-87.8617
Vermilion,IL,39.5811,-87.5889
West Salem,IL,38.5209,-88.0048
Albion,IL,38.374,-88.0636
Bone Gap,IL,38.449,-88.0025
Browns,IL,38.3764,-87.9928
Ellery,IL,38.365,-88.1335
Effingham,IL,39.1217,-88.5611
Altamont,IL,39.0634,-88.7481
Beecher City,IL,39.1835,-88.8038
Dieterich,IL,39.0319,-88.4074
Edgewood,IL,38.9021,-88.6645
Mason,IL,38.9645,-88.6234
Montrose,IL,39.1573,-88.335
Shumway,IL,39.1881,-88.6418
Teutopolis,IL,39.132,-88.4767
Watson,IL,38.9906,-88.5584
Bingham,IL,39.1128,-89.2125
Ramsey,IL,39.1445,-89.1087
Hagarstown,IL,38.9434,-89.1684
Brownstown,IL,38.9891,-88.9494
Saint Elmo,IL,39.0315,-88.8552
Vandalia,IL,38.9439,-89.1041
Farina,IL,38.8469,-88.7614
Saint Peter,IL,38.8697,-88.856
Shobonier,IL,38.8446,-89.079
Cabery,IL,40.9819,-88.1921
Elliott,IL,40.4648,-88.2712
Gibson City,IL,40.4659,-88.3609
Kempton,IL,40.9126,-88.209
Melvin,IL,40.5714,-88.2551
Paxton,IL,40.4565,-88.099
Piper City,IL,40.7556,-88.1873
Roberts,IL,40.6193,-88.1804
Sibley,IL,40.5823,-88.3815
Benton,IL,38.0,-88.9227
Buckner,IL,37.9764,-89.0209
Christopher,IL,37.9849,-89.0574
Coello,IL,37.9946,-89.0672
Ewing,IL,38.0702,-88.8504
Frankfort Heights,IL,37.9943,-88.9417
Logan,IL,37.9559,-88.8403
Mulkeytown,IL,37.9687,-89.1159
Orient,IL,37.9182,-88.9767
Sesser,IL,38.0894,-89.0574
Thompsonville,IL,37.8804,-88.7684
Valier,IL,38.0222,-89.0351
West Frankfort,IL,37.8979,-88.9307
Whittington,IL,38.0872,-88.9014
Royalton,IL,37.879,-89.1141
Zeigler,IL,37.8991,-89.0523
Avon,IL,40.6549,-90.4461
Cuba,IL,40.4995,-90.1811
Ellisville,IL,40.6047,-90.2875
Fairview,IL,40.6442,-90.1653
Fiatt,IL,40.5603,-90.1798
Ipava,IL,40.3594,-90.2967
Marietta,IL,40.4978,-90.3885
Smithfield,IL,40.4855,-90.2856
Table Grove,IL,40.3784,-90.4239
Vermont,IL,40.3062,-90.422
Astoria,IL,40.2311,-90.3443
Bryant,IL,40.4663,-90.091
Canton,IL,40.5601,-90.0242
Dunfermline,IL,40.4912,-90.0318
Farmington,IL,40.6832,-90.035
Lewistown,IL,40.383,-90.1563
Liverpool,IL,40.3902,-90.0026
London Mills,IL,40.695,-90.2616
Norris,IL,40.6259,-90.0323
Saint David,IL,40.4912,-90.0505
New Haven,IL,37.8999,-88.1285
Omaha,IL,37.8904,-88.2865
Equality,IL,37.7278,-88.3445
Junction,IL,37.6952,-88.2491
Ridgway,IL,37.8042,-88.2612
Shawneetown,IL,37.7132,-88.1785
Carrollton,IL,39.3009,-90.4092
Eldred,IL,39.2836,-90.5329
Greenfield,IL,39.3491,-90.2089
Hillview,IL,39.4674,-90.5128
Kane,IL,39.2037,-90.3719
Patterson,IL,39.4806,-90.4829
Rockbridge,IL,39.2831,-90.2558
Roodhouse,IL,39.4846,-90.3498
White Hall,IL,39.4288,-90.4019
Wrights,IL,39.3762,-90.2933
Braceville,IL,41.2288,-88.269
Coal City,IL,41.2908,-88.2823
Gardner,IL,41.1775,-88.338
Kinsman,IL,41.1631,-88.5535
Mazon,IL,41.2264,-88.4217
Minooka,IL,41.4615,-88.2786
Morris,IL,41.3672,-88.4178
South Wilmington,IL,41.1728,-88.2767
Verona,IL,41.2501,-88.517
Broughton,IL,37.9546,-88.4678
Dahlgren,IL,38.1975,-88.6363
Dale,IL,37.995,-88.4917
Mc Leansboro,IL,38.0939,-88.5286
Macedonia,IL,38.013,-88.6961
La Harpe,IL,40.5846,-90.9687
Augusta,IL,40.2341,-90.9554
Basco,IL,40.3283,-91.197
Bowen,IL,40.2341,-91.0705
Carthage,IL,40.4129,-91.1005
Colusa,IL,40.5714,-91.1682
Dallas City,IL,40.572,-91.1255
Elvaston,IL,40.395,-91.2496
Ferris,IL,40.4689,-91.1704
Hamilton,IL,40.3964,-91.339
Nauvoo,IL,40.5261,-91.3318
Niota,IL,40.5978,-91.2991
Plymouth,IL,40.3236,-90.9672
Sutter,IL,40.2865,-91.3726
Warsaw,IL,40.3544,-91.4348
West Point,IL,40.255,-91.1826
Cave In Rock,IL,37.4692,-88.1653
Elizabethtown,IL,37.4665,-88.2867
Karbers Ridge,IL,37.5008,-88.2383
Rosiclare,IL,37.424,-88.3462
Biggsville,IL,40.8531,-90.8561
Carman,IL,40.7551,-91.0564
Gladstone,IL,40.8377,-90.9941
Lomax,IL,40.6761,-91.0391
Media,IL,40.7618,-90.857
Oquawka,IL,40.9442,-90.9302
Raritan,IL,40.6959,-90.8274
Stronghurst,IL,40.7523,-90.9257
Andover,IL,41.2954,-90.2905
Annawan,IL,41.398,-89.9129
Atkinson,IL,41.4162,-90.0225
Cambridge,IL,41.3114,-90.1805
Colona,IL,41.4885,-90.321
Geneseo,IL,41.4688,-90.1711
Hooppole,IL,41.522,-89.9122
Lynn Center,IL,41.2888,-90.3304
Orion,IL,41.3634,-90.3849
Osco,IL,41.3637,-90.2681
Alpha,IL,41.193,-90.3821
Bishop Hill,IL,41.1977,-90.1183
Galva,IL,41.1656,-90.0481
Kewanee,IL,41.2411,-89.9274
Ophiem,IL,41.2525,-90.3876
Woodhull,IL,41.1849,-90.2833
Ashkum,IL,40.8844,-87.9411
Beaverville,IL,40.9672,-87.6217
Buckley,IL,40.6018,-88.0361
Chebanse,IL,41.0254,-87.8959
Cissna Park,IL,40.5858,-87.8759
Claytonville,IL,40.5676,-87.804
Clifton,IL,40.9394,-87.9202
Crescent City,IL,40.7417,-87.849
Danforth,IL,40.8244,-87.9868
Donovan,IL,40.8891,-87.6046
Gilman,IL,40.768,-87.9933
Goodwine,IL,40.5673,-87.7845
Iroquois,IL,40.8269,-87.5847
Loda,IL,40.5241,-88.0927
Martinton,IL,40.9052,-87.7443
Milford,IL,40.6293,-87.6853
Onarga,IL,40.712,-87.9958
Papineau,IL,40.967,-87.7161
Sheldon,IL,40.7803,-87.5736
Stockland,IL,40.6145,-87.5928
Thawville,IL,40.684,-88.0999
Watseka,IL,40.7734,-87.7309
Wellington,IL,40.5339,-87.6561
Woodland,IL,40.7151,-87.7307
Carbondale,IL,37.684667,-89.203633
Ava,IL,37.8793,-89.4654
Campbell Hill,IL,37.9228,-89.5799
De Soto,IL,37.8147,-89.2218
Dowell,IL,37.9398,-89.2379
Elkville,IL,37.9155,-89.2336
Gorham,IL,37.7406,-89.444
Grand Tower,IL,37.6322,-89.4999
Jacob,IL,37.7437,-89.5444
Makanda,IL,37.6176,-89.209
Murphysboro,IL,37.7655,-89.3317
Oraville,IL,37.8651,-89.3834
Pomona,IL,37.6501,-89.3693
Vergennes,IL,37.9051,-89.3269
Hidalgo,IL,39.1228,-88.1397
Newton,IL,38.9847,-88.1704
Sainte Marie,IL,38.928,-88.0291
West Liberty,IL,38.895,-88.0979
Wheeler,IL,39.0182,-88.3175
Willow Hill,IL,38.9757,-88.0172
Yale,IL,39.13,-88.0105
Belle Rive,IL,38.2153,-88.7558
Bluford,IL,38.3531,-88.7587
Bonnie,IL,38.198,-88.9229
Dix,IL,38.4333,-88.9657
Ina,IL,38.1527,-88.8894
Mount Vernon,IL,38.317,-88.9105
Nason,IL,38.1654,-88.9676
Opdyke,IL,38.275,-88.775
Scheller,IL,38.1731,-89.0927
Texico,IL,38.425,-88.8702
Waltonville,IL,38.2089,-89.039
Woodlawn,IL,38.3844,-89.0745
Brighton,IL,39.0361,-90.1443
Dow,IL,39.0312,-90.3011
Elsah,IL,38.9594,-90.3541
Fidelity,IL,39.1546,-90.1642
Fieldon,IL,39.1086,-90.5297
Grafton,IL,39.0021,-90.4323
Jerseyville,IL,39.1213,-90.3338
Medora,IL,39.1986,-90.1542
Apple River,IL,42.4714,-90.1201
East Dubuque,IL,42.4875,-90.6046
Elizabeth,IL,42.3089,-90.1986
Galena,IL,42.4182,-90.4195
Hanover,IL,42.2594,-90.2897
Nora,IL,42.4558,-89.9454
Scales Mound,IL,42.4715,-90.258
Stockton,IL,42.3492,-90.0202
Warren,IL,42.489,-89.986
Belknap,IL,37.3266,-88.9507
Boles,IL,37.4472,-88.8768
Buncombe,IL,37.4637,-88.9806
Cypress,IL,37.365,-88.9747
Goreville,IL,37.575,-88.9655
Grantsburg,IL,37.3794,-88.7583
New Burnside,IL,37.578,-88.7454
Ozark,IL,37.5367,-88.7688
Simpson,IL,37.4673,-88.7551
Vienna,IL,37.4205,-88.8879
Burlington,IL,42.0458,-88.539
Carpentersville,IL,42.123,-88.2606
Dundee,IL,42.0962,-88.2902
Elburn,IL,41.8824,-88.4611
Elgin,IL,42.04192,-88.30802
Geneva,IL,41.886,-88.311
Gilberts,IL,42.0984,-88.3691
Hampshire,IL,42.0807,-88.517
Kaneville,IL,41.8353,-88.522
Lafox,IL,41.937,-88.4202
Maple Park,IL,41.9232,-88.5999
Saint Charles,IL,41.9336,-88.3494
South Elgin,IL,41.9969,-88.2986
Wasco,IL,41.937,-88.4202
Batavia,IL,41.8482,-88.3098
Big Rock,IL,41.7593,-88.5376
Mooseheart,IL,41.8241,-88.3315
North Aurora,IL,41.8089,-88.3274
Sugar Grove,IL,41.7741,-88.4397
Kankakee,IL,41.1166,-87.8696
Aroma Park,IL,41.0798,-87.8114
Bonfield,IL,41.1573,-88.0619
Bourbonnais,IL,41.1661,-87.879
Bradley,IL,41.1454,-87.8601
Buckingham,IL,41.0433,-88.1772
Essex,IL,41.1676,-88.1845
Grant Park,IL,41.2477,-87.648
Herscher,IL,41.0464,-88.0858
Hopkins Park,IL,41.0634,-87.625
Manteno,IL,41.2514,-87.8468
Momence,IL,41.1593,-87.6575
Pembroke Township,IL,41.0646,-87.5917
Reddick,IL,41.1005,-88.2089
Saint Anne,IL,41.0487,-87.6564
Union Hill,IL,41.1088,-88.1465
Bristol,IL,41.7016,-88.4398
Millbrook,IL,41.5984,-88.5529
Millington,IL,41.5614,-88.5975
Montgomery,IL,41.7177,-88.332
Newark,IL,41.5267,-88.527
Oswego,IL,41.6849,-88.3453
Plano,IL,41.667,-88.5384
Yorkville,IL,41.6387,-88.4438
Galesburg,IL,40.94995,-90.3705
Abingdon,IL,40.8023,-90.4009
Altona,IL,41.1128,-90.1598
Dahinda,IL,40.9551,-90.1398
East Galesburg,IL,40.9402,-90.3109
Gilson,IL,40.8765,-90.1747
Henderson,IL,41.0276,-90.3575
Knoxville,IL,40.9107,-90.2871
Maquon,IL,40.7849,-90.2008
Oneida,IL,41.0832,-90.2391
Rio,IL,41.1103,-90.39
Saint Augustine,IL,40.7289,-90.3798
Victoria,IL,41.0256,-90.0933
Wataga,IL,41.0224,-90.2723
Williamsfield,IL,40.9277,-90.0267
Yates City,IL,40.7878,-90.0265
Antioch,IL,42.4648,-88.1178
Barrington,IL,42.2421,-87.8742
Deerfield,IL,42.1705,-87.859
Fox Lake,IL,42.3937,-88.1648
Grayslake,IL,42.3524,-88.0545
Gurnee,IL,42.3669,-87.9452
Highland Park,IL,42.1794,-87.8059
Fort Sheridan,IL,42.2097,-87.8056
Highwood,IL,42.2035,-87.8141
Ingleside,IL,42.3631,-88.1587
Island Lake,IL,42.2742,-88.1926
Lake Bluff,IL,42.282,-87.856
Lake Forest,IL,42.2374,-87.8482
Lake Villa,IL,42.3813,-87.9991
Lake Zurich,IL,42.2165,-88.0769
Libertyville,IL,42.281,-87.95
Mundelein,IL,42.2636,-88.0048
Vernon Hills,IL,42.2288,-87.9719
North Chicago,IL,42.379,-87.8165
Lincolnshire,IL,42.1976,-87.9261
Round Lake,IL,42.3668,-88.0888
Russell,IL,42.4906,-87.9126
Waukegan,IL,42.372233,-87.8551
Wadsworth,IL,42.446,-87.904
Wauconda,IL,42.2636,-88.1333
Great Lakes,IL,42.3032,-87.8642
Buffalo Grove,IL,42.1598,-87.9644
Winthrop Harbor,IL,42.4793,-87.8318
Zion,IL,42.4442,-87.8389
Ransom,IL,41.153,-88.6502
Earlville,IL,41.5859,-88.9103
Leland,IL,41.6066,-88.7716
Serena,IL,41.4995,-88.7509
Sheridan,IL,41.5164,-88.6706
Wedron,IL,41.4409,-88.7703
La Salle,IL,41.3442,-89.0955
Cedar Point,IL,41.2617,-89.1237
Dana,IL,40.9547,-88.9628
Grand Ridge,IL,41.2386,-88.8168
Leonore,IL,41.1895,-88.9806
Lostant,IL,41.145,-89.075
Marseilles,IL,41.3302,-88.6947
Mendota,IL,41.5443,-89.1083
Oglesby,IL,41.2928,-89.0553
Ottawa,IL,41.3526,-88.8416
Peru,IL,41.333,-89.1265
Rutland,IL,40.9844,-89.0388
Seneca,IL,41.3152,-88.61
Streator,IL,41.1225,-88.8307
Tonica,IL,41.2327,-89.089
Triumph,IL,41.4991,-89.0219
Troy Grove,IL,41.4678,-89.0831
Utica,IL,41.363,-89.0008
Bridgeport,IL,38.7067,-87.7657
Lawrenceville,IL,38.7309,-87.6784
Saint Francisville,IL,38.5921,-87.6487
Sumner,IL,38.7171,-87.8638
Lee,IL,41.7864,-88.9714
Steward,IL,41.8475,-89.0151
Ashton,IL,41.8643,-89.2086
Dixon,IL,41.8478,-89.4893
Franklin Grove,IL,41.858,-89.3171
Harmon,IL,41.6973,-89.5695
Nachusa,IL,41.8316,-89.3896
Amboy,IL,41.7042,-89.3472
Compton,IL,41.685,-89.0877
Eldena,IL,41.7711,-89.4123
Lee Center,IL,41.7488,-89.2827
Paw Paw,IL,41.6852,-88.9674
Sublette,IL,41.6331,-89.2354
West Brooklyn,IL,41.7292,-89.1909
Dwight,IL,41.0887,-88.4159
Odell,IL,41.0238,-88.5156
Campus,IL,41.0248,-88.3072
Chatsworth,IL,40.7484,-88.2937
Cullom,IL,40.8781,-88.2765
Emington,IL,40.9692,-88.3589
Ancona,IL,41.0426,-88.8642
Blackstone,IL,41.0719,-88.6498
Cornell,IL,41.031,-88.7668
Long Point,IL,40.9896,-88.8811
Fairbury,IL,40.745,-88.5165
Flanagan,IL,40.879,-88.862
Forrest,IL,40.7513,-88.4111
Graymont,IL,40.8757,-88.7817
Pontiac,IL,40.8764,-88.6328
Saunemin,IL,40.8885,-88.4094
Strawn,IL,40.6476,-88.404
Atlanta,IL,40.2586,-89.23
Lawndale,IL,40.2193,-89.2852
Beason,IL,40.1437,-89.1948
Chestnut,IL,40.0582,-89.19
Cornland,IL,39.9374,-89.4023
Lake Fork,IL,39.9706,-89.3505
Latham,IL,39.9711,-89.1725
Mount Pulaski,IL,40.0045,-89.2935
Elkhart,IL,40.0132,-89.452
Emden,IL,40.2967,-89.4714
Hartsburg,IL,40.2451,-89.4519
Lincoln,IL,40.1451,-89.3684
Middletown,IL,40.0967,-89.5818
New Holland,IL,40.1682,-89.5604
Adair,IL,40.3852,-90.5037
Bardolph,IL,40.495,-90.5646
Blandinsville,IL,40.5516,-90.8595
Bushnell,IL,40.5539,-90.506
Good Hope,IL,40.5578,-90.6735
Industry,IL,40.3256,-90.6105
Macomb,IL,40.4617,-90.6787
Prairie City,IL,40.618,-90.4727
Sciota,IL,40.5832,-90.7316
Colchester,IL,40.4156,-90.7846
Tennessee,IL,40.414,-90.8556
Alden,IL,42.3248,-88.4525
Crystal Lake,IL,42.273933,-88.368733
Cary,IL,42.2196,-88.2426
Fox River Grove,IL,42.1936,-88.2205
Harvard,IL,42.4227,-88.6048
Hebron,IL,42.4642,-88.4176
Mchenry,IL,42.34265,-88.26245
Richmond,IL,42.4669,-88.29
Ringwood,IL,42.4048,-88.3054
Spring Grove,IL,42.4413,-88.2237
Wonder Lake,IL,42.3849,-88.3534
Woodstock,IL,42.3198,-88.4477
Algonquin,IL,42.1641,-88.3064
Huntley,IL,42.1756,-88.4268
Marengo,IL,42.2442,-88.6074
Lake In The Hills,IL,42.1817,-88.3304
Union,IL,42.2103,-88.5283
Bloomington,IL,40.48185,-88.946875
Anchor,IL,40.5441,-88.5266
Arrowsmith,IL,40.412,-88.6296
Bellflower,IL,40.3401,-88.5227
Carlock,IL,40.6029,-89.1098
Chenoa,IL,40.7446,-88.7219
Colfax,IL,40.5704,-88.62
Cooksville,IL,40.536,-88.735
Cropsey,IL,40.603,-88.4943
Danvers,IL,40.5364,-89.1885
Downs,IL,40.3989,-88.8686
Ellsworth,IL,40.4432,-88.7371
Gridley,IL,40.7439,-88.884
Heyworth,IL,40.3307,-88.9776
Hudson,IL,40.6205,-88.9759
Le Roy,IL,40.3468,-88.7598
Lexington,IL,40.6357,-88.8062
Mc Lean,IL,40.3282,-89.1645
Merna,IL,40.5167,-88.8259
Normal,IL,40.51135,-88.99315
Saybrook,IL,40.432,-88.5247
Shirley,IL,40.4174,-89.0822
Stanford,IL,40.4376,-89.2164
Towanda,IL,40.5533,-88.8886
Maroa,IL,40.0342,-88.9578
Argenta,IL,39.934,-88.8052
Blue Mound,IL,39.6978,-89.1136
Boody,IL,39.7624,-89.0507
Decatur,IL,39.84845,-88.964533
Elwin,IL,39.78,-88.9808
Forsyth,IL,39.9248,-88.9691
Harristown,IL,39.8567,-89.085
Macon,IL,39.7041,-88.988
Mt Zion,IL,39.7705,-88.8659
Niantic,IL,39.8582,-89.1701
Oreana,IL,39.9351,-88.8547
Warrensburg,IL,39.9454,-89.0741
Benld,IL,39.0939,-89.8031
Bunker Hill,IL,39.0408,-89.9624
Eagarville,IL,39.1118,-89.7855
Gillespie,IL,39.1341,-89.8442
Mount Olive,IL,39.0705,-89.7448
Piasa,IL,39.1159,-90.1237
Sawyerville,IL,39.0828,-89.8043
Staunton,IL,39.0135,-89.7857
Wilsonville,IL,39.0695,-89.8565
Carlinville,IL,39.2885,-89.8661
Chesterfield,IL,39.2608,-90.0784
Girard,IL,39.3838,-89.8501
Hettick,IL,39.3752,-90.0672
Modesto,IL,39.476,-89.9794
Nilwood,IL,39.398,-89.8045
Palmyra,IL,39.4227,-90.0311
Scottville,IL,39.4803,-90.1048
Shipman,IL,39.1952,-89.9607
Virden,IL,39.5064,-89.7783
Alhambra,IL,38.8822,-89.7441
Alton,IL,38.9087,-90.1568
Bethalto,IL,38.9074,-90.0344
Cottage Hills,IL,38.9124,-90.0826
Dorsey,IL,38.9832,-89.9786
East Alton,IL,38.8803,-90.083
Edwardsville,IL,38.8082,-89.95845
Glen Carbon,IL,38.7609,-89.9706
Godfrey,IL,38.946,-90.206
Granite City,IL,38.7261,-90.1106
Hamel,IL,38.8901,-89.8457
Hartford,IL,38.8278,-90.0926
Livingston,IL,38.969,-89.7668
Madison,IL,38.6811,-90.1566
Marine,IL,38.7793,-89.7786
Maryville,IL,38.7138,-89.9658
Moro,IL,38.9318,-89.9618
New Douglas,IL,38.9676,-89.7392
Roxana,IL,38.8482,-90.0798
South Roxana,IL,38.8225,-90.0583
Venice,IL,38.6706,-90.1689
Wood River,IL,38.8643,-90.0875
Worden,IL,38.9449,-89.8532
Collinsville,IL,38.6835,-89.9853
Highland,IL,38.7631,-89.6789
Saint Jacob,IL,38.7059,-89.7925
Troy,IL,38.7243,-89.8708
Centralia,IL,38.5241,-89.1365
Alma,IL,38.7231,-88.9157
Iuka,IL,38.6136,-88.7689
Kell,IL,38.5147,-88.9127
Kinmundy,IL,38.7559,-88.813
Odin,IL,38.6088,-89.0552
Patoka,IL,38.7549,-89.0942
Salem,IL,38.6264,-88.9481
Sandoval,IL,38.6131,-89.114
Vernon,IL,38.8033,-89.083
Walnut Hill,IL,38.467,-89.0328
Toluca,IL,41.0046,-89.1348
Varna,IL,41.0327,-89.2483
Wenona,IL,41.0548,-89.0416
Camp Grove,IL,41.078,-89.6332
Henry,IL,41.1115,-89.3743
Lacon,IL,41.0216,-89.4008
La Rose,IL,40.9823,-89.2354
Sparland,IL,41.0134,-89.4571
Washburn,IL,40.9141,-89.283
Forest City,IL,40.3594,-89.8334
Manito,IL,40.416,-89.7898
Topeka,IL,40.3303,-89.9312
Bath,IL,40.1536,-90.1661
Easton,IL,40.2279,-89.8903
Havana,IL,40.3,-90.061
Kilbourne,IL,40.1587,-90.0043
Mason City,IL,40.2023,-89.6982
San Jose,IL,40.3011,-89.6872
Brookport,IL,37.1542,-88.5334
Joppa,IL,37.2092,-88.8442
Metropolis,IL,37.1753,-88.7252
Athens,IL,39.9917,-89.6684
Greenview,IL,40.1017,-89.7469
Lincoln'S New Salem,IL,40.0311,-89.7867
Oakford,IL,40.0994,-89.9601
Petersburg,IL,40.0117,-89.8482
Tallula,IL,39.9445,-89.9373
Aledo,IL,41.2008,-90.7416
Joy,IL,41.2262,-90.8518
Matherville,IL,41.2599,-90.6128
New Boston,IL,41.2153,-90.9879
Preemption,IL,41.2996,-90.5866
Sherrard,IL,41.3027,-90.4939
Alexis,IL,41.0521,-90.5436
Keithsburg,IL,41.1043,-90.9263
New Windsor,IL,41.1987,-90.4598
North Henderson,IL,41.1006,-90.4736
Seaton,IL,41.0732,-90.8257
Viola,IL,41.2024,-90.5936
Columbia,IL,38.4325,-90.2027
Fults,IL,38.1797,-90.1974
Hecker,IL,38.3044,-89.9935
Maeystown,IL,38.3043,-90.1356
Renault,IL,38.1521,-90.1346
Valmeyer,IL,38.2805,-90.3122
Waterloo,IL,38.3223,-90.1478
Butler,IL,39.2114,-89.5305
Coffeen,IL,39.0908,-89.3945
Fillmore,IL,39.1039,-89.2946
Hillsboro,IL,39.1494,-89.4881
Irving,IL,39.2089,-89.4104
Litchfield,IL,39.1793,-89.6499
Nokomis,IL,39.3036,-89.2853
Ohlman,IL,39.3434,-89.2191
Panama,IL,39.0317,-89.5237
Taylor Springs,IL,39.1309,-89.492
Walshville,IL,39.0473,-89.635
Witt,IL,39.2469,-89.3414
Farmersville,IL,39.4401,-89.617
Harvel,IL,39.3719,-89.538
Raymond,IL,39.3106,-89.5851
Waggoner,IL,39.3688,-89.6545
Alexander,IL,39.7517,-90.0458
Chapin,IL,39.7716,-90.4113
Concord,IL,39.823,-90.3722
Franklin,IL,39.6222,-90.0889
Jacksonville,IL,39.7161,-90.24525
Literberry,IL,39.8589,-90.2007
Meredosia,IL,39.8173,-90.5339
Murrayville,IL,39.5723,-90.2379
Waverly,IL,39.587,-89.9449
Woodson,IL,39.6289,-90.219
Bethany,IL,39.6348,-88.7543
Dalton City,IL,39.7119,-88.7975
Gays,IL,39.4796,-88.5242
Lovington,IL,39.7192,-88.6417
Sullivan,IL,39.5934,-88.6038
Creston,IL,41.9312,-88.9566
Baileyville,IL,42.1905,-89.5939
Byron,IL,42.1292,-89.2659
Chana,IL,41.9933,-89.2117
Davis Junction,IL,42.0979,-89.0838
Forreston,IL,42.1229,-89.5831
Holcomb,IL,42.0647,-89.0957
Leaf River,IL,42.1532,-89.3959
Lindenwood,IL,42.0507,-89.034
Monroe Center,IL,42.105,-89.0169
Mount Morris,IL,42.0479,-89.4346
Oregon,IL,42.0095,-89.3444
Polo,IL,41.989,-89.5984
Rochelle,IL,41.9282,-89.071
Stillman Valley,IL,42.1183,-89.1898
Woosung,IL,41.9034,-89.5409
Laura,IL,40.9335,-89.9349
Brimfield,IL,40.8407,-89.897
Chillicothe,IL,40.9013,-89.5068
Dunlap,IL,40.8444,-89.6397
Edelstein,IL,40.9454,-89.5858
Edwards,IL,40.779,-89.723
Elmwood,IL,40.7726,-89.9289
Glasford,IL,40.576,-89.8113
Hanna City,IL,40.6798,-89.7952
Kingston Mines,IL,40.5571,-89.7685
Mapleton,IL,40.6117,-89.7184
Mossville,IL,40.818,-89.568
Rome,IL,40.8743,-89.5067
Trivoli,IL,40.6795,-89.9135
Peoria,IL,40.725134,-89.640683
Peoria Heights,IL,40.7473,-89.574
Cutler,IL,38.0427,-89.5661
Pinckneyville,IL,38.0903,-89.3858
Du Quoin,IL,38.0137,-89.2333
Tamaroa,IL,38.138,-89.2231
Willisville,IL,37.9848,-89.5899
Bement,IL,39.9222,-88.5688
Cerro Gordo,IL,39.8681,-88.7256
Cisco,IL,39.9972,-88.6962
De Land,IL,40.1107,-88.6392
Mansfield,IL,40.2147,-88.5179
Milmine,IL,39.9238,-88.6599
Monticello,IL,40.0263,-88.5686
White Heath,IL,40.1009,-88.5193
Hammond,IL,39.7946,-88.5793
La Place,IL,39.7983,-88.7272
Barry,IL,39.7047,-91.0265
Baylis,IL,39.7612,-90.8832
Chambersburg,IL,39.8071,-90.663
Griggsville,IL,39.7084,-90.7249
Hull,IL,39.7186,-91.2338
Kinderhook,IL,39.6953,-91.1637
Milton,IL,39.5645,-90.6504
Nebo,IL,39.4202,-90.7692
New Canton,IL,39.6342,-91.0886
New Salem,IL,39.6996,-90.844
Pearl,IL,39.4441,-90.638
Perry,IL,39.7823,-90.7471
Pittsfield,IL,39.6013,-90.8073
Pleasant Hill,IL,39.4467,-90.877
Rockport,IL,39.5328,-90.9722
Eddyville,IL,37.4829,-88.5791
Golconda,IL,37.3602,-88.4886
Herod,IL,37.5634,-88.44
Grand Chain,IL,37.251,-89.0083
Karnak,IL,37.2911,-88.9739
Mound City,IL,37.0865,-89.1637
Mounds,IL,37.1188,-89.2001
Olmsted,IL,37.1935,-89.0933
Perks,IL,37.3113,-89.0831
Pulaski,IL,37.2146,-89.1968
Ullin,IL,37.277,-89.1834
Villa Ridge,IL,37.1578,-89.1825
Granville,IL,41.2642,-89.225
Hennepin,IL,41.2352,-89.3218
Mc Nabb,IL,41.173,-89.2187
Magnolia,IL,41.1164,-89.227
Mark,IL,41.266,-89.2491
Standard,IL,41.2567,-89.1778
Putnam,IL,41.1949,-89.4409
Baldwin,IL,38.1754,-89.8414
Chester,IL,37.9188,-89.8218
Coulterville,IL,38.1753,-89.6479
Ellis Grove,IL,38.0054,-89.9008
Evansville,IL,38.0926,-89.917
Menard,IL,37.9101,-89.8398
Modoc,IL,38.0507,-90.0163
Percy,IL,38.0126,-89.617
Prairie Du Rocher,IL,38.0831,-90.0959
Red Bud,IL,38.1907,-89.9884
Rockwood,IL,37.8322,-89.6214
Sparta,IL,38.1318,-89.7035
Steeleville,IL,38.0057,-89.6665
Tilden,IL,38.2122,-89.6895
Walsh,IL,38.0203,-89.8297
Calhoun,IL,38.6351,-88.0037
Claremont,IL,38.7429,-87.9727
Dundas,IL,38.8306,-88.0973
Olney,IL,38.7334,-88.0809
Parkersburg,IL,38.59,-88.0647
Noble,IL,38.7119,-88.219
Rock Island,IL,41.522167,-90.574133
Andalusia,IL,41.4392,-90.7176
Barstow,IL,41.5147,-90.3577
Buffalo Prairie,IL,41.3368,-90.8522
Carbon Cliff,IL,41.4948,-90.3907
Coal Valley,IL,41.4351,-90.4652
Cordova,IL,41.6928,-90.3071
East Moline,IL,41.5118,-90.4321
Hampton,IL,41.5559,-90.4093
Hillsdale,IL,41.5929,-90.2263
Illinois City,IL,41.3892,-90.8925
Milan,IL,41.4262,-90.5739
Moline,IL,41.49865,-90.50655
Port Byron,IL,41.6013,-90.3263
Rapids City,IL,41.5817,-90.3435
Reynolds,IL,41.3277,-90.6384
Silvis,IL,41.5007,-90.4126
Taylor Ridge,IL,41.3828,-90.734
Lovejoy,IL,38.44,-89.9835
National Stock Yards,IL,38.6516,-90.1639
East Saint Louis,IL,38.606043,-90.125271
Fairview Heights,IL,38.596,-90.0071
Belleville,IL,38.51462,-89.99298
Scott Air Force Base,IL,38.5432,-89.859
Caseyville,IL,38.6345,-90.0135
Dupo,IL,38.5162,-90.2104
East Carondelet,IL,38.5349,-90.2208
Freeburg,IL,38.408,-89.9181
Lebanon,IL,38.6053,-89.7992
Lenzburg,IL,38.295,-89.7922
Marissa,IL,38.2455,-89.7501
Mascoutah,IL,38.4745,-89.7877
Millstadt,IL,38.4443,-90.0888
New Athens,IL,38.316,-89.8728
O Fallon,IL,38.5718,-89.8957
Saint Libory,IL,38.3632,-89.7139
Smithton,IL,38.4231,-89.9896
Summerfield,IL,38.5967,-89.7512
Carrier Mills,IL,37.6842,-88.6328
Eldorado,IL,37.8139,-88.4434
Galatia,IL,37.8274,-88.6235
Harrisburg,IL,37.7257,-88.544
Muddy,IL,37.765,-88.5167
Raleigh,IL,37.8256,-88.5324
Stonefort,IL,37.6432,-88.6228
Buffalo,IL,39.8499,-89.3879
Dawson,IL,39.8563,-89.4603
Divernon,IL,39.5692,-89.6626
Glenarm,IL,39.6327,-89.6581
Illiopolis,IL,39.8499,-89.2513
Mechanicsburg,IL,39.7778,-89.4064
Pawnee,IL,39.6086,-89.5678
Riverton,IL,39.8663,-89.5087
Rochester,IL,39.7182,-89.5649
Auburn,IL,39.5918,-89.744
Cantrall,IL,39.9169,-89.6891
Chatham,IL,39.6737,-89.7112
Loami,IL,39.6704,-89.8588
Lowder,IL,39.5509,-89.8459
New Berlin,IL,39.7681,-89.855
Pleasant Plains,IL,39.8331,-89.8686
Sherman,IL,39.9121,-89.5877
Thayer,IL,39.5394,-89.7621
Williamsville,IL,39.9542,-89.5487
Springfield,IL,39.775611,-89.618957
Littleton,IL,40.2339,-90.619
Camden,IL,40.1511,-90.7544
Huntsville,IL,40.1544,-90.8531
Browning,IL,40.1289,-90.3721
Frederick,IL,40.07,-90.429
Rushville,IL,40.1133,-90.5432
Alsey,IL,39.5606,-90.434
Bluffs,IL,39.7296,-90.5313
Manchester,IL,39.5405,-90.3317
Winchester,IL,39.6266,-90.4664
Windsor,IL,39.4302,-88.5857
Cowden,IL,39.2326,-88.8868
Herrick,IL,39.2245,-88.9812
Lakewood,IL,39.3134,-88.8715
Mode,IL,39.2664,-88.7337
Sigel,IL,39.2176,-88.4803
Stewardson,IL,39.272,-88.6319
Strasburg,IL,39.3641,-88.6279
Findlay,IL,39.5193,-88.7468
Moweaqua,IL,39.6248,-89.019
Oconee,IL,39.2884,-89.0836
Shelbyville,IL,39.458,-88.8058
Tower Hill,IL,39.39,-88.9597
Bradford,IL,41.1532,-89.6521
Castleton,IL,41.1183,-89.7071
La Fayette,IL,41.1095,-89.9575
Speer,IL,40.9872,-89.652
Toulon,IL,41.1009,-89.8606
Wyoming,IL,41.0599,-89.7782
Princeville,IL,40.9093,-89.7723
Cedarville,IL,42.3761,-89.6365
Dakota,IL,42.4031,-89.5468
Davis,IL,42.4422,-89.4067
Eleroy,IL,42.332,-89.7612
Freeport,IL,42.2991,-89.6345
German Valley,IL,42.2176,-89.4712
Kent,IL,42.3155,-89.9195
Lena,IL,42.3791,-89.8253
Mc Connell,IL,42.4281,-89.7643
Orangeville,IL,42.4728,-89.6448
Pearl City,IL,42.261,-89.8393
Ridott,IL,42.2996,-89.4627
Rock City,IL,42.4103,-89.4759
Winslow,IL,42.4838,-89.806
Green Valley,IL,40.4198,-89.6549
Groveland,IL,40.5925,-89.5345
Morton,IL,40.6148,-89.4604
Pekin,IL,40.5652,-89.6384
South Pekin,IL,40.4945,-89.6518
Tremont,IL,40.5053,-89.4833
Washington,IL,40.7034,-89.4194
Creve Coeur,IL,40.6428,-89.5988
East Peoria,IL,40.6696,-89.56575
Armington,IL,40.3613,-89.3231
Deer Creek,IL,40.6224,-89.3323
Delavan,IL,40.369,-89.5321
Hopedale,IL,40.4273,-89.4214
Mackinaw,IL,40.5396,-89.3458
Minier,IL,40.4359,-89.3165
Alto Pass,IL,37.5681,-89.3172
Anna,IL,37.4668,-89.2207
Cobden,IL,37.5424,-89.2457
Dongola,IL,37.3712,-89.1349
Jonesboro,IL,37.4461,-89.2915
Millcreek,IL,37.3409,-89.2542
Wolf Lake,IL,37.512,-89.4408
East Lynn,IL,40.4633,-87.8056
Hoopeston,IL,40.4639,-87.6662
Rankin,IL,40.4559,-87.8884
Rossville,IL,40.3625,-87.6692
Allerton,IL,39.9188,-87.9312
Alvin,IL,40.3007,-87.608
Armstrong,IL,40.2175,-87.8943
Bismarck,IL,40.2552,-87.6138
Catlin,IL,40.0699,-87.7113
Collison,IL,40.2207,-87.7987
Danville,IL,40.1486,-87.6473
Tilton,IL,40.0964,-87.644
Fairmount,IL,40.0373,-87.8365
Fithian,IL,40.1192,-87.8797
Georgetown,IL,39.9792,-87.6365
Henning,IL,40.304,-87.7007
Indianola,IL,39.9268,-87.7388
Muncie,IL,40.1165,-87.8447
Oakwood,IL,40.1167,-87.7825
Potomac,IL,40.309,-87.8232
Ridge Farm,IL,39.9155,-87.6346
Sidell,IL,39.911,-87.8248
Westville,IL,40.0451,-87.636
Allendale,IL,38.5232,-87.7219
Bellmont,IL,38.3845,-87.9081
Keensburg,IL,38.3514,-87.8661
Lancaster,IL,38.4034,-87.8187
Mount Carmel,IL,38.4147,-87.7911
Berwick,IL,40.7799,-90.5059
Cameron,IL,40.889,-90.5001
Gerlaw,IL,40.9863,-90.5491
Kirkwood,IL,40.8638,-90.7457
Little York,IL,41.0153,-90.7364
Monmouth,IL,40.9107,-90.6448
Roseville,IL,40.7238,-90.6514
Smithshire,IL,40.7579,-90.7606
Addieville,IL,38.3815,-89.5794
Nashville,IL,38.3352,-89.3841
Oakdale,IL,38.2573,-89.596
Okawville,IL,38.4319,-89.523
Hoyleton,IL,38.4455,-89.3069
Ashley,IL,38.306,-89.2311
Du Bois,IL,38.2239,-89.2123
Irvington,IL,38.4366,-89.1648
Radom,IL,38.2607,-89.1989
Richview,IL,38.4082,-89.1756
Mount Erie,IL,38.5222,-88.2185
Barnhill,IL,38.2845,-88.3642
Cisne,IL,38.5159,-88.4375
Fairfield,IL,38.3782,-88.3593
Geff,IL,38.4413,-88.4144
Golden Gate,IL,38.3645,-88.2075
Johnsonville,IL,38.5223,-88.537
Keenes,IL,38.3691,-88.6481
Rinard,IL,38.5806,-88.4641
Sims,IL,38.3923,-88.5306
Wayne City,IL,38.3328,-88.5833
Burnt Prairie,IL,38.2082,-88.2147
Carmi,IL,38.0808,-88.167
Crossville,IL,38.166,-88.0595
Emma,IL,37.9762,-88.1202
Enfield,IL,38.0927,-88.3325
Grayville,IL,38.2627,-88.0035
Maunie,IL,38.0356,-88.0456
Mill Shoals,IL,38.2447,-88.3338
Norris City,IL,37.9773,-88.3243
Springerton,IL,38.1699,-88.3726
Galt,IL,41.7865,-89.761
Rock Falls,IL,41.7665,-89.6925
Sterling,IL,41.8055,-89.7054
Albany,IL,41.7659,-90.2081
Deer Grove,IL,41.6316,-89.6972
Erie,IL,41.656,-90.0843
Fenton,IL,41.7285,-90.0457
Fulton,IL,41.8522,-90.1507
Lyndon,IL,41.7199,-89.9169
Morrison,IL,41.8167,-89.969
Prophetstown,IL,41.6312,-89.9467
Tampico,IL,41.6522,-89.7948
Beecher,IL,41.3444,-87.6115
Crest Hill,IL,41.5548,-88.0987
Shorewood,IL,41.5076,-88.2169
Braidwood,IL,41.2657,-88.2231
Channahon,IL,41.4347,-88.2138
Crete,IL,41.439,-87.6027
Elwood,IL,41.426,-88.0864
Frankfort,IL,41.5094,-87.8248
Markham,IL,41.5998,-87.6906
Joliet,IL,41.51335,-88.07075
Bolingbrook,IL,41.6883,-88.1138
Lockport,IL,41.593,-88.0507
Manhattan,IL,41.4289,-87.9771
Romeoville,IL,41.6404,-88.0696
Mokena,IL,41.5342,-87.8911
Monee,IL,41.4191,-87.7748
New Lenox,IL,41.5067,-87.9631
Peotone,IL,41.3361,-87.7897
Wilmington,IL,41.3078,-88.1467
University Park,IL,41.4418,-87.7101
Homer Glen,IL,41.6028,-87.9599
Plainfield,IL,41.606967,-88.2125
Freeman Spur,IL,37.8612,-88.9973
Cambria,IL,37.7814,-89.1192
Carterville,IL,37.7748,-89.0978
Colp,IL,37.8053,-89.0801
Creal Springs,IL,37.6195,-88.8367
Energy,IL,37.7726,-89.025
Herrin,IL,37.8019,-89.0232
Hurst,IL,37.8366,-89.1424
Johnston City,IL,37.8245,-88.9209
Marion,IL,37.7257,-88.9294
Pittsburg,IL,37.8047,-88.8081
Cherry Valley,IL,42.2206,-88.9619
Durand,IL,42.4337,-89.3094
Pecatonica,IL,42.3051,-89.3472
Rockton,IL,42.4544,-89.0887
Roscoe,IL,42.4217,-88.9943
Seward,IL,42.2368,-89.358
Shirland,IL,42.4445,-89.1976
South Beloit,IL,42.4837,-89.0298
Winnebago,IL,42.2727,-89.2373
Rockford,IL,42.284764,-89.089664
Loves Park,IL,42.326425,-89.13625
Machesney Park,IL,42.3545,-89.0397
Benson,IL,40.8306,-89.1165
Eureka,IL,40.7152,-89.2706
Lowpoint,IL,40.8793,-89.3703
Metamora,IL,40.7844,-89.4309
Roanoke,IL,40.7956,-89.2093
Congerville,IL,40.6208,-89.1994
El Paso,IL,40.7389,-89.012
Goodfield,IL,40.6329,-89.2727
Minonk,IL,40.8985,-89.0349
Secor,IL,40.7224,-89.1271
Berne,IN,40.6716,-84.9343
Decatur,IN,40.8273,-84.9314
Geneva,IN,40.6071,-84.9621
Linn Grove,IN,40.645,-85.033
Monroe,IN,40.7005,-84.8441
Pleasant Mills,IN,40.7778,-84.8422
Preble,IN,40.832,-85.0054
Arcola,IN,41.1038,-85.2925
Grabill,IN,41.2108,-84.9406
Harlan,IN,41.2285,-84.8386
Hoagland,IN,40.9524,-85.0075
Huntertown,IN,41.2391,-85.1677
Leo,IN,41.2249,-85.0301
Monroeville,IN,40.987,-84.8937
New Haven,IN,41.0699,-85.0117
Woodburn,IN,41.1253,-84.8533
Yoder,IN,40.9371,-85.1958
Zanesville,IN,40.9188,-85.2824
Fort Wayne,IN,41.089977,-85.100156
Columbus,IN,39.212333,-85.912867
Clifford,IN,39.2826,-85.8685
Elizabethtown,IN,39.1243,-85.8153
Grammer,IN,39.1522,-85.7261
Hartsville,IN,39.2676,-85.698
Hope,IN,39.3039,-85.7714
Jonesville,IN,39.0593,-85.8886
Taylorsville,IN,39.2953,-85.9498
Ambia,IN,40.4793,-87.4796
Boswell,IN,40.518,-87.3789
Earl Park,IN,40.6945,-87.4232
Fowler,IN,40.6255,-87.309
Otterbein,IN,40.517,-87.1225
Oxford,IN,40.5217,-87.2526
Talbot,IN,40.5053,-87.4542
Templeton,IN,40.5055,-87.207
Hartford City,IN,40.4541,-85.3758
Montpelier,IN,40.5577,-85.2513
Lebanon,IN,40.0449,-86.4641
Thorntown,IN,40.1133,-86.5898
Whitestown,IN,40.0,-86.3507
Zionsville,IN,39.9561,-86.2767
Advance,IN,39.9956,-86.6198
Jamestown,IN,39.9579,-86.6236
Morgantown,IN,39.3628,-86.2803
Helmsburg,IN,39.1963,-86.2302
Nashville,IN,39.2367,-86.222
Bringhurst,IN,40.5163,-86.5204
Burlington,IN,40.4777,-86.3866
Burrows,IN,40.6767,-86.5075
Camden,IN,40.5996,-86.5152
Cutler,IN,40.4785,-86.4462
Delphi,IN,40.5734,-86.6788
Flora,IN,40.5445,-86.5016
Rockfield,IN,40.6411,-86.5739
Yeoman,IN,40.6677,-86.7236
Galveston,IN,40.5862,-86.1972
Lake Cicott,IN,40.7361,-86.3734
Logansport,IN,40.7604,-86.3599
Lucerne,IN,40.8614,-86.4077
New Waverly,IN,40.7621,-86.1936
Onward,IN,40.6947,-86.1951
Royal Center,IN,40.8645,-86.5078
Twelve Mile,IN,40.8547,-86.2126
Walton,IN,40.6772,-86.2805
Young America,IN,40.5686,-86.3467
Bethlehem,IN,38.5399,-85.4218
Borden,IN,38.4362,-85.9215
Charlestown,IN,38.4568,-85.6606
Henryville,IN,38.5398,-85.7734
Clarksville,IN,38.311,-85.7645
Jeffersonville,IN,38.326975,-85.7258
Marysville,IN,38.5856,-85.6436
Memphis,IN,38.4642,-85.7775
Nabb,IN,38.6128,-85.5217
New Washington,IN,38.5575,-85.4599
Otisco,IN,38.5423,-85.6647
Sellersburg,IN,38.4046,-85.788
Underwood,IN,38.6037,-85.7744
Bowling Green,IN,39.3812,-87.0052
Brazil,IN,39.521,-87.1278
Carbon,IN,39.5913,-87.1132
Centerpoint,IN,39.391,-87.0935
Clay City,IN,39.2727,-87.1082
Coalmont,IN,39.1934,-87.2311
Cory,IN,39.3435,-87.1956
Harmony,IN,39.5372,-87.0729
Knightsville,IN,39.5269,-87.0869
Poland,IN,39.4462,-86.9631
Staunton,IN,39.4875,-87.1889
Colfax,IN,40.1956,-86.6593
Forest,IN,40.3757,-86.3201
Frankfort,IN,40.3044,-86.4689
Kirklin,IN,40.2031,-86.3324
Michigantown,IN,40.3108,-86.3753
Mulberry,IN,40.3433,-86.6613
Rossville,IN,40.4109,-86.608
Sedalia,IN,40.4156,-86.5147
Eckerty,IN,38.3185,-86.6059
English,IN,38.3258,-86.4429
Grantsburg,IN,38.282,-86.4843
Leavenworth,IN,38.1865,-86.3838
Marengo,IN,38.3736,-86.3578
Milltown,IN,38.3445,-86.3003
Sulphur,IN,38.2259,-86.4908
Taswell,IN,38.3463,-86.5387
Washington,IN,38.6536,-87.1707
Cannelburg,IN,38.6698,-86.9983
Elnora,IN,38.8772,-87.085
Montgomery,IN,38.6521,-87.0476
Odon,IN,38.8187,-86.9752
Plainville,IN,38.8062,-87.1522
Aurora,IN,39.0719,-84.9452
Dillsboro,IN,38.9962,-85.055
Guilford,IN,39.2059,-84.9616
Lawrenceburg,IN,39.1401,-84.8658
Moores Hill,IN,39.0945,-85.0638
West Harrison,IN,39.3008,-84.881
Clarksburg,IN,39.4241,-85.3477
Greensburg,IN,39.2998,-85.4918
Millhousen,IN,39.292,-85.4918
New Point,IN,39.3083,-85.3297
Saint Paul,IN,39.4277,-85.5994
Westport,IN,39.1749,-85.5856
Ashley,IN,41.5347,-85.0504
Auburn,IN,41.359,-85.0468
Butler,IN,41.4287,-84.8787
Corunna,IN,41.4504,-85.137
Garrett,IN,41.3482,-85.1347
Saint Joe,IN,41.324,-84.9043
Spencerville,IN,41.2696,-84.9398
Waterloo,IN,41.4402,-85.0221
Muncie,IN,40.197586,-85.403243
Albany,IN,40.292,-85.258
Daleville,IN,40.1257,-85.511
Eaton,IN,40.3377,-85.3544
Gaston,IN,40.2948,-85.4898
Oakville,IN,40.0792,-85.39
Selma,IN,40.1693,-85.2738
Yorktown,IN,40.1836,-85.496
Birdseye,IN,38.3006,-86.7102
Celestine,IN,38.3878,-86.7568
Dubois,IN,38.4728,-86.7832
Ferdinand,IN,38.2336,-86.8607
Holland,IN,38.2456,-87.0361
Huntingburg,IN,38.2979,-86.9533
Ireland,IN,38.4137,-87.0009
Jasper,IN,38.363267,-86.893967
Saint Anthony,IN,38.3211,-86.8234
Schnellville,IN,38.3414,-86.7565
Bristol,IN,41.7169,-85.8262
Elkhart,IN,41.678825,-85.971125
Goshen,IN,41.602433,-85.851767
Middlebury,IN,41.6754,-85.7114
Millersburg,IN,41.5335,-85.7072
Nappanee,IN,41.4493,-85.9945
New Paris,IN,41.4917,-85.8338
Wakarusa,IN,41.5401,-86.0205
Glenwood,IN,39.6124,-85.2735
Bentonville,IN,39.657,-85.168
Connersville,IN,39.6435,-85.1464
Floyds Knobs,IN,38.351,-85.8996
Georgetown,IN,38.3029,-85.9617
Greenville,IN,38.3535,-86.0083
Mount Saint Francis,IN,38.2985,-85.897
New Albany,IN,38.29725,-85.8231
Attica,IN,40.2811,-87.2241
Covington,IN,40.1326,-87.3819
Hillsboro,IN,40.0835,-87.1545
Kingman,IN,40.0174,-87.2569
Mellott,IN,40.1641,-87.1475
Newtown,IN,40.2035,-87.147
Veedersburg,IN,40.1186,-87.2602
Wallace,IN,39.9865,-87.1477
West College Corner,IN,39.5676,-84.8161
Bath,IN,39.4992,-84.836
Brookville,IN,39.4213,-84.9994
Cedar Grove,IN,39.3459,-84.8924
Laurel,IN,39.4916,-85.208
Metamora,IN,39.4288,-85.1504
New Trenton,IN,39.31,-84.9007
Oldenburg,IN,39.3862,-85.2385
Akron,IN,41.0389,-86.0395
Athens,IN,41.0537,-86.1253
Delong,IN,41.1384,-86.4164
Fulton,IN,40.9473,-86.2628
Grass Creek,IN,40.9475,-86.4044
Kewanna,IN,41.0087,-86.4061
Leiters Ford,IN,41.1217,-86.3858
Rochester,IN,41.0655,-86.231
Haubstadt,IN,38.1895,-87.5798
Hazleton,IN,38.4623,-87.4983
Buckskin,IN,38.2284,-87.412
Fort Branch,IN,38.2471,-87.5682
Francisco,IN,38.333,-87.4536
Mackey,IN,38.2523,-87.3917
Oakland City,IN,38.3361,-87.3519
Owensville,IN,38.2744,-87.7091
Patoka,IN,38.4143,-87.5958
Princeton,IN,38.3525,-87.5691
Somerville,IN,38.2764,-87.3778
Fairmount,IN,40.4188,-85.6713
Fowlerton,IN,40.4099,-85.571
Gas City,IN,40.4879,-85.6055
Jonesboro,IN,40.4815,-85.6365
Marion,IN,40.5551,-85.66785
Matthews,IN,40.3887,-85.4994
Swayzee,IN,40.5112,-85.8265
Sweetser,IN,40.5647,-85.7656
Upland,IN,40.4548,-85.499
Van Buren,IN,40.6174,-85.5148
Bloomfield,IN,39.0295,-86.8675
Jasonville,IN,39.1723,-87.2023
Koleen,IN,39.0371,-86.9616
Linton,IN,39.0461,-87.1723
Lyons,IN,38.9717,-87.1016
Midland,IN,39.122,-87.1917
Newberry,IN,38.9229,-87.0081
Owensburg,IN,38.9253,-86.7742
Scotland,IN,38.9128,-86.9039
Solsberry,IN,39.119,-86.7378
Switz City,IN,39.0369,-87.0502
Worthington,IN,39.123,-86.9991
Arcadia,IN,40.1776,-86.0409
Atlanta,IN,40.2103,-86.019
Carmel,IN,40.006033,-86.086567
Cicero,IN,40.1298,-86.0381
Fishers,IN,39.956333,-85.999
Noblesville,IN,40.0635,-86.041367
Sheridan,IN,40.135,-86.2205
Westfield,IN,40.0489,-86.1499
Indianapolis,IN,39.800271,-86.136173
Fortville,IN,39.9323,-85.848
Mccordsville,IN,39.9081,-85.9228
Charlottesville,IN,39.8388,-85.6258
Finly,IN,39.8215,-85.7652
Greenfield,IN,39.7902,-85.8141
Maxwell,IN,39.8568,-85.7684
New Palestine,IN,39.7233,-85.9052
Wilkinson,IN,39.8957,-85.6144
Bradford,IN,38.3678,-86.0619
Central,IN,38.097,-86.1723
Corydon,IN,38.2189,-86.1145
Crandall,IN,38.2876,-86.0664
Depauw,IN,38.3361,-86.2109
Elizabeth,IN,38.1244,-85.9589
Laconia,IN,38.0527,-86.0844
Lanesville,IN,38.2448,-85.9593
Mauckport,IN,38.0437,-86.1846
New Middletown,IN,38.1645,-86.051
New Salisbury,IN,38.3399,-86.0887
Palmyra,IN,38.4105,-86.0888
Ramsey,IN,38.3034,-86.169
Amo,IN,39.6886,-86.6136
Brownsburg,IN,39.8466,-86.3869
Clayton,IN,39.6682,-86.4959
Coatesville,IN,39.6878,-86.6703
Danville,IN,39.7628,-86.5343
Avon,IN,39.7629,-86.3996
Lizton,IN,39.8843,-86.5429
North Salem,IN,39.8671,-86.6388
Pittsboro,IN,39.8615,-86.4645
Plainfield,IN,39.6893,-86.3919
Stilesville,IN,39.6391,-86.6182
Knightstown,IN,39.806,-85.5261
Dunreith,IN,39.8031,-85.4371
Greensboro,IN,39.8789,-85.464
Kennard,IN,39.904,-85.5205
Lewisville,IN,39.8283,-85.3621
Middletown,IN,40.0475,-85.5368
Mooreland,IN,39.9941,-85.2581
Mount Summit,IN,40.0042,-85.3851
New Castle,IN,39.9208,-85.3663
New Lisbon,IN,39.8634,-85.263
Shirley,IN,39.9158,-85.5182
Spiceland,IN,39.8271,-85.445
Springport,IN,40.0527,-85.3833
Straughn,IN,39.8319,-85.2724
Sulphur Springs,IN,40.006,-85.4434
Kokomo,IN,40.472225,-86.129575
Greentown,IN,40.4791,-85.9582
Hemlock,IN,40.4187,-86.0181
Oakford,IN,40.4127,-86.1015
Russiaville,IN,40.4151,-86.2675
West Middleton,IN,40.4421,-86.2155
Andrews,IN,40.8618,-85.6067
Bippus,IN,40.9442,-85.6239
Huntington,IN,40.8811,-85.5054
Markle,IN,40.8331,-85.319
Roanoke,IN,40.96,-85.3526
Warren,IN,40.6886,-85.4183
Brownstown,IN,38.8836,-86.0486
Cortland,IN,38.9745,-85.9628
Crothersville,IN,38.8067,-85.847
Freetown,IN,38.9957,-86.1241
Kurtz,IN,38.9606,-86.2033
Medora,IN,38.8255,-86.1897
Norman,IN,38.9526,-86.275
Seymour,IN,38.9571,-85.8825
Vallonia,IN,38.8174,-86.069
Demotte,IN,41.1713,-87.2491
Tefft,IN,41.1948,-86.9686
Wheatfield,IN,41.1779,-87.0699
Fair Oaks,IN,41.075,-87.2575
Remington,IN,40.7667,-87.1599
Rensselaer,IN,40.9948,-87.1037
Bryant,IN,40.5446,-84.9117
Dunkirk,IN,40.3883,-85.2255
Pennville,IN,40.5082,-85.1492
Portland,IN,40.4306,-84.9928
Redkey,IN,40.3265,-85.162
Salamonia,IN,40.3818,-84.8669
Canaan,IN,38.887,-85.2213
Deputy,IN,38.7759,-85.6304
Dupont,IN,38.8905,-85.5092
Hanover,IN,38.7138,-85.4763
Madison,IN,38.7649,-85.407
Butlerville,IN,39.0491,-85.4789
Commiskey,IN,38.8526,-85.6434
Hayden,IN,38.9831,-85.7405
North Vernon,IN,39.0018,-85.6272
Paris Crossing,IN,38.8558,-85.7487
Scipio,IN,39.0665,-85.7129
Vernon,IN,38.9848,-85.6094
Bargersville,IN,39.5,-86.1797
Edinburgh,IN,39.3626,-85.9707
Franklin,IN,39.4854,-86.0608
Greenwood,IN,39.6092,-86.13995
Needham,IN,39.5605,-85.9656
Nineveh,IN,39.3656,-86.0976
Trafalgar,IN,39.3696,-86.1838
Whiteland,IN,39.5611,-86.0723
Bicknell,IN,38.7727,-87.3137
Bruceville,IN,38.7563,-87.4313
Decker,IN,38.5076,-87.5537
Edwardsport,IN,38.8106,-87.2519
Freelandville,IN,38.8627,-87.3127
Monroe City,IN,38.6001,-87.3641
Oaktown,IN,38.8579,-87.3879
Ragsdale,IN,38.7441,-87.3214
Sandborn,IN,38.8817,-87.2025
Vincennes,IN,38.6734,-87.5098
Westphalia,IN,38.8628,-87.2256
Wheatland,IN,38.6671,-87.3062
Atwood,IN,41.254,-85.9697
Burket,IN,41.1547,-85.9693
Claypool,IN,41.1165,-85.8686
Etna Green,IN,41.2918,-86.035
Leesburg,IN,41.3266,-85.816
Mentone,IN,41.1615,-86.0299
Milford,IN,41.4011,-85.8554
North Webster,IN,41.3326,-85.7103
Pierceton,IN,41.2124,-85.7061
Syracuse,IN,41.4065,-85.7184
Warsaw,IN,41.2558,-85.8566
Winona Lake,IN,41.211,-85.8305
Silver Lake,IN,41.0743,-85.8792
Shipshewana,IN,41.6633,-85.5932
Topeka,IN,41.5634,-85.5317
Howe,IN,41.7286,-85.4727
Lagrange,IN,41.652,-85.404
Mongo,IN,41.6848,-85.2797
South Milford,IN,41.5326,-85.2722
Stroh,IN,41.5835,-85.1992
Wolcottville,IN,41.557,-85.315
Cedar Lake,IN,41.3713,-87.4764
Crown Point,IN,41.4203,-87.36045
Dyer,IN,41.492,-87.5108
East Chicago,IN,41.6349,-87.4627
Griffith,IN,41.5335,-87.4228
Hammond,IN,41.57518,-87.46972
Munster,IN,41.5544,-87.5011
Highland,IN,41.55,-87.4569
Hobart,IN,41.5263,-87.2525
Leroy,IN,41.3594,-87.2708
Lowell,IN,41.2845,-87.4191
Saint John,IN,41.4495,-87.4764
Schererville,IN,41.4922,-87.4605
Schneider,IN,41.19,-87.4779
Shelby,IN,41.1917,-87.3398
Whiting,IN,41.6787,-87.5005
Gary,IN,41.579437,-87.339713
Lake Station,IN,41.5686,-87.2622
Merrillville,IN,41.4786,-87.36185
Hanna,IN,41.4088,-86.7759
Kingsbury,IN,41.526,-86.6997
Kingsford Heights,IN,41.4802,-86.6919
La Crosse,IN,41.3157,-86.8682
La Porte,IN,41.5492,-86.7088
Michigan City,IN,41.70075,-86.8925
Mill Creek,IN,41.6091,-86.544
Rolling Prairie,IN,41.7229,-86.5841
Union Mills,IN,41.4602,-86.8355
Wanatah,IN,41.3845,-86.8764
Westville,IN,41.5365,-86.9013
Avoca,IN,38.9132,-86.5489
Bedford,IN,38.8729,-86.4871
Heltonville,IN,38.948,-86.3703
Huron,IN,38.7222,-86.671
Mitchell,IN,38.7426,-86.4761
Oolitic,IN,38.8938,-86.5246
Springville,IN,38.9507,-86.6139
Tunnelton,IN,38.7687,-86.3428
Williams,IN,38.7735,-86.6285
Alexandria,IN,40.2561,-85.6681
Anderson,IN,40.1122,-85.680962
Elwood,IN,40.2803,-85.8391
Frankton,IN,40.2285,-85.7791
Ingalls,IN,39.9573,-85.7981
Lapel,IN,40.0854,-85.844
Markleville,IN,39.9944,-85.6227
Orestes,IN,40.2715,-85.7281
Pendleton,IN,39.9975,-85.7466
Summitville,IN,40.3398,-85.6403
Beech Grove,IN,39.7154,-86.0933
Camby,IN,39.6405,-86.3118
West Newton,IN,39.6531,-86.2828
Argos,IN,41.2308,-86.2506
Bourbon,IN,41.3098,-86.1174
Bremen,IN,41.4467,-86.1932
Culver,IN,41.22,-86.4269
Donaldson,IN,41.3619,-86.4443
Lapaz,IN,41.4599,-86.3102
Plymouth,IN,41.353,-86.3015
Tippecanoe,IN,41.2166,-86.1095
Tyner,IN,41.4098,-86.4025
Crane,IN,38.8949,-86.9002
Loogootee,IN,38.6629,-86.9137
Shoals,IN,38.6791,-86.7761
Amboy,IN,40.6105,-85.9497
Bunker Hill,IN,40.6423,-86.0961
Converse,IN,40.577,-85.8763
Deedsville,IN,40.9103,-86.1011
Denver,IN,40.867,-86.0752
Macy,IN,40.9618,-86.1264
Mexico,IN,40.8224,-86.1162
Miami,IN,40.6147,-86.1064
Peru,IN,40.7492,-86.068
Grissom Arb,IN,40.6683,-86.1378
Bloomington,IN,39.1726,-86.52125
Clear Creek,IN,39.1732,-86.5015
Ellettsville,IN,39.2545,-86.6196
Harrodsburg,IN,39.013,-86.5457
Smithville,IN,39.0712,-86.5069
Stanford,IN,39.0859,-86.6689
Stinesville,IN,39.2998,-86.6482
Unionville,IN,39.2514,-86.4189
Alamo,IN,39.9836,-87.0554
Crawfordsville,IN,40.0325,-86.9074
Darlington,IN,40.1118,-86.7645
Ladoga,IN,39.9132,-86.8031
Linden,IN,40.1833,-86.8905
New Market,IN,39.9524,-86.9206
New Richmond,IN,40.1812,-86.9789
New Ross,IN,39.9883,-86.7528
Waveland,IN,39.902,-87.0178
Waynetown,IN,40.0858,-87.0512
Wingate,IN,40.1666,-87.0664
Brooklyn,IN,39.5396,-86.3701
Eminence,IN,39.5214,-86.6414
Martinsville,IN,39.4776,-86.4668
Monrovia,IN,39.5714,-86.4894
Mooresville,IN,39.5915,-86.3642
Paragon,IN,39.4042,-86.5779
Lake Village,IN,41.1387,-87.4454
Roselawn,IN,41.1434,-87.322
Sumava Resorts,IN,41.1671,-87.4335
Thayer,IN,41.1711,-87.3313
Brook,IN,40.8655,-87.3527
Goodland,IN,40.7669,-87.2999
Kentland,IN,40.7877,-87.4471
Morocco,IN,40.9645,-87.4187
Mount Ayr,IN,40.9521,-87.2986
Albion,IN,41.3482,-85.4142
Avilla,IN,41.3689,-85.2414
Cromwell,IN,41.3751,-85.6031
Kendallville,IN,41.4482,-85.2609
Kimmell,IN,41.3953,-85.5483
Laotto,IN,41.2991,-85.1901
Ligonier,IN,41.4662,-85.5927
Rome City,IN,41.4849,-85.3743
Wawaka,IN,41.457,-85.4822
Wolflake,IN,41.3361,-85.5002
Rising Sun,IN,38.9567,-84.8807
French Lick,IN,38.5324,-86.6196
Orleans,IN,38.6535,-86.4532
Paoli,IN,38.5507,-86.449
West Baden Springs,IN,38.6208,-86.5899
Coal City,IN,39.2303,-87.0458
Freedom,IN,39.2151,-86.85
Gosport,IN,39.345,-86.6583
Patricksburg,IN,39.3165,-86.9562
Quincy,IN,39.4429,-86.6696
Spencer,IN,39.2891,-86.7789
Bellmore,IN,39.7791,-87.2218
Bloomingdale,IN,39.8348,-87.256
Bridgeton,IN,39.645,-87.1775
Marshall,IN,39.9062,-87.178
Mecca,IN,39.7219,-87.3303
Montezuma,IN,39.7961,-87.3607
Rockville,IN,39.7682,-87.1978
Rosedale,IN,39.6239,-87.3086
Branchville,IN,38.1572,-86.5859
Bristow,IN,38.1981,-86.6821
Cannelton,IN,37.9495,-86.7156
Derby,IN,38.0239,-86.577
Leopold,IN,38.1011,-86.6044
Rome,IN,37.9372,-86.534
Saint Croix,IN,38.1834,-86.6058
Tell City,IN,37.9655,-86.7457
Otwell,IN,38.4662,-87.0985
Petersburg,IN,38.4789,-87.2883
Spurgeon,IN,38.2523,-87.2572
Stendal,IN,38.2835,-87.1205
Velpen,IN,38.368,-87.099
Winslow,IN,38.364,-87.2223
Beverly Shores,IN,41.6925,-86.9775
Boone Grove,IN,41.3542,-87.1304
Chesterton,IN,41.6143,-87.047
Hebron,IN,41.3155,-87.2088
Kouts,IN,41.3091,-87.024
Portage,IN,41.5672,-87.1757
Valparaiso,IN,41.471933,-87.073333
Wheeler,IN,41.5116,-87.1792
Cynthiana,IN,38.193,-87.6992
Griffin,IN,38.2069,-87.9166
Mount Vernon,IN,37.9506,-87.8569
New Harmony,IN,38.1245,-87.9172
Poseyville,IN,38.172,-87.8027
Wadesville,IN,38.0828,-87.7543
Monterey,IN,41.1383,-86.5179
Star City,IN,40.9602,-86.5404
Winamac,IN,41.0562,-86.6307
Francesville,IN,40.9709,-86.8553
Medaryville,IN,41.0897,-86.8808
Bainbridge,IN,39.7612,-86.812
Cloverdale,IN,39.5148,-86.7939
Fillmore,IN,39.6475,-86.7469
Greencastle,IN,39.6495,-86.8686
Putnamville,IN,39.5742,-86.8653
Reelsville,IN,39.5464,-86.95
Roachdale,IN,39.8325,-86.7902
Russellville,IN,39.8366,-86.967
Farmland,IN,40.1945,-85.1254
Losantville,IN,40.0475,-85.2108
Lynn,IN,40.0519,-84.93
Modoc,IN,40.0582,-85.0919
Parker City,IN,40.1938,-85.1963
Ridgeville,IN,40.2804,-85.0371
Saratoga,IN,40.2347,-84.9185
Union City,IN,40.2024,-84.8268
Winchester,IN,40.1696,-85.0044
Batesville,IN,39.3001,-85.2221
Cross Plains,IN,38.949,-85.2122
Friendship,IN,38.9703,-85.1504
Holton,IN,39.0498,-85.3739
Milan,IN,39.1503,-85.1324
Morris,IN,39.2814,-85.1739
Napoleon,IN,39.2048,-85.327
Osgood,IN,39.1573,-85.2938
Pierceville,IN,39.1116,-85.2551
Sunman,IN,39.237,-85.0947
Versailles,IN,39.0511,-85.2235
Arlington,IN,39.6488,-85.5828
Carthage,IN,39.7466,-85.5754
Falmouth,IN,39.729,-85.3331
Homer,IN,39.5781,-85.578
Manilla,IN,39.5742,-85.6194
Mays,IN,39.7437,-85.43
Milroy,IN,39.4955,-85.5044
Rushville,IN,39.6192,-85.4321
Granger,IN,41.7427,-86.1411
Lakeville,IN,41.5253,-86.2714
Mishawaka,IN,41.6654,-86.163033
New Carlisle,IN,41.7051,-86.4838
North Liberty,IN,41.5425,-86.4133
Notre Dame,IN,41.7002,-86.2379
Osceola,IN,41.6695,-86.087
Walkerton,IN,41.4667,-86.4831
Wyatt,IN,41.5259,-86.1694
South Bend,IN,41.663575,-86.263838
Austin,IN,38.7478,-85.7962
Lexington,IN,38.6523,-85.6252
Scottsburg,IN,38.6885,-85.7987
Boggstown,IN,39.5666,-85.9141
Fairland,IN,39.6295,-85.8913
Fountaintown,IN,39.6751,-85.7848
Gwynneville,IN,39.6617,-85.6476
Morristown,IN,39.6675,-85.6934
Shelbyville,IN,39.5043,-85.7875
Waldron,IN,39.4688,-85.6644
Flat Rock,IN,39.3774,-85.7679
Dale,IN,38.1706,-87.007
Evanston,IN,38.0224,-86.8364
Fulda,IN,38.1114,-86.8361
Gentryville,IN,38.0855,-87.0441
Lamar,IN,38.0429,-86.9497
Lincoln City,IN,38.1242,-86.996
Mariah Hill,IN,38.1664,-86.9172
Saint Meinrad,IN,38.1712,-86.8092
Santa Claus,IN,38.1176,-86.9286
Troy,IN,38.0331,-86.7981
Chrisney,IN,38.0148,-87.0364
Grandview,IN,37.9703,-86.9568
Hatfield,IN,37.9036,-87.2499
Richland,IN,37.9136,-87.201
Rockport,IN,37.8858,-87.077
North Judson,IN,41.215,-86.7759
San Pierre,IN,41.2111,-86.8725
Grovertown,IN,41.3496,-86.5243
Hamlet,IN,41.3931,-86.5948
Knox,IN,41.2809,-86.6082
Ora,IN,41.1756,-86.5543
Angola,IN,41.6563,-85.0198
Fremont,IN,41.7331,-84.9452
Hamilton,IN,41.5566,-84.8951
Hudson,IN,41.5328,-85.0811
Orland,IN,41.7309,-85.1465
Pleasant Lake,IN,41.5843,-85.0213
Carlisle,IN,38.9763,-87.3667
Dugger,IN,39.0691,-87.2599
Fairbanks,IN,39.1901,-87.547
Farmersburg,IN,39.2685,-87.5024
Graysville,IN,39.0805,-87.4496
Hymera,IN,39.1833,-87.2994
Merom,IN,39.0564,-87.5675
Paxton,IN,39.0212,-87.3886
Shelburn,IN,39.1784,-87.3936
Sullivan,IN,39.101,-87.4102
Bennington,IN,38.876,-85.0719
East Enterprise,IN,38.8728,-84.988
Florence,IN,38.8224,-84.9399
Patriot,IN,38.8537,-84.8515
Vevay,IN,38.7724,-85.0852
Lafayette,IN,40.376883,-86.8716
West Lafayette,IN,40.4192,-86.9116
Battle Ground,IN,40.5248,-86.8238
Buck Creek,IN,40.4876,-86.7631
Clarks Hill,IN,40.247,-86.725
Dayton,IN,40.3761,-86.774
Montmorenci,IN,40.4732,-87.0276
Romney,IN,40.258,-86.9208
Stockwell,IN,40.2845,-86.7724
Westpoint,IN,40.3581,-87.0575
Goldsmith,IN,40.2898,-86.1494
Hobbs,IN,40.2836,-85.9475
Kempton,IN,40.2884,-86.2297
Sharpsville,IN,40.3732,-86.1086
Tipton,IN,40.2817,-86.0433
Windfall,IN,40.3669,-85.9476
Brownsville,IN,39.6845,-84.9881
Liberty,IN,39.6126,-84.9089
Inglefield,IN,38.1081,-87.5589
Evansville,IN,37.996244,-87.570194
Blanford,IN,39.665,-87.5206
Clinton,IN,39.6591,-87.4208
Dana,IN,39.839,-87.4712
Hillsdale,IN,39.7712,-87.4041
Saint Bernice,IN,39.8778,-87.4436
Universal,IN,39.6221,-87.4548
Cayuga,IN,39.93,-87.459
Newport,IN,39.8842,-87.4086
Perrysville,IN,40.0737,-87.4648
Terre Haute,IN,39.467675,-87.389
Fontanet,IN,39.5737,-87.2454
Lewis,IN,39.2733,-87.2637
New Goshen,IN,39.5803,-87.4616
Pimento,IN,39.2929,-87.3355
Prairie Creek,IN,39.275,-87.4972
Prairieton,IN,39.3712,-87.4759
Riley,IN,39.39,-87.3
Saint Mary Of The Woods,IN,39.5109,-87.4672
Seelyville,IN,39.4928,-87.2665
Shepardsville,IN,39.6006,-87.4196
West Terre Haute,IN,39.4984,-87.4688
La Fontaine,IN,40.6909,-85.6971
Lagro,IN,40.8199,-85.7204
Laketon,IN,40.9743,-85.8375
Liberty Mills,IN,41.0356,-85.7358
North Manchester,IN,40.9986,-85.7842
Roann,IN,40.9482,-85.9301
Servia,IN,40.9567,-85.7405
Somerset,IN,40.6714,-85.8288
Urbana,IN,40.8987,-85.7485
Wabash,IN,40.7909,-85.8321
Pine Village,IN,40.4328,-87.2317
State Line,IN,40.1967,-87.5265
West Lebanon,IN,40.2659,-87.4384
Williamsport,IN,40.3142,-87.4039
Boonville,IN,38.0474,-87.262
Chandler,IN,38.0423,-87.3756
Elberfeld,IN,38.2053,-87.4179
Lynnville,IN,38.1961,-87.2935
Newburgh,IN,38.01305,-87.3195
Tennyson,IN,38.1232,-87.1388
Campbellsburg,IN,38.669,-86.2358
Fredericksburg,IN,38.4331,-86.1897
Hardinsburg,IN,38.4626,-86.318
Pekin,IN,38.4931,-86.017
Salem,IN,38.6071,-86.0787
Boston,IN,39.7412,-84.8519
Cambridge City,IN,39.8182,-85.1685
Centerville,IN,39.8081,-85.0032
Dublin,IN,39.8127,-85.2044
Economy,IN,39.9781,-85.088
Fountain City,IN,39.9634,-84.909
Greens Fork,IN,39.8916,-85.0494
Hagerstown,IN,39.9228,-85.1601
Milton,IN,39.7763,-85.1423
Pershing,IN,39.8613,-85.1474
Richmond,IN,39.83065,-84.8919
Webster,IN,39.9119,-84.9351
Williamsburg,IN,39.958,-84.9984
Bluffton,IN,40.7368,-85.1622
Craigville,IN,40.793,-85.0904
Keystone,IN,40.5897,-85.2767
Liberty Center,IN,40.7002,-85.2774
Ossian,IN,40.8806,-85.157
Petroleum,IN,40.6114,-85.1526
Poneto,IN,40.6419,-85.2562
Uniondale,IN,40.8369,-85.2403
Brookston,IN,40.6011,-86.8753
Buffalo,IN,40.8825,-86.7453
Burnettsville,IN,40.7612,-86.5936
Chalmers,IN,40.6693,-86.8626
Idaville,IN,40.7674,-86.6556
Monon,IN,40.8612,-86.8635
Monticello,IN,40.7626,-86.755
Reynolds,IN,40.7606,-86.8691
Wolcott,IN,40.7516,-87.029
Churubusco,IN,41.229,-85.3244
Columbia City,IN,41.1619,-85.4737
Larwill,IN,41.1646,-85.6139
South Whitley,IN,41.0726,-85.6143
Elsmore,KS,37.8035,-95.1546
Gas,KS,37.9232,-95.3467
Humboldt,KS,37.8045,-95.422
Iola,KS,37.9245,-95.4
La Harpe,KS,37.917,-95.2991
Moran,KS,37.9342,-95.1647
Savonburg,KS,37.7517,-95.1545
Colony,KS,38.0761,-95.3287
Garnett,KS,38.2859,-95.2594
Greeley,KS,38.3524,-95.1188
Kincaid,KS,38.1104,-95.1886
Welda,KS,38.1686,-95.3096
Westphalia,KS,38.1718,-95.4665
Atchison,KS,39.5594,-95.1304
Cummings,KS,39.483,-95.2863
Effingham,KS,39.5222,-95.4008
Lancaster,KS,39.5952,-95.3036
Muscotah,KS,39.5388,-95.5175
Hardtner,KS,37.03,-98.6547
Hazelton,KS,37.0984,-98.4003
Isabel,KS,37.4485,-98.5351
Kiowa,KS,37.0172,-98.4859
Lake City,KS,37.3569,-98.8098
Medicine Lodge,KS,37.2845,-98.5848
Sharon,KS,37.2492,-98.4142
Sun City,KS,37.3786,-98.9159
Albert,KS,38.4528,-99.0115
Claflin,KS,38.5409,-98.5372
Ellinwood,KS,38.3565,-98.5849
Great Bend,KS,38.3936,-98.7751
Hoisington,KS,38.4789,-98.7565
Olmitz,KS,38.5167,-98.9365
Pawnee Rock,KS,38.2782,-98.9814
Fort Scott,KS,37.8216,-94.7148
Bronson,KS,37.9214,-95.0303
Fulton,KS,38.0134,-94.7183
Garland,KS,37.7175,-94.6613
Mapleton,KS,38.0228,-94.8735
Redfield,KS,37.8367,-94.8805
Uniontown,KS,37.8473,-94.9752
Everest,KS,39.688,-95.4138
Fairview,KS,39.8445,-95.711
Hiawatha,KS,39.7914,-95.6004
Horton,KS,39.6789,-95.5299
Morrill,KS,39.9356,-95.712
Powhattan,KS,39.7177,-95.6751
Robinson,KS,39.8182,-95.4567
Cassoday,KS,38.0298,-96.6746
Andover,KS,37.6985,-97.1179
Augusta,KS,37.6836,-96.9648
Beaumont,KS,37.658,-96.5329
Benton,KS,37.7946,-97.0971
Douglass,KS,37.5195,-96.9948
Elbing,KS,38.0545,-97.1284
El Dorado,KS,37.8226,-96.8543
Latham,KS,37.531,-96.6791
Leon,KS,37.6813,-96.7526
Potwin,KS,37.9389,-97.0198
Rosalia,KS,37.796,-96.6482
Rose Hill,KS,37.5784,-97.1173
Towanda,KS,37.8005,-96.9918
Whitewater,KS,37.9612,-97.1308
Cedar Point,KS,38.26,-96.8228
Cottonwood Falls,KS,38.3565,-96.5418
Elmdale,KS,38.3779,-96.6675
Matfield Green,KS,38.1448,-96.5541
Strong City,KS,38.4129,-96.5172
Cedar Vale,KS,37.1265,-96.4701
Chautauqua,KS,37.0262,-96.1783
Niotaze,KS,37.037,-96.0121
Peru,KS,37.0568,-96.1404
Sedan,KS,37.1297,-96.1732
Baxter Springs,KS,37.0281,-94.7393
Columbus,KS,37.1699,-94.8899
Crestline,KS,37.1694,-94.7041
Galena,KS,37.0632,-94.6557
Riverton,KS,37.081,-94.7175
Scammon,KS,37.2809,-94.8092
Treece,KS,37.0005,-94.8409
Weir,KS,37.2912,-94.7286
West Mineral,KS,37.2851,-94.9261
Bird City,KS,39.7579,-101.5319
Saint Francis,KS,39.6804,-101.9093
Ashland,KS,37.1823,-99.759
Englewood,KS,37.0384,-99.9835
Minneola,KS,37.4425,-100.0088
Clay Center,KS,39.3844,-97.1278
Green,KS,39.4803,-97.0149
Longford,KS,39.1834,-97.2499
Morganville,KS,39.4607,-97.2467
Wakefield,KS,39.2249,-97.0229
Concordia,KS,39.5516,-97.6568
Clyde,KS,39.5758,-97.408
Jamestown,KS,39.6021,-97.8631
Aurora,KS,39.4472,-97.5304
Glasco,KS,39.3621,-97.8418
Miltonvale,KS,39.3481,-97.4579
Burlington,KS,38.2363,-95.7336
Gridley,KS,38.1012,-95.8874
Lebo,KS,38.4161,-95.8222
Le Roy,KS,38.0874,-95.6227
Waverly,KS,38.3782,-95.5982
Coldwater,KS,37.2479,-99.3115
Protection,KS,37.1968,-99.4816
Wilmore,KS,37.3318,-99.1846
Arkansas City,KS,37.0676,-97.0357
Atlanta,KS,37.4343,-96.7661
Burden,KS,37.3209,-96.757
Cambridge,KS,37.3161,-96.6645
Dexter,KS,37.1641,-96.6917
Maple City,KS,37.2377,-96.8389
Rock,KS,37.4413,-97.0059
Udall,KS,37.3939,-97.1108
Winfield,KS,37.2416,-96.98
Arcadia,KS,37.6341,-94.6548
Arma,KS,37.5573,-94.6949
Cherokee,KS,37.3694,-94.8424
Farlington,KS,37.6163,-94.8479
Franklin,KS,37.5219,-94.7096
Girard,KS,37.5091,-94.8569
Hepler,KS,37.6576,-94.9892
Mc Cune,KS,37.3468,-95.0376
Mulberry,KS,37.5442,-94.6839
Opolis,KS,37.342,-94.6199
Pittsburg,KS,37.3951,-94.7105
Frontenac,KS,37.4466,-94.6916
Walnut,KS,37.5967,-95.0455
Dresden,KS,39.6094,-100.4112
Jennings,KS,39.6762,-100.2834
Norcatur,KS,39.8447,-100.2007
Oberlin,KS,39.8275,-100.5314
Abilene,KS,38.9371,-97.2063
Chapman,KS,38.9722,-97.017
Enterprise,KS,38.9063,-97.1122
Herington,KS,38.6767,-96.8941
Hope,KS,38.6776,-97.1061
Solomon,KS,38.9194,-97.3518
Talmage,KS,39.0269,-97.2597
Woodbine,KS,38.8131,-96.9619
Bendena,KS,39.7174,-95.1765
Denton,KS,39.7154,-95.2744
Elwood,KS,39.7573,-94.8824
Highland,KS,39.8608,-95.2583
Troy,KS,39.7906,-95.1434
Wathena,KS,39.7625,-94.9255
White Cloud,KS,39.9627,-95.2982
Baldwin City,KS,38.7953,-95.2276
Eudora,KS,38.933,-95.1022
Lawrence,KS,38.96718,-95.25106
Lecompton,KS,39.0154,-95.4392
Belpre,KS,37.9347,-99.0936
Kinsley,KS,37.9247,-99.4116
Lewis,KS,37.9062,-99.248
Offerle,KS,37.8828,-99.5498
Elk Falls,KS,37.3745,-96.1959
Grenola,KS,37.3668,-96.4396
Howard,KS,37.4809,-96.2563
Longton,KS,37.3905,-96.0814
Moline,KS,37.3649,-96.3069
Hays,KS,38.8782,-99.3348
Catharine,KS,38.9276,-99.2161
Ellis,KS,38.9471,-99.5285
Pfeifer,KS,38.7153,-99.1718
Schoenchen,KS,38.7128,-99.3322
Victoria,KS,38.8589,-99.1391
Walker,KS,38.8672,-99.0759
Ellsworth,KS,38.7312,-98.2057
Holyrood,KS,38.59,-98.4159
Kanopolis,KS,38.7091,-98.1575
Lorraine,KS,38.5652,-98.29
Wilson,KS,38.8134,-98.4432
Garden City,KS,37.9769,-100.8621
Holcomb,KS,37.9931,-100.9893
Pierceville,KS,37.906,-100.7523
Dodge City,KS,37.7569,-100.0241
Bucklin,KS,37.553,-99.6325
Ford,KS,37.6323,-99.7642
Fort Dodge,KS,37.7303,-99.937
Spearville,KS,37.8235,-99.737
Wright,KS,37.7806,-99.8921
Lane,KS,38.4347,-95.0804
Ottawa,KS,38.6142,-95.2745
Pomona,KS,38.6153,-95.4489
Princeton,KS,38.4847,-95.2764
Rantoul,KS,38.5666,-95.1234
Richmond,KS,38.4074,-95.2489
Wellsville,KS,38.7137,-95.0916
Williamsburg,KS,38.4902,-95.4226
Junction City,KS,39.0299,-96.8396
Fort Riley,KS,39.0619,-96.7873
Milford,KS,39.1692,-96.91
Gove,KS,38.887,-100.4867
Grainfield,KS,39.103,-100.468
Grinnell,KS,39.0851,-100.6621
Park,KS,39.0788,-100.3469
Quinter,KS,39.0363,-100.2337
Bogue,KS,39.3782,-99.6788
Hill City,KS,39.3566,-99.8429
Morland,KS,39.3229,-100.0733
Penokee,KS,39.3482,-99.9719
Ulysses,KS,37.5792,-101.3488
Cimarron,KS,37.8127,-100.3438
Copeland,KS,37.568,-100.6148
Ensign,KS,37.6414,-100.2496
Ingalls,KS,37.8293,-100.5143
Montezuma,KS,37.6016,-100.4461
Tribune,KS,38.4962,-101.7656
Hamilton,KS,37.9791,-96.1691
Lamont,KS,38.1125,-96.0267
Madison,KS,38.1278,-96.1213
Neal,KS,37.8329,-96.0818
Virgil,KS,37.8976,-96.0329
Eureka,KS,37.8265,-96.2959
Fall River,KS,37.621,-96.0435
Piedmont,KS,37.6372,-96.3695
Severy,KS,37.617,-96.2252
Coolidge,KS,38.0215,-102.007
Kendall,KS,37.9347,-101.546
Syracuse,KS,37.9826,-101.7687
Anthony,KS,37.1512,-98.0285
Attica,KS,37.2528,-98.2264
Bluff City,KS,37.0838,-97.8754
Danville,KS,37.2674,-97.8689
Freeport,KS,37.1903,-97.8634
Harper,KS,37.2909,-98.018
Waldron,KS,37.0022,-98.1826
Burrton,KS,38.0261,-97.6666
Halstead,KS,38.0064,-97.5118
Hesston,KS,38.136,-97.4495
Newton,KS,38.0451,-97.3435
North Newton,KS,38.0743,-97.3473
Sedgwick,KS,37.9167,-97.4225
Walton,KS,38.1239,-97.2361
Satanta,KS,37.4409,-100.9691
Sublette,KS,37.5221,-100.8208
Hanston,KS,38.109,-99.6928
Jetmore,KS,38.0738,-99.9327
Circleville,KS,39.5155,-95.8517
Delia,KS,39.2655,-95.9608
Denison,KS,39.354,-95.6127
Holton,KS,39.4436,-95.7525
Hoyt,KS,39.2552,-95.6867
Mayetta,KS,39.3489,-95.6928
Netawaka,KS,39.6063,-95.727
Soldier,KS,39.5013,-95.9652
Whiting,KS,39.5974,-95.6158
Mc Louth,KS,39.1668,-95.2183
Nortonville,KS,39.4095,-95.3236
Oskaloosa,KS,39.2152,-95.3135
Ozawkie,KS,39.2136,-95.4404
Perry,KS,39.0875,-95.3731
Valley Falls,KS,39.3484,-95.467
Winchester,KS,39.3245,-95.2696
Grantville,KS,39.0972,-95.5397
Meriden,KS,39.2038,-95.5476
Burr Oak,KS,39.8932,-98.3499
Esbon,KS,39.7562,-98.4462
Formoso,KS,39.7795,-97.9889
Jewell,KS,39.6719,-98.1472
Mankato,KS,39.7833,-98.2152
Randall,KS,39.6286,-98.0661
Webber,KS,39.935,-98.035
De Soto,KS,38.9462,-94.9714
Edgerton,KS,38.7811,-95.0094
Gardner,KS,38.8075,-94.9157
New Century,KS,38.8249,-94.8992
Olathe,KS,38.8899,-94.8149
Spring Hill,KS,38.7631,-94.8246
Stilwell,KS,38.7902,-94.6643
Mission,KS,39.0278,-94.6558
Shawnee,KS,39.0417,-94.7202
Overland Park,KS,38.913977,-94.728946
Leawood,KS,38.9667,-94.6169
Prairie Village,KS,38.9917,-94.6336
Lenexa,KS,38.9536,-94.7336
Shawnee Mission,KS,38.8999,-94.832
Deerfield,KS,38.0068,-101.1431
Lakin,KS,37.9382,-101.2713
Cunningham,KS,37.6309,-98.3564
Kingman,KS,37.5964,-98.1304
Murdock,KS,37.6099,-97.9503
Nashville,KS,37.4344,-98.4171
Norwich,KS,37.4501,-97.8662
Spivey,KS,37.441,-98.1751
Zenda,KS,37.4373,-98.2874
Greensburg,KS,37.6084,-99.3011
Haviland,KS,37.6096,-99.134
Mullinville,KS,37.5716,-99.4639
Altamont,KS,37.1873,-95.2983
Bartlett,KS,37.0601,-95.2115
Chetopa,KS,37.0418,-95.0796
Dennis,KS,37.3243,-95.4116
Edna,KS,37.0561,-95.3442
Mound Valley,KS,37.2091,-95.4247
Oswego,KS,37.1823,-95.1335
Parsons,KS,37.3389,-95.2693
Dighton,KS,38.4742,-100.4647
Healy,KS,38.5664,-100.6159
Basehor,KS,39.1281,-94.957
Easton,KS,39.3391,-95.0999
Fort Leavenworth,KS,39.3485,-94.9265
Lansing,KS,39.2502,-94.8994
Leavenworth,KS,39.3015,-94.9339
Linwood,KS,39.0014,-95.0391
Tonganoxie,KS,39.1026,-95.1051
Barnard,KS,39.1816,-98.0711
Beverly,KS,38.9844,-97.9818
Lincoln,KS,39.1027,-98.2149
Sylvan Grove,KS,39.0324,-98.373
Blue Mound,KS,38.0908,-95.0053
Centerville,KS,38.213,-94.9934
Lacygne,KS,39.0478,-95.1538
Mound City,KS,38.156,-94.8186
Parker,KS,38.3303,-94.9871
Pleasanton,KS,38.1823,-94.7057
Prescott,KS,38.0718,-94.7008
Monument,KS,39.079,-101.035
Oakley,KS,39.1121,-100.858
Winona,KS,39.061,-101.2216
Emporia,KS,38.4184,-96.1871
Admire,KS,38.6393,-96.1017
Allen,KS,38.652,-96.1735
Americus,KS,38.5098,-96.2608
Hartford,KS,38.2833,-95.9997
Neosho Rapids,KS,38.3948,-96.0168
Olpe,KS,38.2578,-96.1891
Reading,KS,38.529,-95.9895
Moundridge,KS,38.206,-97.5088
Canton,KS,38.3858,-97.4291
Galva,KS,38.3824,-97.5359
Lindsborg,KS,38.5761,-97.6739
Mcpherson,KS,38.3763,-97.6702
Marquette,KS,38.556,-97.8381
Roxbury,KS,38.5508,-97.4303
Windom,KS,38.3845,-97.8965
Inman,KS,38.2232,-97.7951
Burns,KS,38.1222,-96.8634
Florence,KS,38.2415,-96.9346
Lincolnville,KS,38.4933,-96.9626
Lost Springs,KS,38.5657,-96.9799
Marion,KS,38.3554,-97.0204
Peabody,KS,38.1737,-97.1184
Goessel,KS,38.2468,-97.3463
Hillsboro,KS,38.3449,-97.2122
Lehigh,KS,38.3771,-97.3043
Durham,KS,38.5038,-97.2555
Ramona,KS,38.5777,-97.0759
Tampa,KS,38.5534,-97.1774
Axtell,KS,39.8707,-96.2676
Beattie,KS,39.8988,-96.4286
Blue Rapids,KS,39.675,-96.6359
Bremen,KS,39.8775,-96.7458
Frankfort,KS,39.7333,-96.5223
Home,KS,39.8488,-96.5063
Marysville,KS,39.8428,-96.6422
Oketo,KS,39.9598,-96.6235
Summerfield,KS,39.9798,-96.3279
Vermillion,KS,39.6946,-96.278
Waterville,KS,39.6971,-96.7498
Fowler,KS,37.3542,-100.1981
Meade,KS,37.2821,-100.3364
Plains,KS,37.2701,-100.5732
Bucyrus,KS,38.7283,-94.6887
Fontana,KS,38.4102,-94.8718
Hillsdale,KS,38.6581,-94.8521
Louisburg,KS,38.6073,-94.6829
Osawatomie,KS,38.4888,-94.962
Paola,KS,38.572,-94.8937
Beloit,KS,39.4416,-98.1192
Cawker City,KS,39.5115,-98.4335
Glen Elder,KS,39.4958,-98.3155
Hunter,KS,39.243,-98.4017
Simpson,KS,39.3851,-97.9328
Tipton,KS,39.3436,-98.4644
Independence,KS,37.2292,-95.7165
Caney,KS,37.0224,-95.9091
Cherryvale,KS,37.2668,-95.559
Coffeyville,KS,37.0441,-95.6328
Dearing,KS,37.0596,-95.7131
Elk City,KS,37.3146,-95.9135
Havana,KS,37.0917,-95.9414
Liberty,KS,37.1576,-95.6017
Sycamore,KS,37.3281,-95.717
Tyro,KS,37.037,-95.8237
Burdick,KS,38.5674,-96.8396
Council Grove,KS,38.6959,-96.5469
Dwight,KS,38.8389,-96.5802
White City,KS,38.789,-96.7637
Wilsey,KS,38.6361,-96.6753
Elkhart,KS,37.0154,-101.9012
Richfield,KS,37.2834,-101.7004
Rolla,KS,37.1089,-101.6447
Baileyville,KS,39.8816,-96.1801
Bern,KS,39.9571,-95.961
Centralia,KS,39.7381,-96.1486
Corning,KS,39.6572,-96.0294
Goff,KS,39.6654,-95.9574
Oneida,KS,39.8639,-95.9392
Sabetha,KS,39.8993,-95.8113
Seneca,KS,39.8473,-96.0316
Wetmore,KS,39.6428,-95.8231
Chanute,KS,37.6749,-95.457
Erie,KS,37.6044,-95.2514
Galesburg,KS,37.4724,-95.3707
Saint Paul,KS,37.518,-95.1688
Stark,KS,37.6811,-95.1388
Thayer,KS,37.4527,-95.4671
Arnold,KS,38.6403,-100.0462
Bazine,KS,38.4565,-99.7016
Beeler,KS,38.4445,-100.1949
Brownell,KS,38.6239,-99.7328
Ness City,KS,38.4388,-99.9029
Ransom,KS,38.64,-99.9267
Utica,KS,38.6411,-100.138
Almena,KS,39.8891,-99.7042
Clayton,KS,39.7375,-100.1776
Lenora,KS,39.6105,-100.0028
Norton,KS,39.8407,-99.8878
Burlingame,KS,38.7634,-95.84
Carbondale,KS,38.8206,-95.6871
Lyndon,KS,38.6356,-95.6802
Melvern,KS,38.5027,-95.629
Osage City,KS,38.6269,-95.8303
Overbrook,KS,38.7922,-95.5616
Quenemo,KS,38.5785,-95.5362
Scranton,KS,38.788,-95.748
Vassar,KS,38.6419,-95.6012
Downs,KS,39.5028,-98.5441
Osborne,KS,39.4194,-98.6961
Portis,KS,39.5455,-98.6904
Alton,KS,39.4514,-98.9539
Natoma,KS,39.2013,-98.9829
Bennington,KS,39.0224,-97.6031
Delphos,KS,39.2731,-97.7717
Minneapolis,KS,39.1295,-97.6688
Tescott,KS,38.9916,-97.8319
Burdett,KS,38.2104,-99.5275
Garfield,KS,38.0649,-99.2374
Larned,KS,38.1946,-99.101
Rozel,KS,38.2148,-99.4048
Agra,KS,39.8037,-99.1255
Glade,KS,39.6704,-99.2996
Kirwin,KS,39.6717,-99.1204
Logan,KS,39.6611,-99.5687
Long Island,KS,39.9517,-99.5391
Phillipsburg,KS,39.7623,-99.3328
Prairie View,KS,39.837,-99.5683
Belvue,KS,39.2273,-96.1866
Emmett,KS,39.3048,-96.0593
Fostoria,KS,39.4398,-96.5068
Havensville,KS,39.4942,-96.0769
Olsburg,KS,39.4125,-96.6002
Onaga,KS,39.4889,-96.17
Saint George,KS,39.2108,-96.4345
Saint Marys,KS,39.1987,-96.0683
Wamego,KS,39.21,-96.3153
Westmoreland,KS,39.4138,-96.4374
Byers,KS,37.7847,-98.9017
Coats,KS,37.5125,-98.8504
Iuka,KS,37.7397,-98.7361
Pratt,KS,37.6502,-98.73
Sawyer,KS,37.5101,-98.6642
Atwood,KS,39.7926,-101.0318
Herndon,KS,39.9036,-100.8139
Ludell,KS,39.863,-100.9604
Mc Donald,KS,39.7923,-101.3227
Hutchinson,KS,38.041267,-97.970233
South Hutchinson,KS,38.0282,-97.9431
Abbyville,KS,37.9626,-98.2071
Arlington,KS,37.8598,-98.159
Buhler,KS,38.1309,-97.7691
Haven,KS,37.8989,-97.7828
Nickerson,KS,38.1412,-98.0674
Partridge,KS,37.9671,-98.0798
Plevna,KS,37.9658,-98.2988
Pretty Prairie,KS,37.7783,-97.9886
Sylvia,KS,37.9557,-98.4068
Turon,KS,37.8224,-98.3591
Yoder,KS,37.9412,-97.8711
Agenda,KS,39.7044,-97.4465
Belleville,KS,39.8241,-97.629
Courtland,KS,39.7851,-97.89
Cuba,KS,39.7975,-97.4496
Munden,KS,39.9272,-97.5403
Narka,KS,39.9582,-97.4243
Norway,KS,39.8279,-97.6509
Republic,KS,39.9376,-97.8435
Scandia,KS,39.7939,-97.7786
Bushton,KS,38.5018,-98.4016
Geneseo,KS,38.5037,-98.1858
Little River,KS,38.4079,-98.0113
Alden,KS,38.2343,-98.3112
Chase,KS,38.3635,-98.3556
Lyons,KS,38.3349,-98.1831
Raymond,KS,38.2877,-98.4119
Sterling,KS,38.2126,-98.2055
Leonardville,KS,39.3644,-96.8589
Manhattan,KS,39.235125,-96.61965
Ogden,KS,39.1153,-96.7101
Riley,KS,39.3005,-96.8222
Randolph,KS,39.4879,-96.7828
Damar,KS,39.3242,-99.5811
Palco,KS,39.2531,-99.5593
Plainville,KS,39.2308,-99.3008
Stockton,KS,39.4376,-99.2871
Woodston,KS,39.4431,-99.1037
Alexander,KS,38.457,-99.5378
Bison,KS,38.5193,-99.1986
La Crosse,KS,38.5311,-99.3097
Liebenthal,KS,38.6557,-99.3203
Mc Cracken,KS,38.5957,-99.554
Nekoma,KS,38.4372,-99.4234
Otis,KS,38.5353,-99.0534
Rush Center,KS,38.4533,-99.3079
Bunker Hill,KS,38.8758,-98.704
Dorrance,KS,38.8348,-98.5695
Gorham,KS,38.8722,-99.0112
Lucas,KS,39.0581,-98.5352
Luray,KS,39.1039,-98.6851
Paradise,KS,39.0756,-98.9207
Russell,KS,38.8806,-98.8595
Waldo,KS,39.0877,-98.7785
Salina,KS,38.832,-97.62675
Assaria,KS,38.6676,-97.6203
Brookville,KS,38.7858,-97.863
Falun,KS,38.6648,-97.7554
Gypsum,KS,38.7047,-97.4338
New Cambria,KS,38.896,-97.523
Scott City,KS,38.4823,-100.9064
Andale,KS,37.7797,-97.6366
Bentley,KS,37.8866,-97.5166
Cheney,KS,37.6353,-97.7686
Clearwater,KS,37.5076,-97.5082
Colwich,KS,37.7782,-97.5405
Derby,KS,37.553,-97.2549
Garden Plain,KS,37.6767,-97.66
Goddard,KS,37.6597,-97.5753
Greenwich,KS,37.7833,-97.2054
Haysville,KS,37.5647,-97.3553
Kechi,KS,37.7934,-97.2737
Maize,KS,37.7747,-97.4689
Mount Hope,KS,37.8684,-97.6591
Peck,KS,37.5054,-97.3408
Valley Center,KS,37.8616,-97.2621
Viola,KS,37.5696,-97.6306
Wichita,KS,37.694591,-97.341863
Mcconnell Afb,KS,37.6066,-97.2979
Kismet,KS,37.2042,-100.7014
Liberal,KS,37.0327,-100.9333
Auburn,KS,38.9167,-95.8199
Berryton,KS,38.9442,-95.5825
Dover,KS,38.9645,-95.9172
Rossville,KS,39.1451,-95.9553
Silver Lake,KS,39.1102,-95.8552
Tecumseh,KS,39.0217,-95.5379
Wakarusa,KS,38.9045,-95.7015
Topeka,KS,39.043332,-95.705287
Hoxie,KS,39.3322,-100.4758
Selden,KS,39.5216,-100.5257
Edson,KS,39.3579,-101.521
Goodland,KS,39.3491,-101.7164
Kanorado,KS,39.3438,-102.0015
Athol,KS,39.7719,-98.9077
Kensington,KS,39.7692,-99.0308
Lebanon,KS,39.8077,-98.556
Smith Center,KS,39.8042,-98.7842
Cedar,KS,39.6602,-98.9369
Gaylord,KS,39.6439,-98.8476
Hudson,KS,38.1485,-98.6408
Macksville,KS,37.9433,-98.9481
St John,KS,38.0022,-98.7601
Stafford,KS,37.9554,-98.5929
Johnson,KS,37.5694,-101.7194
Manter,KS,37.5451,-101.9109
Hugoton,KS,37.1682,-101.3346
Moscow,KS,37.3172,-101.2427
Argonia,KS,37.284,-97.7557
Belle Plaine,KS,37.4052,-97.2852
Caldwell,KS,37.0452,-97.6247
Conway Springs,KS,37.3903,-97.6284
Geuda Springs,KS,37.0809,-97.1795
Mayfield,KS,37.2518,-97.5416
Milan,KS,37.2578,-97.6521
Milton,KS,37.4401,-97.7592
Mulvane,KS,37.4764,-97.232
Oxford,KS,37.2653,-97.1761
South Haven,KS,37.05,-97.4042
Wellington,KS,37.2778,-97.391
Colby,KS,39.383,-101.0442
Brewster,KS,39.3655,-101.373
Gem,KS,39.4296,-100.8948
Levant,KS,39.3841,-101.2096
Rexford,KS,39.4267,-100.7461
Collyer,KS,39.0038,-100.0862
Ogallah,KS,38.9914,-99.7323
Wakeeney,KS,39.025,-99.8796
Alma,KS,39.0092,-96.2923
Eskridge,KS,38.8514,-96.1016
Harveyville,KS,38.79,-95.9617
Mc Farland,KS,39.0535,-96.2379
Maple Hill,KS,39.0447,-96.0397
Paxico,KS,39.0803,-96.1818
Alta Vista,KS,38.8636,-96.48
Sharon Springs,KS,38.8857,-101.7431
Wallace,KS,38.8747,-101.5735
Weskan,KS,38.8649,-101.9512
Barnes,KS,39.6841,-96.8676
Clifton,KS,39.6201,-97.2611
Greenleaf,KS,39.7061,-96.9775
Haddam,KS,39.852,-97.3081
Hanover,KS,39.8927,-96.8689
Hollenberg,KS,39.96,-96.9735
Linn,KS,39.6847,-97.0854
Mahaska,KS,39.9845,-97.3453
Morrowville,KS,39.8616,-97.1825
Palmer,KS,39.6192,-97.1122
Washington,KS,39.8223,-97.0484
Leoti,KS,38.4987,-101.3589
Marienthal,KS,38.4875,-101.2129
Altoona,KS,37.5197,-95.6483
Benedict,KS,37.6118,-95.7038
Buffalo,KS,37.7011,-95.7014
Fredonia,KS,37.5717,-95.7484
Neodesha,KS,37.4257,-95.6765
New Albany,KS,37.569,-95.9379
Neosho Falls,KS,37.9669,-95.5497
Piqua,KS,37.9228,-95.5353
Toronto,KS,37.7953,-95.9368
Yates Center,KS,37.8801,-95.7289
Bonner Springs,KS,39.0672,-94.9227
Kansas City,KS,39.104587,-94.69292
Edwardsville,KS,39.0735,-94.7233
Breeding,KY,36.9553,-85.4036
Cane Valley,KY,37.1803,-85.3197
Columbia,KY,37.1161,-85.2656
Glens Fork,KY,37.007,-85.2487
Gradyville,KY,37.0912,-85.465
Knifley,KY,37.2313,-85.172
Adolphus,KY,36.6775,-86.2636
Holland,KY,36.6673,-86.0498
Scottsville,KY,36.7614,-86.1929
Lawrenceburg,KY,38.0189,-84.9299
Bandana,KY,37.1459,-88.9455
Barlow,KY,37.0493,-89.0408
La Center,KY,37.083,-88.973
Lovelaceville,KY,36.9687,-88.8309
Wickliffe,KY,36.968,-89.0177
Austin,KY,36.8124,-85.985
Cave City,KY,37.117,-85.9443
Eighty Eight,KY,36.913,-85.7753
Etoile,KY,36.8134,-85.9173
Glasgow,KY,36.99205,-85.917
Hiseville,KY,37.0988,-85.8165
Lucas,KY,36.8516,-86.0523
Park City,KY,37.0939,-86.0464
Olympia,KY,38.0849,-83.7008
Owingsville,KY,38.1532,-83.7564
Preston,KY,38.0867,-83.7571
Salt Lick,KY,38.104,-83.6316
Sharpsburg,KY,38.2147,-83.8932
Calvin,KY,36.7223,-83.6221
Hulen,KY,36.7714,-83.5551
Miracle,KY,36.7606,-83.5841
Arjay,KY,36.8283,-83.6415
Beverly,KY,36.9442,-83.556
Frakes,KY,36.607,-83.9484
Ingram,KY,36.7692,-83.7082
Kettle Island,KY,36.8093,-83.5892
Middlesboro,KY,36.6172,-83.7231
Pineville,KY,36.7159,-83.7668
Stoney Fork,KY,36.8323,-83.5346
Burlington,KY,39.015,-84.7736
Hebron,KY,39.05225,-84.6601
Florence,KY,38.97825,-84.6949
Petersburg,KY,39.0416,-84.8371
Union,KY,38.9435,-84.7274
Verona,KY,38.839,-84.6907
Walton,KY,38.8875,-84.6328
Millersburg,KY,38.2963,-84.1513
North Middletown,KY,38.1464,-84.1077
Paris,KY,38.20905,-84.249
Ashland,KY,38.40865,-82.68825
Catlettsburg,KY,38.3799,-82.6321
Rush,KY,38.3089,-82.7476
Danville,KY,37.64605,-84.77345
Junction City,KY,37.5822,-84.8028
Mitchellsburg,KY,37.6033,-84.9492
Parksville,KY,37.5778,-84.9281
Perryville,KY,37.6375,-84.9665
Augusta,KY,38.763,-83.9954
Brooksville,KY,38.6644,-84.0786
Foster,KY,38.7506,-84.1566
Germantown,KY,38.6357,-83.99
Milford,KY,38.5817,-84.1566
Bays,KY,37.6405,-83.2441
Clayhole,KY,37.4476,-83.1892
Jackson,KY,37.4868,-83.2913
Lost Creek,KY,37.4418,-83.2976
Rousseau,KY,37.5946,-83.2187
Vancleve,KY,37.6477,-83.3806
Whick,KY,37.4102,-83.3747
Cloverport,KY,37.7731,-86.6282
Custer,KY,37.7358,-86.2378
Garfield,KY,37.7828,-86.3575
Hardinsburg,KY,37.7512,-86.4537
Harned,KY,37.8023,-86.4148
Hudson,KY,37.6506,-86.3012
Irvington,KY,37.8762,-86.2965
Mc Daniels,KY,37.6194,-86.4491
Mc Quady,KY,37.8023,-86.4148
Stephensport,KY,37.9048,-86.524
Union Star,KY,37.9616,-86.4615
Webster,KY,37.9237,-86.3441
Westview,KY,37.6792,-86.4273
Mount Washington,KY,38.0452,-85.5586
Brooks,KY,38.0546,-85.7713
Clermont,KY,37.9346,-85.6555
Hillview,KY,38.0764,-85.6774
Lebanon Junction,KY,37.8511,-85.7246
Shepherdsville,KY,37.9965,-85.70235
Aberdeen,KY,37.2539,-86.6817
Dunbar,KY,37.1709,-86.7678
Jetson,KY,37.2483,-86.5093
Morgantown,KY,37.2002,-86.6859
Rochester,KY,37.2048,-86.8592
Woodbury,KY,37.1834,-86.6339
Fredonia,KY,37.213,-88.0112
Princeton,KY,37.1151,-87.8632
Almo,KY,36.6923,-88.2929
Dexter,KY,36.7155,-88.236
Hazel,KY,36.5422,-88.3319
Kirksey,KY,36.6731,-88.4238
Murray,KY,36.6099,-88.3032
New Concord,KY,36.55,-88.0955
Alexandria,KY,38.9406,-84.3943
California,KY,38.9056,-84.3171
Melbourne,KY,39.0067,-84.3538
Newport,KY,39.002525,-84.414325
Bellevue,KY,39.1024,-84.4787
Dayton,KY,39.1114,-84.4712
Fort Thomas,KY,39.0786,-84.4523
Silver Grove,KY,39.0343,-84.3908
Arlington,KY,36.7903,-89.0128
Bardwell,KY,36.8634,-89.0209
Cunningham,KY,36.8963,-88.8728
Milburn,KY,36.7987,-88.8998
Carrollton,KY,38.6696,-85.173
Ghent,KY,38.7188,-85.0557
Sanders,KY,38.661,-84.9732
Worthville,KY,38.6179,-85.0663
Carter,KY,38.4339,-83.1336
Denton,KY,38.2597,-82.8562
Grahn,KY,38.2897,-83.0811
Grayson,KY,38.3326,-82.9485
Hitchins,KY,38.2766,-82.8982
Olive Hill,KY,38.3001,-83.1741
Soldier,KY,38.262,-83.2847
Willard,KY,38.2045,-82.9076
Bethelridge,KY,37.2337,-84.7583
Dunnville,KY,37.1906,-84.9835
Liberty,KY,37.3146,-84.9719
Middleburg,KY,37.3591,-84.8321
Windsor,KY,37.1568,-84.8799
Yosemite,KY,37.3074,-84.8124
Crofton,KY,37.0344,-87.4891
Fairview,KY,36.8434,-87.3039
Fort Campbell,KY,36.6543,-87.4606
Gracey,KY,36.8564,-87.6545
Herndon,KY,36.7085,-87.6082
Hopkinsville,KY,36.86385,-87.48815
La Fayette,KY,36.6582,-87.6563
Oak Grove,KY,36.6652,-87.4255
Pembroke,KY,36.7759,-87.3556
Winchester,KY,37.98865,-84.1793
Big Creek,KY,37.1623,-83.5688
Fall Rock,KY,37.2198,-83.7883
Garrard,KY,37.1237,-83.7463
Goose Rock,KY,37.0904,-83.6944
Hima,KY,37.1206,-83.7783
Manchester,KY,37.1511,-83.7793
Oneida,KY,37.2695,-83.6491
Sextons Creek,KY,37.333,-83.7666
Albany,KY,36.6857,-85.1407
Alpha,KY,36.7824,-85.0275
Crayne,KY,37.2706,-88.0825
Dycusburg,KY,37.1595,-88.1845
Marion,KY,37.3254,-88.1005
Burkesville,KY,36.8068,-85.397
Marrowbone,KY,36.8306,-85.5015
Owensboro,KY,37.74955,-87.115325
Curdsville,KY,37.735,-87.3317
Maceo,KY,37.8436,-86.9999
Maple Mount,KY,37.6932,-87.3238
Philpot,KY,37.7183,-86.9372
Utica,KY,37.6206,-87.0591
West Louisville,KY,37.6967,-87.2869
Whitesville,KY,37.6834,-86.8699
Rocky Hill,KY,37.0689,-86.1364
Bee Spring,KY,37.2975,-86.2794
Brownsville,KY,37.2229,-86.2923
Mammoth Cave,KY,37.2802,-86.1688
Roundhill,KY,37.256,-86.407
Sweeden,KY,37.2641,-86.2978
Isonville,KY,38.0462,-83.0506
Sandy Hook,KY,38.1316,-83.0797
Irvine,KY,37.6858,-83.9862
Ravenna,KY,37.6867,-83.9387
Lexington,KY,38.029579,-84.484936
Elizaville,KY,38.4195,-83.8255
Ewing,KY,38.4157,-83.8733
Flemingsburg,KY,38.428,-83.708
Hillsboro,KY,38.2929,-83.6697
Muses Mills,KY,38.3501,-83.5271
Plummers Landing,KY,38.3481,-83.7186
Wallingford,KY,38.3374,-83.5625
Allen,KY,37.6074,-82.7225
Auxier,KY,37.737,-82.7582
Banner,KY,37.5707,-82.6806
Beaver,KY,37.3774,-82.6869
Betsy Layne,KY,37.5555,-82.6267
Bevinsville,KY,37.3465,-82.7403
Blue River,KY,37.6253,-82.8418
Bypro,KY,37.3465,-82.7165
Dana,KY,37.5467,-82.6705
David,KY,37.5767,-82.8708
Drift,KY,37.4933,-82.7575
Dwale,KY,37.6246,-82.7227
Eastern,KY,37.517,-82.806
Garrett,KY,37.4798,-82.8316
Grethel,KY,37.4576,-82.6645
Harold,KY,37.5368,-82.6332
Hi Hat,KY,37.3994,-82.7292
Hueysville,KY,37.5087,-82.8518
Ivel,KY,37.5956,-82.6463
Lackey,KY,37.471,-82.8294
Langley,KY,37.5381,-82.7976
Mc Dowell,KY,37.4355,-82.7203
Martin,KY,37.5708,-82.7819
Melvin,KY,37.3536,-82.6763
Minnie,KY,37.4548,-82.7646
Prestonsburg,KY,37.661,-82.7636
Printer,KY,37.5055,-82.706
Stanville,KY,37.5741,-82.6271
Teaberry,KY,37.422,-82.6405
Tram,KY,37.5725,-82.6452
Wayland,KY,37.4367,-82.801
Weeksbury,KY,37.317,-82.7041
Wheelwright,KY,37.3314,-82.7156
Frankfort,KY,38.226056,-84.8739
Fulton,KY,36.5475,-88.8749
Hickman,KY,36.5593,-89.1947
Glencoe,KY,38.7229,-84.8116
Sparta,KY,38.7256,-84.8813
Warsaw,KY,38.7807,-84.8496
Bryantsville,KY,37.7145,-84.6491
Lancaster,KY,37.6584,-84.5969
Paint Lick,KY,37.6092,-84.4269
Corinth,KY,38.5302,-84.5846
Crittenden,KY,38.7741,-84.5982
Dry Ridge,KY,38.7049,-84.6237
Jonesville,KY,38.6398,-84.7755
Mason,KY,38.5932,-84.5786
Williamstown,KY,38.6292,-84.5744
Boaz,KY,36.93,-88.6223
Fancy Farm,KY,36.7767,-88.7918
Farmington,KY,36.6,-88.5186
Hickory,KY,36.8478,-88.6788
Lowes,KY,36.8862,-88.7728
Lynnville,KY,36.5603,-88.5692
Mayfield,KY,36.7327,-88.6506
Melber,KY,36.9197,-88.752
Sedalia,KY,36.5748,-88.5815
Symsonia,KY,36.9044,-88.5153
Water Valley,KY,36.5694,-88.8084
Wingo,KY,36.6253,-88.7394
Falls Of Rough,KY,37.5522,-86.4836
Big Clifty,KY,37.5278,-86.1395
Caneyville,KY,37.4222,-86.4702
Clarkson,KY,37.4336,-86.2083
Leitchfield,KY,37.4702,-86.3094
Millwood,KY,37.4446,-86.4008
Greensburg,KY,37.243,-85.5236
Summersville,KY,37.3419,-85.6194
Argillite,KY,38.4322,-82.8094
Flatwoods,KY,38.5188,-82.7212
Greenup,KY,38.5368,-82.9191
Russell,KY,38.5173,-82.6977
South Portsmouth,KY,38.7087,-83.0162
South Shore,KY,38.7148,-82.9366
Worthington,KY,38.5511,-82.7396
Hawesville,KY,37.8503,-86.7638
Lewisport,KY,37.909,-86.8957
Pellville,KY,37.7523,-86.8136
Reynolds Station,KY,37.7403,-86.7414
Fort Knox,KY,37.89195,-85.95625
Radcliff,KY,37.7751,-85.95865
Rineyville,KY,37.7525,-85.9954
Vine Grove,KY,37.8589,-86.0069
West Point,KY,37.9954,-85.9545
Elizabethtown,KY,37.6894,-85.86875
Cecilia,KY,37.669,-86.0545
Eastview,KY,37.6061,-86.0906
Glendale,KY,37.6034,-85.8921
Sonora,KY,37.5221,-85.923
Upton,KY,37.4568,-85.9086
White Mills,KY,37.5438,-86.0395
Ages Brookside,KY,36.8654,-83.2879
Baxter,KY,36.8749,-83.3141
Benham,KY,36.9648,-82.9485
Big Laurel,KY,36.9798,-83.2171
Bledsoe,KY,36.934,-83.3242
Cawood,KY,36.7812,-83.2914
Coalgood,KY,36.8202,-83.2445
Coldiron,KY,36.8201,-83.4707
Cranks,KY,36.7558,-83.1838
Cumberland,KY,36.9711,-82.9771
Dayhoit,KY,36.8356,-83.3753
Evarts,KY,36.8398,-83.2233
Grays Knob,KY,36.7974,-83.2645
Gulston,KY,36.7656,-83.3262
Harlan,KY,36.7596,-83.3499
Holmes Mill,KY,36.8757,-82.9943
Kenvir,KY,36.8537,-83.1571
Lejunior,KY,36.8899,-83.1433
Loyall,KY,36.8481,-83.353
Lynch,KY,36.9603,-82.9198
Pathfork,KY,36.7521,-83.4629
Putney,KY,36.9039,-83.2381
Totz,KY,36.9448,-83.1177
Wallins Creek,KY,36.8165,-83.419
Closplint,KY,36.8713,-83.0414
Mary Alice,KY,36.7843,-83.3299
Berry,KY,38.516,-84.3611
Cynthiana,KY,38.3964,-84.2949
Bonnieville,KY,37.3741,-85.896
Canmer,KY,37.2696,-85.7203
Cub Run,KY,37.3149,-86.0813
Hardyville,KY,37.2249,-85.7542
Horse Cave,KY,37.1849,-85.8785
Munfordville,KY,37.2898,-85.9201
Baskett,KY,37.8709,-87.4625
Corydon,KY,37.7443,-87.7
Henderson,KY,37.8173,-87.58115
Reed,KY,37.8588,-87.3704
Robards,KY,37.6758,-87.5266
Smith Mills,KY,37.8323,-87.7889
Spottsville,KY,37.8399,-87.4247
Bethlehem,KY,38.4529,-85.0169
Campbellsburg,KY,38.5231,-85.1611
Eminence,KY,38.3696,-85.1782
Lockport,KY,38.4219,-84.9586
New Castle,KY,38.4374,-85.1756
Pendleton,KY,38.4809,-85.317
Pleasureville,KY,38.3598,-85.1072
Port Royal,KY,38.4941,-85.1242
Smithfield,KY,38.3933,-85.2656
Sulphur,KY,38.4921,-85.252
Turners Station,KY,38.5521,-85.1019
Clinton,KY,36.6675,-88.9676
Columbus,KY,36.7598,-89.1034
Dawson Springs,KY,37.1964,-87.6821
Earlington,KY,37.2742,-87.5119
Hanson,KY,37.4382,-87.4751
Madisonville,KY,37.3256,-87.4953
Manitou,KY,37.4067,-87.5639
Mortons Gap,KY,37.249,-87.4615
Nebo,KY,37.3683,-87.6865
Nortonville,KY,37.1834,-87.4605
Saint Charles,KY,37.1604,-87.5697
White Plains,KY,37.1788,-87.3644
Annville,KY,37.3052,-83.9711
Gray Hawk,KY,37.3951,-83.9402
Mc Kee,KY,37.4338,-84.0251
Sandgap,KY,37.4862,-84.0905
Tyner,KY,37.3693,-83.8619
Waneta,KY,37.4748,-84.0427
Eastwood,KY,38.2331,-85.4558
Fisherville,KY,38.1652,-85.4282
Glenview,KY,38.2997,-85.6487
Harrods Creek,KY,38.3297,-85.633
Masonic Home,KY,38.2536,-85.6622
Prospect,KY,38.356,-85.6083
Fairdale,KY,38.1087,-85.7549
Louisville,KY,38.208448,-85.696306
Keene,KY,37.9434,-84.6419
Nicholasville,KY,37.8735,-84.57205
Wilmore,KY,37.8602,-84.6714
Boons Camp,KY,37.8216,-82.6704
East Point,KY,37.7579,-82.8182
Flatgap,KY,37.9231,-82.9221
Hagerhill,KY,37.7805,-82.8416
Keaton,KY,37.9856,-82.9602
Meally,KY,37.8078,-82.7415
Oil Springs,KY,37.8101,-82.9424
Paintsville,KY,37.8242,-82.7945
River,KY,37.8795,-82.7251
Sitka,KY,37.8922,-82.8446
Staffordsville,KY,37.8253,-82.8823
Stambaugh,KY,37.9166,-82.8034
Thelma,KY,37.822,-82.7526
Tutor Key,KY,37.8507,-82.7602
Van Lear,KY,37.7481,-82.7054
West Van Lear,KY,37.7862,-82.7807
Williamsport,KY,37.8313,-82.7264
Wittensville,KY,37.8703,-82.81
Covington,KY,39.02234,-84.5246
Latonia,KY,39.0217,-84.4989
Ft Mitchell,KY,39.03,-84.559
Erlanger,KY,39.03425,-84.6143
Independence,KY,38.9354,-84.5479
Kenton,KY,38.8684,-84.4561
Morning View,KY,38.8394,-84.5069
Carrie,KY,37.3318,-83.0327
Emmalena,KY,37.3499,-83.0471
Fisty,KY,37.3064,-83.0904
Sassafras,KY,37.2207,-83.0552
Vest,KY,37.4073,-83.0153
Garner,KY,37.3582,-82.9252
Hindman,KY,37.3359,-82.9804
Kite,KY,37.3136,-82.7975
Leburn,KY,37.3794,-82.9523
Littcarr,KY,37.2409,-82.9488
Mallie,KY,37.2692,-82.9161
Mousie,KY,37.4331,-82.9018
Pine Top,KY,37.2868,-82.8741
Pippa Passes,KY,37.3491,-82.8742
Redfox,KY,37.2172,-82.9424
Dema,KY,37.3976,-82.7836
Raven,KY,37.4043,-82.8261
Topmost,KY,37.3485,-82.7926
Gray,KY,36.9467,-83.9828
Woodbine,KY,36.8586,-84.0347
Artemus,KY,36.8388,-83.8329
Barbourville,KY,36.8665,-83.8888
Bimble,KY,36.8868,-83.8282
Bryants Store,KY,36.7708,-83.9009
Cannon,KY,36.9195,-83.851
Dewitt,KY,36.877,-83.7377
Flat Lick,KY,36.829,-83.7702
Fourmile,KY,36.7934,-83.7419
Girdler,KY,36.9691,-83.8539
Green Road,KY,36.8713,-83.83
Heidrick,KY,36.8904,-83.8716
Hinkle,KY,36.9362,-83.8045
Scalf,KY,36.9327,-83.6901
Trosper,KY,36.761,-83.8155
Walker,KY,36.8911,-83.6616
Buffalo,KY,37.512,-85.6986
Hodgenville,KY,37.5746,-85.7232
Magnolia,KY,37.4165,-85.7308
Mount Sherman,KY,37.426,-85.6191
Bush,KY,37.0926,-83.8702
East Bernstadt,KY,37.2488,-84.138
Keavy,KY,37.0156,-84.1436
Lily,KY,37.0256,-84.0282
London,KY,37.132167,-84.0949
Pittsburg,KY,37.1678,-84.1166
Blaine,KY,38.027,-82.8513
Martha,KY,38.0152,-82.9558
Mazie,KY,38.027,-82.9724
Webbville,KY,38.1634,-82.7897
Adams,KY,38.0741,-82.7447
Louisa,KY,38.1043,-82.6056
Lowmansville,KY,37.9315,-82.7349
Ulysses,KY,37.9416,-82.6739
Beattyville,KY,37.5999,-83.714
Lone,KY,37.5442,-83.6008
Saint Helens,KY,37.5829,-83.6471
Zoe,KY,37.6867,-83.6702
Asher,KY,37.0114,-83.4553
Chappell,KY,37.0098,-83.3494
Essie,KY,37.0547,-83.4561
Helton,KY,36.954,-83.3907
Hoskinston,KY,37.0773,-83.3916
Mozelle,KY,37.0037,-83.4135
Stinnett,KY,37.0883,-83.3907
Warbranch,KY,36.984,-83.4667
Roark,KY,37.0226,-83.5152
Bear Branch,KY,37.1939,-83.5035
Hyden,KY,37.1877,-83.4169
Sizerock,KY,37.2187,-83.4974
Smilax,KY,37.1214,-83.2539
Thousandsticks,KY,37.1851,-83.4288
Wendover,KY,37.1079,-83.3563
Wooton,KY,37.1671,-83.2913
Yeaddiss,KY,37.0565,-83.2361
Eolia,KY,37.0618,-82.7706
Partridge,KY,37.0129,-82.8795
Burdine,KY,37.1893,-82.599
Jenkins,KY,37.1911,-82.6513
Blackey,KY,37.1551,-82.9956
Cromona,KY,37.1865,-82.6971
Deane,KY,37.2409,-82.7696
Ermine,KY,37.1615,-82.7974
Gordon,KY,36.9891,-83.0655
Hallie,KY,37.0837,-83.0027
Isom,KY,37.1932,-82.8754
Jackhorn,KY,37.2246,-82.7228
Jeremiah,KY,37.1699,-82.9258
Letcher,KY,37.1531,-82.9548
Linefork,KY,37.0233,-82.9878
Mc Roberts,KY,37.2137,-82.6734
Mayking,KY,37.1302,-82.7427
Millstone,KY,37.1766,-82.7517
Neon,KY,37.1876,-82.711
Premium,KY,37.1252,-82.9035
Roxana,KY,37.1102,-82.9407
Seco,KY,37.1765,-82.7358
Thornton,KY,37.1906,-82.7851
Whitesburg,KY,37.1388,-82.855
Emerson,KY,38.3563,-83.2877
Garrison,KY,38.5869,-83.2
Quincy,KY,38.6271,-83.1056
Vanceburg,KY,38.4699,-83.2702
Tollesboro,KY,38.5723,-83.5605
Crab Orchard,KY,37.4465,-84.4939
Hustonville,KY,37.4595,-84.8528
Kings Mountain,KY,37.3818,-84.7148
Mc Kinney,KY,37.446,-84.6998
Stanford,KY,37.5245,-84.6912
Waynesburg,KY,37.3499,-84.6655
Burna,KY,37.2392,-88.3379
Grand Rivers,KY,37.0762,-88.2647
Hampton,KY,37.2831,-88.3714
Ledbetter,KY,37.0611,-88.4665
Salem,KY,37.2553,-88.2711
Smithland,KY,37.2387,-88.3757
Tiline,KY,37.1457,-88.285
Adairville,KY,36.6914,-86.8585
Auburn,KY,36.8818,-86.7198
Lewisburg,KY,37.0037,-86.9887
Olmstead,KY,36.7595,-86.9804
Russellville,KY,36.8453,-86.8823
Eddyville,KY,37.0664,-88.0494
Kuttawa,KY,37.0619,-88.1498
Paducah,KY,37.0619,-88.656367
Kevil,KY,37.0872,-88.8764
West Paducah,KY,37.0922,-88.7611
Marshes Siding,KY,36.7437,-84.4808
Parkers Lake,KY,36.8347,-84.4436
Pine Knot,KY,36.6807,-84.3984
Revelo,KY,36.6734,-84.4722
Stearns,KY,36.7082,-84.5165
Strunk,KY,36.6191,-84.4308
Whitley City,KY,36.7217,-84.4676
Beech Grove,KY,37.6162,-87.3964
Calhoun,KY,37.575,-87.2773
Island,KY,37.4471,-87.1692
Livermore,KY,37.5045,-87.1239
Rumsey,KY,37.5076,-87.2806
Sacramento,KY,37.4177,-87.2736
Waco,KY,37.7426,-84.1441
Berea,KY,37.5743,-84.2856
Bighill,KY,37.5545,-84.2083
Richmond,KY,37.75125,-84.2951
Falcon,KY,37.7843,-83.0109
Royalton,KY,37.6751,-83.0218
Salyersville,KY,37.7325,-83.0298
Gunlock,KY,37.5892,-82.9452
Bradfordsville,KY,37.4662,-85.1436
Lebanon,KY,37.5658,-85.2668
Loretto,KY,37.6421,-85.4113
Nerinx,KY,37.6603,-85.3932
Raywick,KY,37.538,-85.43
Saint Francis,KY,37.6047,-85.4251
Saint Mary,KY,37.5795,-85.3551
Gravel Switch,KY,37.5758,-85.0824
Benton,KY,36.8806,-88.3548
Calvert City,KY,37.0147,-88.3811
Gilbertsville,KY,36.9655,-88.2667
Hardin,KY,36.7762,-88.2622
Beauty,KY,37.8401,-82.439
Debord,KY,37.8265,-82.5513
Inez,KY,37.8754,-82.5337
Lovely,KY,37.8259,-82.4013
Pilgrim,KY,37.7379,-82.4523
Tomahawk,KY,37.8687,-82.5971
Warfield,KY,37.875,-82.4386
Dover,KY,38.691,-83.8718
Mayslick,KY,38.522,-83.861
Maysville,KY,38.6207,-83.8067
Minerva,KY,38.7054,-83.9191
Washington,KY,38.6123,-83.808
Battletown,KY,38.0393,-86.2991
Brandenburg,KY,37.9662,-86.1084
Ekron,KY,37.9113,-86.1542
Guston,KY,37.8951,-86.2155
Muldraugh,KY,37.9371,-85.9918
Payneville,KY,38.0301,-86.4082
Rhodelia,KY,38.006,-86.3984
Denniston,KY,37.9159,-83.538
Frenchburg,KY,37.947,-83.6084
Means,KY,37.9807,-83.7447
Wellington,KY,37.978,-83.4675
Burgin,KY,37.7534,-84.7666
Harrodsburg,KY,37.8033,-84.8607
Salvisa,KY,37.9167,-84.8577
Beaumont,KY,36.8705,-85.644
Edmonton,KY,37.0008,-85.6095
Knob Lick,KY,37.0556,-85.6985
Summer Shade,KY,36.8883,-85.7083
Center,KY,37.1177,-85.7038
Fountain Run,KY,36.72,-85.952
Gamaliel,KY,36.654,-85.8134
Hestand,KY,36.6535,-85.5698
Mount Hermon,KY,36.7723,-85.8195
Tompkinsville,KY,36.7236,-85.7009
Hope,KY,38.0161,-83.7713
Jeffersonville,KY,37.964,-83.8558
Mount Sterling,KY,38.0548,-83.9388
Mize,KY,37.8235,-83.3335
Cannel City,KY,37.7901,-83.2741
Crockett,KY,37.9856,-83.0907
Elkfork,KY,37.9708,-83.1193
Ezel,KY,37.8912,-83.4444
Malone,KY,37.872,-83.2582
West Liberty,KY,37.9215,-83.2596
Wrigley,KY,37.914,-83.2338
Beech Creek,KY,37.1716,-87.0559
Beechmont,KY,37.1737,-87.0349
Belton,KY,37.1511,-86.9774
Bremen,KY,37.343,-87.233
Browder,KY,37.1999,-87.0001
Central City,KY,37.3007,-87.1202
Cleaton,KY,37.2533,-87.0897
Drakesboro,KY,37.2136,-87.048
Dunmor,KY,37.084,-87.0079
Graham,KY,37.2467,-87.2976
Greenville,KY,37.2076,-87.1806
Powderly,KY,37.2429,-87.1549
South Carrollton,KY,37.3375,-87.1419
Bardstown,KY,37.8083,-85.4613
Bloomfield,KY,37.908,-85.2862
Chaplin,KY,37.9025,-85.2015
Coxs Creek,KY,37.9125,-85.4658
Fairfield,KY,37.934,-85.3862
Nazareth,KY,37.8472,-85.4694
New Haven,KY,37.6438,-85.547
New Hope,KY,37.632,-85.5083
Boston,KY,37.7408,-85.5948
Carlisle,KY,38.3212,-84.0279
Moorefield,KY,38.2926,-83.8929
Beaver Dam,KY,37.387,-86.8729
Centertown,KY,37.4079,-87.009
Cromwell,KY,37.3418,-86.77
Dundee,KY,37.552,-86.7776
Fordsville,KY,37.6297,-86.7263
Hartford,KY,37.4785,-86.918
Horse Branch,KY,37.4234,-86.6987
Mc Henry,KY,37.3778,-86.9298
Olaton,KY,37.5259,-86.6875
Rockport,KY,37.3554,-87.0065
Rosine,KY,37.449,-86.7389
Buckner,KY,38.3735,-85.4507
Crestwood,KY,38.3326,-85.461
Goshen,KY,38.4113,-85.5708
La Grange,KY,38.40375,-85.42665
Pewee Valley,KY,38.3039,-85.4834
Westport,KY,38.4921,-85.4524
New Liberty,KY,38.6277,-84.8756
Owenton,KY,38.4986,-84.8086
Perry Park,KY,38.5218,-85.0139
Booneville,KY,37.4965,-83.6574
Mistletoe,KY,37.3126,-83.5916
Ricetown,KY,37.3871,-83.6752
Vincent,KY,37.3986,-83.7049
Butler,KY,38.8013,-84.3446
De Mossville,KY,38.7623,-84.4859
Falmouth,KY,38.6643,-84.3451
Saul,KY,37.3313,-83.387
Rowdy,KY,37.397,-83.227
Hazard,KY,37.2739,-83.1922
Ary,KY,37.3638,-83.1546
Avawam,KY,37.2254,-83.2736
Bonnyman,KY,37.2983,-83.2544
Buckhorn,KY,37.301,-83.4936
Bulan,KY,37.315,-83.1561
Busy,KY,37.2632,-83.3007
Chavies,KY,37.3479,-83.3563
Combs,KY,37.2649,-83.2174
Cornettsville,KY,37.134,-83.0768
Delphia,KY,37.0233,-83.0956
Dice,KY,37.3758,-83.2419
Dwarf,KY,37.3394,-83.1303
Gays Creek,KY,37.3353,-83.4347
Happy,KY,37.2101,-83.0917
Jeff,KY,37.2184,-83.1427
Krypton,KY,37.3003,-83.3219
Scuddy,KY,37.1971,-83.0817
Slemp,KY,37.0705,-83.1136
Vicco,KY,37.202,-83.0658
Viper,KY,37.1585,-83.1405
Yerkes,KY,37.283,-83.3212
Pikeville,KY,37.4977,-82.51805
South Williamson,KY,37.667,-82.2886
Ashcamp,KY,37.2589,-82.4613
Belcher,KY,37.3478,-82.3406
Belfry,KY,37.6401,-82.2573
Canada,KY,37.5899,-82.3308
Dorton,KY,37.279,-82.5773
Elkhorn City,KY,37.3109,-82.4091
Fedscreek,KY,37.4266,-82.2562
Fords Branch,KY,37.4332,-82.511
Forest Hills,KY,37.6432,-82.2991
Freeburn,KY,37.5512,-82.1434
Hardy,KY,37.5928,-82.2328
Hellier,KY,37.2876,-82.4713
Huddy,KY,37.5964,-82.2797
Jonancy,KY,37.3165,-82.5829
Kimper,KY,37.5068,-82.3271
Lick Creek,KY,37.3592,-82.3092
Lookout,KY,37.3148,-82.465
Mc Andrews,KY,37.5624,-82.2803
Mc Carr,KY,37.5969,-82.1674
Majestic,KY,37.5311,-82.0916
Mouthcard,KY,37.3815,-82.2727
Myra,KY,37.2898,-82.5999
Phelps,KY,37.4987,-82.1584
Phyllis,KY,37.4484,-82.2985
Pinsonfork,KY,37.5466,-82.2621
Raccoon,KY,37.4935,-82.4221
Ransom,KY,37.5426,-82.2085
Regina,KY,37.3744,-82.3831
Robinson Creek,KY,37.3799,-82.5616
Rockhouse,KY,37.3316,-82.4626
Shelbiana,KY,37.4063,-82.4673
Shelby Gap,KY,37.2311,-82.5286
Sidney,KY,37.6076,-82.3648
Steele,KY,37.4029,-82.2071
Stone,KY,37.5859,-82.271
Stopover,KY,37.5093,-82.0784
Varney,KY,37.6275,-82.4356
Virgie,KY,37.3197,-82.6114
Clay City,KY,37.8524,-83.9309
Slade,KY,37.7951,-83.7041
Stanton,KY,37.8223,-83.7853
Somerset,KY,37.117167,-84.557733
Bronston,KY,36.9525,-84.6314
Burnside,KY,36.9393,-84.5357
Ferguson,KY,37.0677,-84.5927
Nancy,KY,37.0631,-84.7192
Science Hill,KY,37.1683,-84.6487
Tateville,KY,36.9492,-84.5815
West Somerset,KY,37.1114,-84.5929
Eubank,KY,37.2642,-84.6066
Mount Olivet,KY,38.5218,-84.048
Brodhead,KY,37.3815,-84.4336
Livingston,KY,37.3074,-84.2318
Mount Vernon,KY,37.3983,-84.3379
Orlando,KY,37.3734,-84.2528
Renfro Valley,KY,37.3879,-84.3316
Wildie,KY,37.4234,-84.3022
Clearfield,KY,38.1287,-83.4425
Elliottville,KY,38.1765,-83.2682
Farmers,KY,38.1403,-83.5337
Morehead,KY,38.199,-83.4436
Jamestown,KY,36.968,-85.0968
Russell Springs,KY,37.0551,-85.0375
Georgetown,KY,38.2117,-84.5562
Sadieville,KY,38.3908,-84.5384
Stamping Ground,KY,38.2888,-84.6818
Bagdad,KY,38.2608,-85.0651
Finchville,KY,38.1561,-85.3476
Shelbyville,KY,38.20675,-85.21825
Simpsonville,KY,38.2312,-85.3548
Waddy,KY,38.1054,-85.1288
Franklin,KY,36.72385,-86.5736
Mount Eden,KY,38.0352,-85.1641
Taylorsville,KY,38.0471,-85.3829
Campbellsville,KY,37.34225,-85.3406
Elk Horn,KY,37.3393,-85.1918
Mannsville,KY,37.3726,-85.1966
Allensville,KY,36.7167,-87.0661
Clifty,KY,37.0045,-87.1521
Elkton,KY,36.9094,-87.1678
Guthrie,KY,36.7149,-87.1502
Sharon Grove,KY,36.9278,-87.1003
Trenton,KY,36.7314,-87.2611
Cadiz,KY,36.802,-87.8286
Cerulean,KY,36.9496,-87.6648
Bedford,KY,38.5864,-85.3133
Milton,KY,38.6925,-85.3659
Morganfield,KY,37.6869,-87.9439
Sturgis,KY,37.5487,-87.9965
Sullivan,KY,37.494,-87.9328
Uniontown,KY,37.7677,-87.9263
Waverly,KY,37.743,-87.8067
Bowling Green,KY,36.960875,-86.42005
Alvaton,KY,36.863,-86.3632
Drake,KY,36.9834,-86.394
Oakland,KY,36.9985,-86.2501
Woodburn,KY,36.8557,-86.5623
Smiths Grove,KY,37.0581,-86.1938
Rockfield,KY,36.9241,-86.5979
Mackville,KY,37.7568,-85.059
Saint Catharine,KY,37.774,-85.2011
Springfield,KY,37.7342,-85.2107
Willisburg,KY,37.8373,-85.1362
Monticello,KY,36.8674,-84.8254
Clay,KY,37.4756,-87.8368
Dixon,KY,37.5106,-87.7019
Poole,KY,37.641,-87.6439
Providence,KY,37.405,-87.7505
Sebree,KY,37.5889,-87.5255
Slaughters,KY,37.5054,-87.5053
Wheatcroft,KY,37.488,-87.8661
Corbin,KY,36.9359,-84.1026
Emlyn,KY,36.7039,-84.1415
Rockholds,KY,36.8242,-84.104
Siler,KY,36.7025,-83.955
Williamsburg,KY,36.747,-84.1394
Campton,KY,37.7287,-83.494
Hazel Green,KY,37.7981,-83.421
Pine Ridge,KY,37.7749,-83.6321
Rogers,KY,37.7093,-83.6314
Midway,KY,38.1487,-84.6928
Versailles,KY,38.04695,-84.7293
Branch,LA,30.3446,-92.3459
Church Point,LA,30.4013,-92.224
Crowley,LA,30.2216,-92.33975
Egan,LA,30.251,-92.5002
Estherwood,LA,30.1808,-92.4643
Evangeline,LA,30.2683,-92.5532
Iota,LA,30.3313,-92.4957
Mermentau,LA,30.1861,-92.5722
Morse,LA,30.1298,-92.4767
Rayne,LA,30.2349,-92.2685
Elizabeth,LA,30.8547,-92.7815
Grant,LA,30.7962,-92.9517
Kinder,LA,30.4607,-92.8693
Leblanc,LA,30.5648,-92.9583
Mittie,LA,30.7144,-92.9068
Oberlin,LA,30.6162,-92.7527
Reeves,LA,30.521,-93.0477
Oakdale,LA,30.8172,-92.664
Donaldsonville,LA,30.1018,-90.997
Gonzales,LA,30.226,-90.89375
Brittany,LA,30.201,-90.8689
Darrow,LA,30.13,-90.9651
Duplessis,LA,30.2954,-90.9458
Geismar,LA,30.2196,-91.0079
Burnside,LA,30.1388,-90.924
Prairieville,LA,30.3073,-90.9405
Saint Amant,LA,30.2385,-90.8435
Sorrento,LA,30.1854,-90.8631
Pierre Part,LA,29.9476,-91.1885
Belle Rose,LA,30.026,-91.0444
Labadieville,LA,29.8345,-90.9613
Napoleonville,LA,29.9288,-91.0266
Paincourtville,LA,29.9902,-91.0588
Plattenville,LA,29.9974,-91.0232
Bordelonville,LA,31.1055,-91.9073
Bunkie,LA,30.8641,-92.1466
Center Point,LA,31.2482,-92.2099
Cottonport,LA,30.9862,-92.0581
Dupont,LA,30.9294,-91.9479
Effie,LA,31.2275,-92.0967
Evergreen,LA,30.9161,-92.067
Hamburg,LA,31.0307,-91.9315
Hessmer,LA,31.0534,-92.1399
Mansura,LA,31.0615,-92.0543
Marksville,LA,31.1396,-92.0831
Moreauville,LA,31.0988,-91.8748
Plaucheville,LA,30.9365,-91.9847
Simmesport,LA,30.9771,-91.8259
Deridder,LA,30.8287,-93.2685
Dry Creek,LA,30.6859,-92.9843
Longville,LA,30.58,-93.2548
Merryville,LA,30.6716,-93.5613
Ragley,LA,30.4703,-93.2337
Singer,LA,30.5329,-93.465
Sugartown,LA,30.8277,-93.017
Arcadia,LA,32.5556,-92.9245
Bienville,LA,32.2523,-92.9084
Castor,LA,32.2452,-93.0936
Gibsland,LA,32.5299,-93.0706
Jamestown,LA,32.3613,-93.1848
Ringgold,LA,32.3263,-93.2982
Saline,LA,32.197,-92.917
Taylor,LA,32.366,-93.1011
Benton,LA,32.6976,-93.691
Haughton,LA,32.5507,-93.5657
Elm Grove,LA,32.3886,-93.5026
Plain Dealing,LA,32.9074,-93.6905
Princeton,LA,32.5791,-93.5226
Barksdale Afb,LA,32.5137,-93.6404
Bossier City,LA,32.56042,-93.66612
Belcher,LA,32.7544,-93.8508
Bethany,LA,32.3662,-94.0034
Blanchard,LA,32.5719,-93.8871
Gilliam,LA,32.8251,-93.8293
Greenwood,LA,32.4429,-93.973
Hosston,LA,32.8967,-93.8834
Ida,LA,32.9934,-93.9022
Keithville,LA,32.3161,-93.8881
Mooringsport,LA,32.6626,-93.973
Oil City,LA,32.7451,-93.9838
Rodessa,LA,32.9701,-93.9885
Vivian,LA,32.8423,-93.9504
Shreveport,LA,32.553066,-93.759937
Lake Charles,LA,30.244355,-93.261636
Bell City,LA,30.1054,-93.0372
Dequincy,LA,30.4211,-93.4151
Hayes,LA,30.097,-92.9146
Iowa,LA,30.2219,-93.0259
Starks,LA,30.3085,-93.6615
Sulphur,LA,30.228033,-93.378033
Vinton,LA,30.2015,-93.5728
Westlake,LA,30.2613,-93.2688
Clarks,LA,32.0344,-92.1381
Columbia,LA,32.1022,-92.1177
Grayson,LA,32.067,-92.1698
Kelly,LA,31.9648,-92.1825
Cameron,LA,29.7911,-93.438
Creole,LA,29.8646,-93.0033
Grand Chenier,LA,29.7644,-92.9261
Hackberry,LA,29.9822,-93.375
Harrisonburg,LA,31.7779,-91.8133
Jonesville,LA,31.6862,-91.8678
Rhinehart,LA,31.6377,-92.0068
Sicily Island,LA,31.8507,-91.6807
Aimwell,LA,31.7835,-91.9935
Enterprise,LA,31.9064,-91.8751
Athens,LA,32.6451,-93.0239
Haynesville,LA,32.9278,-93.0691
Homer,LA,32.7749,-93.0288
Lisbon,LA,32.8452,-92.8878
Summerfield,LA,32.9238,-92.8215
Acme,LA,31.3016,-91.8216
Clayton,LA,31.7158,-91.5163
Ferriday,LA,31.6602,-91.5502
Monterey,LA,31.4499,-91.7182
Vidalia,LA,31.5782,-91.4695
Wildsville,LA,31.6094,-91.7808
Frierson,LA,32.245,-93.6915
Gloster,LA,32.1858,-93.801
Grand Cane,LA,32.105,-93.7941
Keatchie,LA,32.1622,-93.951
Logansport,LA,31.9943,-93.9627
Longstreet,LA,32.0977,-93.9521
Mansfield,LA,32.0239,-93.698
Pelican,LA,31.8966,-93.5634
Stonewall,LA,32.2848,-93.8003
Baker,LA,30.54865,-91.11165
Greenwell Springs,LA,30.5984,-90.9705
Pride,LA,30.6133,-90.9943
Zachary,LA,30.6561,-91.1358
Baton Rouge,LA,30.476669,-91.106726
Lake Providence,LA,32.8071,-91.1906
Sondheimer,LA,32.5756,-91.1496
Transylvania,LA,32.6705,-91.2288
Clinton,LA,30.8249,-90.9331
Ethel,LA,30.8131,-91.11
Jackson,LA,30.8087,-91.1987
Norwood,LA,30.9518,-91.0629
Slaughter,LA,30.7383,-91.07
Wilson,LA,30.9473,-91.0655
Basile,LA,30.4978,-92.5736
Chataignier,LA,30.5709,-92.3202
Mamou,LA,30.6496,-92.4196
Pine Prairie,LA,30.7831,-92.4163
Reddell,LA,30.675,-92.4265
Turkey Creek,LA,30.8707,-92.404
Ville Platte,LA,30.6924,-92.2737
Saint Landry,LA,30.8998,-92.2964
Baskin,LA,32.2897,-91.7132
Crowville,LA,32.2407,-91.5901
Fort Necessity,LA,32.0434,-91.8257
Jigger,LA,32.0349,-91.7468
Winnsboro,LA,32.1592,-91.7108
Chase,LA,32.0971,-91.699
Gilbert,LA,32.0349,-91.592
Wisner,LA,31.9913,-91.6768
Bentley,LA,31.5157,-92.4882
Colfax,LA,31.5079,-92.6568
Dry Prong,LA,31.5979,-92.5665
Georgetown,LA,31.745,-92.3952
Montgomery,LA,31.6674,-92.8412
Pollock,LA,31.5,-92.4005
Avery Island,LA,29.8981,-91.9062
Jeanerette,LA,29.9032,-91.6544
Loreauville,LA,30.0683,-91.6596
New Iberia,LA,30.009667,-91.7961
Lydia,LA,29.9239,-91.7831
Carville,LA,30.2184,-91.0925
Grosse Tete,LA,30.3879,-91.4383
Maringouin,LA,30.4626,-91.5099
Plaquemine,LA,30.27875,-91.24335
Rosedale,LA,30.4408,-91.4562
Saint Gabriel,LA,30.2528,-91.0857
Sunshine,LA,30.2982,-91.1799
White Castle,LA,30.1545,-91.1773
Chatham,LA,32.2922,-92.4374
Eros,LA,32.3988,-92.3479
Hodge,LA,32.2768,-92.7235
Jonesboro,LA,32.2483,-92.6944
Quitman,LA,32.3564,-92.7085
Metairie,LA,29.991375,-90.161833
Barataria,LA,29.6964,-90.1122
Gretna,LA,29.9042,-90.046733
Harvey,LA,29.888,-90.0723
Kenner,LA,29.99222,-90.2494
Lafitte,LA,29.7143,-90.1052
Marrero,LA,29.8796,-90.10545
Westwego,LA,29.90165,-90.1728
New Orleans,LA,29.957052,-90.070359
Grand Isle,LA,29.2297,-90.0088
Elton,LA,30.4715,-92.6996
Jennings,LA,30.2201,-92.6574
Lake Arthur,LA,30.091,-92.6825
Roanoke,LA,30.2464,-92.7421
Welsh,LA,30.2363,-92.819
Fenton,LA,30.3655,-92.9122
Lacassine,LA,30.2374,-92.9232
Lafayette,LA,30.208725,-92.035875
Broussard,LA,30.1219,-91.9502
Carencro,LA,30.3244,-92.0423
Duson,LA,30.1912,-92.1525
Milton,LA,30.1038,-92.0765
Scott,LA,30.2504,-92.0981
Youngsville,LA,30.0975,-92.0096
Thibodaux,LA,29.799433,-90.816467
Cut Off,LA,29.5232,-90.3393
Galliano,LA,29.4311,-90.2981
Gheens,LA,29.7076,-90.4849
Golden Meadow,LA,29.3821,-90.2639
Kraemer,LA,29.8652,-90.5962
Larose,LA,29.5724,-90.3817
Lockport,LA,29.6155,-90.4442
Mathews,LA,29.6938,-90.5496
Raceland,LA,29.7178,-90.5999
Jena,LA,31.6748,-92.1137
Trout,LA,31.6531,-92.1993
Olla,LA,31.8734,-92.2214
Tullos,LA,31.8569,-92.374
Urania,LA,31.865,-92.2915
Choudrant,LA,32.5556,-92.5224
Dubach,LA,32.6949,-92.6785
Grambling,LA,32.5244,-92.7158
Ruston,LA,32.554367,-92.6472
Simsboro,LA,32.5384,-92.7995
Maurepas,LA,30.2716,-90.7043
Springfield,LA,30.4157,-90.5775
Denham Springs,LA,30.468333,-90.8833
Albany,LA,30.5149,-90.5964
French Settlement,LA,30.2952,-90.7951
Holden,LA,30.5556,-90.6652
Livingston,LA,30.4741,-90.7673
Walker,LA,30.5247,-90.8557
Watson,LA,30.5502,-90.9582
Delta,LA,32.3257,-90.927
Tallulah,LA,32.42055,-91.12565
Bastrop,LA,32.7728,-91.89005
Bonita,LA,32.9123,-91.6822
Collinston,LA,32.6971,-91.8634
Jones,LA,32.9663,-91.5965
Mer Rouge,LA,32.7718,-91.7716
Oak Ridge,LA,32.6243,-91.7618
Ashland,LA,32.1378,-93.0906
Goldonna,LA,32.0,-92.9611
Powhatan,LA,31.8741,-93.1966
Campti,LA,31.8959,-93.0936
Clarence,LA,31.8216,-93.0296
Cloutierville,LA,31.5432,-92.9182
Flora,LA,31.6124,-93.098
Gorum,LA,31.433,-92.9435
Marthaville,LA,31.7726,-93.3954
Melrose,LA,31.6104,-92.9745
Mora,LA,31.4016,-92.974
Natchez,LA,31.6615,-93.0241
Natchitoches,LA,31.7523,-93.083267
Provencal,LA,31.5157,-93.1488
Robeline,LA,31.7715,-93.321
Monroe,LA,32.49987,-92.10978
Calhoun,LA,32.5248,-92.3299
Fairbanks,LA,32.6443,-92.0365
Sterlington,LA,32.7119,-92.0981
Swartz,LA,32.4908,-92.1594
West Monroe,LA,32.493033,-92.1736
Belle Chasse,LA,29.8447,-89.9974
Boothville,LA,29.3079,-89.3814
Braithwaite,LA,29.7361,-89.9197
Buras,LA,29.3519,-89.5242
Empire,LA,29.3814,-89.5926
Pilottown,LA,29.1816,-89.2576
Pointe A La Hache,LA,29.542,-89.7512
Port Sulphur,LA,29.47,-89.6847
Venice,LA,29.2659,-89.3761
Batchelor,LA,30.8298,-91.6944
Fordoche,LA,30.596,-91.6165
Glynn,LA,30.6376,-91.3423
Innis,LA,30.8736,-91.6766
Jarreau,LA,30.6326,-91.4332
Lakeland,LA,30.5799,-91.4217
Lettsworth,LA,30.9324,-91.7403
Livonia,LA,30.5524,-91.5332
Lottie,LA,30.5563,-91.6418
Morganza,LA,30.7245,-91.5959
New Roads,LA,30.7014,-91.4421
Oscar,LA,30.5983,-91.4577
Rougon,LA,30.6035,-91.3813
Ventress,LA,30.6814,-91.4033
Alexandria,LA,31.2601,-92.483771
Cheneyville,LA,31.0201,-92.2951
Deville,LA,31.3574,-92.1654
Echo,LA,31.1093,-92.2395
Lecompte,LA,31.106,-92.389
Libuse,LA,31.3541,-92.3335
Pineville,LA,31.304933,-92.391467
Ruby,LA,31.1894,-92.2487
Ball,LA,31.4151,-92.3945
Boyce,LA,31.3216,-92.6867
Elmer,LA,31.1465,-92.7171
Flatwoods,LA,31.3849,-92.8812
Forest Hill,LA,31.0243,-92.5108
Gardner,LA,31.2587,-92.6775
Glenmora,LA,31.0262,-92.616
Hineston,LA,31.1669,-92.7375
Lena,LA,31.4207,-92.8312
Longleaf,LA,31.0066,-92.5526
Otis,LA,31.2077,-92.7392
Sieper,LA,31.1976,-92.7858
Tioga,LA,31.3999,-92.6042
Woodworth,LA,31.1635,-92.5322
Coushatta,LA,32.0231,-93.2648
Hall Summit,LA,32.1752,-93.3047
Archibald,LA,32.3632,-91.7693
Delhi,LA,32.3929,-91.4714
Mangham,LA,32.3331,-91.7976
Rayville,LA,32.4456,-91.7433
Start,LA,32.4865,-91.8593
Pleasant Hill,LA,31.8086,-93.5136
Belmont,LA,31.71,-93.4959
Converse,LA,31.7339,-93.6902
Fisher,LA,31.4937,-93.4602
Florien,LA,31.4275,-93.5179
Many,LA,31.5851,-93.4641
Negreet,LA,31.4693,-93.5749
Noble,LA,31.6938,-93.7167
Zwolle,LA,31.6138,-93.6636
Arabi,LA,29.9612,-89.9965
Chalmette,LA,29.9571,-89.95625
Meraux,LA,29.9335,-89.9214
Saint Bernard,LA,29.8611,-89.8364
Violet,LA,29.9043,-89.896
Des Allemands,LA,29.8134,-90.4407
Ama,LA,29.9435,-90.2925
Boutte,LA,29.8973,-90.3934
Destrehan,LA,29.9642,-90.3682
Hahnville,LA,29.9668,-90.4082
Luling,LA,29.9251,-90.3693
New Sarpy,LA,29.9817,-90.3859
Norco,LA,30.0057,-90.4198
Paradis,LA,29.877,-90.4352
Saint Rose,LA,29.9581,-90.3124
Greensburg,LA,30.8647,-90.7256
Pine Grove,LA,30.7032,-90.7672
Gramercy,LA,30.0527,-90.6902
Lutcher,LA,30.0447,-90.7008
Saint James,LA,30.0276,-90.8605
Vacherie,LA,29.9694,-90.7097
Convent,LA,30.0208,-90.8298
Hester,LA,30.0206,-90.7814
Paulina,LA,30.0352,-90.7374
Uncle Sam,LA,30.0279,-90.8028
Edgard,LA,30.0319,-90.5817
Garyville,LA,30.0535,-90.6201
La Place,LA,30.08445,-90.48635
Mount Airy,LA,30.0575,-90.6369
Reserve,LA,30.0603,-90.5518
Arnaudville,LA,30.3981,-91.9263
Eunice,LA,30.5116,-92.3985
Grand Coteau,LA,30.4201,-92.0462
Lawtell,LA,30.5165,-92.1841
Leonville,LA,30.4752,-91.9737
Opelousas,LA,30.52395,-92.0856
Port Barre,LA,30.5478,-91.9286
Sunset,LA,30.3884,-92.0934
Washington,LA,30.6839,-92.0252
Krotz Springs,LA,30.5379,-91.7563
Lebeau,LA,30.7292,-91.9755
Melville,LA,30.6626,-91.7565
Morrow,LA,30.8299,-92.0426
Palmetto,LA,30.7065,-91.9114
Breaux Bridge,LA,30.2948,-91.8296
Cade,LA,30.0797,-91.9114
Cecilia,LA,30.3364,-91.8492
Saint Martinville,LA,30.2237,-91.7794
Amelia,LA,29.6663,-91.102
Berwick,LA,29.6929,-91.2518
Morgan City,LA,29.69615,-91.26235
Patterson,LA,29.6967,-91.2812
Baldwin,LA,29.8488,-91.5458
Centerville,LA,29.7523,-91.4397
Charenton,LA,29.8796,-91.5337
Franklin,LA,29.7857,-91.5026
Garden City,LA,29.7633,-91.467
Abita Springs,LA,30.4837,-90.0041
Bush,LA,30.6134,-89.9557
Covington,LA,30.509733,-90.102033
Folsom,LA,30.6145,-90.1879
Lacombe,LA,30.322,-89.9297
Madisonville,LA,30.4287,-90.1773
Mandeville,LA,30.404267,-89.9963
Pearl River,LA,30.3944,-89.7732
Saint Benedict,LA,30.5269,-90.1126
Slidell,LA,30.30866,-89.79512
Sun,LA,30.6491,-89.8926
Talisheek,LA,30.5347,-89.8859
Hammond,LA,30.5072,-90.475225
Akers,LA,30.2902,-90.4018
Amite,LA,30.7266,-90.509
Fluker,LA,30.8128,-90.5207
Husser,LA,30.692,-90.339
Independence,LA,30.6351,-90.5277
Kentwood,LA,30.8892,-90.4728
Loranger,LA,30.5884,-90.3567
Natalbany,LA,30.5519,-90.4859
Ponchatoula,LA,30.4406,-90.4422
Robert,LA,30.5063,-90.3352
Roseland,LA,30.7717,-90.5243
Tangipahoa,LA,30.8764,-90.5089
Tickfaw,LA,30.5668,-90.482
Newellton,LA,32.0656,-91.2578
Saint Joseph,LA,31.9248,-91.2784
Waterproof,LA,31.8076,-91.3872
Bourg,LA,29.5485,-90.6087
Chauvin,LA,29.4634,-90.598
Donner,LA,29.6964,-90.9444
Dulac,LA,29.3695,-90.697
Gibson,LA,29.6625,-90.9776
Gray,LA,29.6903,-90.7807
Houma,LA,29.595025,-90.7232
Montegut,LA,29.4744,-90.544
Schriever,LA,29.7123,-90.8513
Theriot,LA,29.4516,-90.7651
Bernice,LA,32.8221,-92.6579
Downsville,LA,32.6525,-92.3745
Farmerville,LA,32.7534,-92.318
Lillie,LA,32.9529,-92.6858
Marion,LA,32.8716,-92.2862
Spearsville,LA,32.955,-92.587
Abbeville,LA,29.96065,-92.18795
Delcambre,LA,29.9474,-91.9889
Erath,LA,29.9522,-92.0343
Gueydan,LA,30.0255,-92.5338
Kaplan,LA,29.9771,-92.3025
Maurice,LA,30.0722,-92.107
Perry,LA,29.9485,-92.1571
Evans,LA,30.9684,-93.5203
Pitkin,LA,30.933,-92.9548
Rosepine,LA,30.9243,-93.2749
Anacoco,LA,31.2149,-93.3829
Hornbeck,LA,31.3226,-93.3683
Kurthwood,LA,31.3374,-93.1657
Leesville,LA,31.13455,-93.2173
Fort Polk,LA,31.0466,-93.2054
New Llano,LA,31.1149,-93.2716
Simpson,LA,31.257,-93.017
Slagle,LA,31.2024,-93.1274
Angie,LA,30.9224,-89.8567
Bogalusa,LA,30.78215,-89.857
Franklinton,LA,30.8577,-90.1155
Mount Hermon,LA,30.9536,-90.2769
Varnado,LA,30.8938,-89.8295
Cotton Valley,LA,32.819,-93.4259
Cullen,LA,32.9721,-93.4492
Doyline,LA,32.49,-93.3996
Dubberly,LA,32.5192,-93.2142
Heflin,LA,32.447,-93.2852
Minden,LA,32.62385,-93.2877
Sarepta,LA,32.9434,-93.4404
Shongaloo,LA,32.9713,-93.2963
Sibley,LA,32.5095,-93.3009
Springhill,LA,33.0005,-93.4596
Addis,LA,30.3557,-91.2613
Brusly,LA,30.3877,-91.2526
Erwinville,LA,30.548,-91.4187
Port Allen,LA,30.472,-91.2541
Epps,LA,32.6161,-91.4913
Forest,LA,32.8239,-91.3989
Kilbourne,LA,32.9946,-91.3162
Oak Grove,LA,32.8731,-91.4302
Pioneer,LA,32.7154,-91.4648
Angola,LA,30.9656,-91.5979
Saint Francisville,LA,30.8694,-91.4186
Tunica,LA,30.9601,-91.5396
Wakefield,LA,30.9175,-91.3581
Weyanoke,LA,30.9468,-91.4612
Atlanta,LA,31.776,-92.7958
Calvin,LA,31.9657,-92.7757
Dodson,LA,32.0701,-92.6783
Joyce,LA,31.9393,-92.5988
Saint Maurice,LA,31.7596,-92.959
Sikes,LA,32.0686,-92.4429
Winnfield,LA,31.9214,-92.6366
Buzzards Bay,MA,41.6993,-70.5721
Cataumet,MA,41.6694,-70.6234
East Falmouth,MA,41.5968,-70.5671
East Sandwich,MA,41.7283,-70.44
Falmouth,MA,41.55815,-70.61825
Woods Hole,MA,41.5263,-70.6643
Monument Beach,MA,41.7196,-70.612
North Falmouth,MA,41.6417,-70.623
Pocasset,MA,41.6881,-70.6105
Sagamore,MA,41.7703,-70.5337
Sagamore Beach,MA,41.7933,-70.5196
Sandwich,MA,41.7113,-70.4775
West Falmouth,MA,41.6039,-70.6382
Hyannis,MA,41.6601,-70.2967
Barnstable,MA,41.6983,-70.3001
Brewster,MA,41.7492,-70.0699
Centerville,MA,41.65465,-70.35065
Chatham,MA,41.6889,-69.9722
Cotuit,MA,41.6243,-70.4364
Cummaquid,MA,41.7014,-70.2772
Dennis,MA,41.7322,-70.1911
Dennis Port,MA,41.6649,-70.1327
East Dennis,MA,41.7426,-70.162
Eastham,MA,41.8408,-69.9849
East Orleans,MA,41.7843,-69.962
Forestdale,MA,41.6827,-70.5143
Harwich,MA,41.7008,-70.0579
Harwich Port,MA,41.6703,-70.0722
Hyannis Port,MA,41.635,-70.3063
Marstons Mills,MA,41.6703,-70.4163
Mashpee,MA,41.6181,-70.4854
North Chatham,MA,41.703,-69.9666
North Eastham,MA,41.8243,-69.9818
North Truro,MA,42.0338,-70.0875
Orleans,MA,41.7792,-69.9822
Osterville,MA,41.63,-70.3837
Provincetown,MA,42.0534,-70.1865
South Chatham,MA,41.6801,-70.0241
South Dennis,MA,41.7097,-70.1585
South Harwich,MA,41.6862,-70.0329
South Orleans,MA,41.7567,-69.9841
South Wellfleet,MA,41.9182,-69.9953
South Yarmouth,MA,41.6739,-70.1949
Truro,MA,41.9988,-70.0564
Wellfleet,MA,41.9289,-70.0186
West Barnstable,MA,41.7002,-70.372
West Chatham,MA,41.6812,-69.9911
West Dennis,MA,41.6626,-70.1681
West Harwich,MA,41.6694,-70.1135
West Hyannisport,MA,41.6356,-70.3233
West Yarmouth,MA,41.6614,-70.2363
Yarmouth Port,MA,41.7051,-70.227
East Otis,MA,42.1909,-73.0517
Pittsfield,MA,42.412967,-73.2347
Adams,MA,42.6223,-73.1172
Ashley Falls,MA,42.0596,-73.3202
Becket,MA,42.3594,-73.1203
Berkshire,MA,42.5126,-73.1929
Cheshire,MA,42.5611,-73.158
Dalton,MA,42.47435,-73.16325
Glendale,MA,42.2793,-73.3435
Great Barrington,MA,42.1959,-73.3607
Hinsdale,MA,42.4298,-73.0724
Housatonic,MA,42.2653,-73.3745
Lanesborough,MA,42.5173,-73.2282
Lee,MA,42.299,-73.2317
Lenox,MA,42.3642,-73.2713
Lenox Dale,MA,42.3386,-73.2509
Mill River,MA,42.1228,-73.254
Monterey,MA,42.1867,-73.2065
North Adams,MA,42.6955,-73.08
North Egremont,MA,42.1986,-73.4462
Otis,MA,42.1931,-73.0918
Richmond,MA,42.3784,-73.3645
Sandisfield,MA,42.1094,-73.1163
Savoy,MA,42.577,-73.0233
Sheffield,MA,42.1001,-73.3611
South Egremont,MA,42.1012,-73.4566
Southfield,MA,42.078,-73.2609
South Lee,MA,42.2779,-73.2773
Stockbridge,MA,42.34695,-73.2754
Tyringham,MA,42.22,-73.1979
West Stockbridge,MA,42.3348,-73.3825
Williamstown,MA,42.7089,-73.2036
Windsor,MA,42.515,-73.0412
Drury,MA,42.6427,-72.9862
Mansfield,MA,42.0212,-71.2178
Easton,MA,42.0235,-71.1324
North Easton,MA,42.06175,-71.0997
South Easton,MA,42.0257,-71.0988
Assonet,MA,41.7975,-71.0607
Attleboro,MA,41.9296,-71.3009
Chartley,MA,41.9487,-71.2259
Dartmouth,MA,41.7562,-71.0671
Dighton,MA,41.8125,-71.1427
East Freetown,MA,41.7635,-70.9677
East Taunton,MA,41.8736,-71.0192
Fairhaven,MA,41.6409,-70.8896
Fall River,MA,41.69712,-71.15208
Somerset,MA,41.73915,-71.1636
New Bedford,MA,41.645183,-70.9317
Acushnet,MA,41.6997,-70.9087
North Dartmouth,MA,41.6338,-70.9958
South Dartmouth,MA,41.5665,-70.9843
North Attleboro,MA,41.98045,-71.3313
Attleboro Falls,MA,41.9726,-71.3082
North Dighton,MA,41.8529,-71.1485
Norton,MA,41.9718,-71.1894
Raynham,MA,41.9324,-71.0469
Raynham Center,MA,41.7562,-71.0671
Rehoboth,MA,41.8515,-71.2545
Seekonk,MA,41.8378,-71.3224
Swansea,MA,41.7473,-71.2122
Berkley,MA,41.8353,-71.0765
Taunton,MA,41.8306,-71.08485
Westport,MA,41.6211,-71.089
Westport Point,MA,41.5223,-71.0745
Chilmark,MA,41.3575,-70.7416
Edgartown,MA,41.3889,-70.5339
Menemsha,MA,41.3798,-70.6431
Oak Bluffs,MA,41.4543,-70.562
Vineyard Haven,MA,41.45,-70.5937
West Tisbury,MA,41.4213,-70.6428
Cuttyhunk,MA,41.4218,-70.9313
Andover,MA,42.64992,-71.16922
Haverhill,MA,42.772175,-71.097
Georgetown,MA,42.7281,-70.9822
Groveland,MA,42.753,-71.027
Lawrence,MA,42.7044,-71.1636
Methuen,MA,42.728,-71.181
North Andover,MA,42.6826,-71.109
Merrimac,MA,42.8346,-71.0047
West Boxford,MA,42.707,-71.0639
Lynn,MA,42.468483,-70.9584
Saugus,MA,42.4633,-71.0111
Swampscott,MA,42.4746,-70.9098
Nahant,MA,42.4261,-70.9277
Amesbury,MA,42.8559,-70.9367
Beverly,MA,42.5608,-70.8759
Boxford,MA,42.6797,-71.0114
Byfield,MA,42.7568,-70.9351
Danvers,MA,42.5694,-70.9425
Essex,MA,42.6286,-70.7828
Gloucester,MA,42.61835,-70.66705
Hamilton,MA,42.6354,-70.8791
Hathorne,MA,42.5862,-70.9745
Ipswich,MA,42.6809,-70.8494
Lynnfield,MA,42.5327,-71.0339
Manchester,MA,42.5796,-70.7674
Marblehead,MA,42.4984,-70.8653
Middleton,MA,42.5942,-71.013
Newburyport,MA,42.813,-70.8847
Newbury,MA,42.7835,-70.8474
Salisbury,MA,42.8507,-70.8588
Peabody,MA,42.584,-70.92015
Prides Crossing,MA,42.5581,-70.8257
Rockport,MA,42.658,-70.6194
Rowley,MA,42.7138,-70.907
Salem,MA,42.57525,-70.8897
South Hamilton,MA,42.6185,-70.8561
Topsfield,MA,42.6415,-70.9488
Wenham,MA,42.6017,-70.8786
West Newbury,MA,42.7949,-70.9778
Leverett,MA,42.4682,-72.4993
Shutesbury,MA,42.482,-72.4213
Whately,MA,42.4427,-72.6525
Greenfield,MA,42.56175,-72.6239
Ashfield,MA,42.5232,-72.811
Bernardston,MA,42.6952,-72.5772
Buckland,MA,42.5736,-72.8213
Charlemont,MA,42.608,-72.8901
Colrain,MA,42.679,-72.7265
Conway,MA,42.5138,-72.7025
Deerfield,MA,42.5406,-72.6072
Erving,MA,42.6076,-72.4292
Heath,MA,42.6853,-72.8391
Lake Pleasant,MA,42.5566,-72.5181
Millers Falls,MA,42.582,-72.4926
Monroe Bridge,MA,42.7215,-72.9762
Montague,MA,42.5429,-72.5328
Gill,MA,42.6404,-72.4995
New Salem,MA,42.5146,-72.3062
Northfield,MA,42.6887,-72.451
Orange,MA,42.6129,-72.2924
Rowe,MA,42.6953,-72.9258
Shelburne Falls,MA,42.6022,-72.7391
South Deerfield,MA,42.4756,-72.6153
Sunderland,MA,42.4539,-72.5676
Turners Falls,MA,42.5954,-72.5557
Warwick,MA,42.6671,-72.3397
Wendell,MA,42.5656,-72.4009
Wendell Depot,MA,42.5534,-72.3927
Agawam,MA,42.0702,-72.6227
Blandford,MA,42.1829,-72.9361
Bondsville,MA,42.2061,-72.3405
Brimfield,MA,42.1165,-72.1885
Chester,MA,42.2794,-72.9888
Chicopee,MA,42.17198,-72.5896
East Longmeadow,MA,42.0672,-72.5056
Feeding Hills,MA,42.0718,-72.6751
Granville,MA,42.1127,-72.952
Hampden,MA,42.0648,-72.4318
Holyoke,MA,42.20315,-72.6212
Ludlow,MA,42.1728,-72.471
Monson,MA,42.101,-72.3196
Palmer,MA,42.1762,-72.3288
Russell,MA,42.1471,-72.8403
Southwick,MA,42.0511,-72.7706
Thorndike,MA,42.1929,-72.3296
Three Rivers,MA,42.1819,-72.3624
Wales,MA,42.0627,-72.2046
Westfield,MA,42.14925,-72.79875
West Springfield,MA,42.1429,-72.62295
Wilbraham,MA,42.1245,-72.4464
Woronoco,MA,42.164,-72.8295
Springfield,MA,42.124379,-72.572732
Longmeadow,MA,42.1107,-72.5862
Indian Orchard,MA,42.1532,-72.505
Holland,MA,42.0403,-72.1544
Amherst,MA,42.381167,-72.500867
Belchertown,MA,42.2751,-72.411
Chesterfield,MA,42.3923,-72.8256
Cummington,MA,42.4633,-72.9202
Easthampton,MA,42.2668,-72.669
Goshen,MA,42.4404,-72.7995
Granby,MA,42.2557,-72.52
Hadley,MA,42.3606,-72.5715
Hatfield,MA,42.3844,-72.6167
Haydenville,MA,42.3818,-72.7032
Huntington,MA,42.2653,-72.8733
Leeds,MA,42.3543,-72.7034
North Amherst,MA,42.4104,-72.5309
Northampton,MA,42.3366,-72.635833
Florence,MA,42.3219,-72.6928
North Hatfield,MA,42.4112,-72.6223
Plainfield,MA,42.5144,-72.9183
Southampton,MA,42.2247,-72.7194
South Hadley,MA,42.2375,-72.5811
Ware,MA,42.2618,-72.2583
West Chesterfield,MA,42.3903,-72.8709
West Hatfield,MA,42.3906,-72.6469
Williamsburg,MA,42.4085,-72.778
Worthington,MA,42.3843,-72.9314
Middlefield,MA,42.3561,-73.0104
Ashby,MA,42.6745,-71.8174
Ayer,MA,42.5591,-71.5788
Groton,MA,42.6116,-71.569133
Littleton,MA,42.5401,-71.4877
Pepperell,MA,42.6689,-71.5934
Shirley,MA,42.5734,-71.6483
Townsend,MA,42.6525,-71.6896
West Groton,MA,42.6043,-71.6273
West Townsend,MA,42.6678,-71.7522
Framingham,MA,42.38442,-71.44752
Acton,MA,42.4801,-71.44055
Boxborough,MA,42.4884,-71.5178
Ashland,MA,42.2539,-71.4583
Bedford,MA,42.4843,-71.2768
Hanscom Afb,MA,42.4567,-71.2795
Carlisle,MA,42.5286,-71.3519
Concord,MA,42.4567,-71.3747
Holliston,MA,42.2026,-71.4361
Hopkinton,MA,42.219,-71.5302
Hudson,MA,42.3918,-71.5609
Marlborough,MA,42.3509,-71.5434
Maynard,MA,42.4321,-71.455
Natick,MA,42.2875,-71.3574
Sherborn,MA,42.2331,-71.3787
Lincoln,MA,42.4217,-71.3137
Stow,MA,42.4308,-71.515
Sudbury,MA,42.3837,-71.4282
Wayland,MA,42.3486,-71.3588
Woodville,MA,42.2376,-71.562
Woburn,MA,42.4802,-71.153575
Burlington,MA,42.50685,-71.198
Billerica,MA,42.55515,-71.26035
Chelmsford,MA,42.5911,-71.3556
North Reading,MA,42.5762,-71.094333
Dracut,MA,42.6764,-71.3186
Dunstable,MA,42.6739,-71.4952
Lowell,MA,42.64092,-71.3176
North Billerica,MA,42.5757,-71.2902
North Chelmsford,MA,42.6347,-71.3908
Nutting Lake,MA,42.5379,-71.2689
Pinehurst,MA,42.5293,-71.2281
Reading,MA,42.528,-71.109
Tewksbury,MA,42.6028,-71.2232
Tyngsboro,MA,42.6724,-71.4158
Wakefield,MA,42.5009,-71.0685
Westford,MA,42.5864,-71.4401
Wilmington,MA,42.5581,-71.1723
Winchester,MA,42.453,-71.1441
Cambridge,MA,42.37345,-71.105967
Somerville,MA,42.3913,-71.105933
Malden,MA,42.4291,-71.0605
Everett,MA,42.4112,-71.0514
Medford,MA,42.41785,-71.10745
West Medford,MA,42.4223,-71.1328
Melrose,MA,42.4581,-71.0632
Stoneham,MA,42.4828,-71.0978
Boston,MA,42.352303,-71.038719
Lexington,MA,42.44945,-71.2216
Waltham,MA,42.37875,-71.236325
North Waltham,MA,42.3621,-71.2055
New Town,MA,42.4464,-71.4594
Newton,MA,42.3528,-71.1875
Newton Center,MA,42.3341,-71.1833
Newtonville,MA,42.352,-71.2084
Newton Highlands,MA,42.3168,-71.2084
Newton Lower Falls,MA,42.3299,-71.2562
Newton Upper Falls,MA,42.3129,-71.2195
West Newton,MA,42.3492,-71.2267
Auburndale,MA,42.3441,-71.248
Chestnut Hill,MA,42.3164,-71.1612
Waban,MA,42.3271,-71.2315
Watertown,MA,42.3706,-71.180967
Arlington,MA,42.4182,-71.16585
Arlington Heights,MA,42.4204,-71.1801
Belmont,MA,42.3959,-71.1787
Waverley,MA,42.3876,-71.1828
Weston,MA,42.3589,-71.3001
Nonantum,MA,42.3626,-71.2023
Nantucket,MA,41.27515,-70.0696
Siasconset,MA,41.2639,-69.9626
Bellingham,MA,42.0746,-71.4768
Canton,MA,42.1645,-71.1355
Cohasset,MA,42.2395,-70.8128
Dedham,MA,42.21185,-71.12645
Dover,MA,42.2362,-71.2854
East Walpole,MA,42.1532,-71.2179
Foxboro,MA,42.0649,-71.2441
Franklin,MA,42.0935,-71.4058
Medfield,MA,42.1845,-71.3048
Medway,MA,42.1514,-71.4217
Millis,MA,42.1669,-71.3607
Norfolk,MA,42.1177,-71.3269
Norwood,MA,42.1868,-71.2033
Sharon,MA,42.1094,-71.1759
Sheldonville,MA,42.0348,-71.387
South Walpole,MA,42.0992,-71.2752
Stoughton,MA,42.1253,-71.1074
Walpole,MA,42.1444,-71.2544
Westwood,MA,42.2148,-71.2104
Wrentham,MA,42.0617,-71.3396
Quincy,MA,42.2629,-71.0107
Braintree,MA,42.19465,-71.04275
Milton,MA,42.2537,-71.0771
Milton Village,MA,42.2668,-71.0717
Weymouth,MA,42.2113,-70.9582
East Weymouth,MA,42.214,-70.9203
South Weymouth,MA,42.1751,-70.9495
North Weymouth,MA,42.2459,-70.9467
Avon,MA,42.1258,-71.0437
Holbrook,MA,42.1464,-71.0083
Randolph,MA,42.1736,-71.0514
Brookline,MA,42.3345,-71.12855
Brookline Village,MA,42.3329,-71.1162
Babson Park,MA,42.2987,-71.2595
Wellesley Hills,MA,42.3106,-71.2747
Wellesley,MA,42.2945,-71.2992
Needham,MA,42.2798,-71.2501
Needham Heights,MA,42.2945,-71.2328
Plainville,MA,42.0124,-71.3275
Accord,MA,42.1745,-70.8837
Brant Rock,MA,42.0818,-70.6439
Greenbush,MA,42.1793,-70.7495
Green Harbor,MA,42.0696,-70.6491
Hingham,MA,42.23315,-70.89045
Hull,MA,42.2853,-70.8754
Humarock,MA,42.1428,-70.6935
Marshfield,MA,42.1062,-70.6993
Marshfield Hills,MA,42.1512,-70.7341
Minot,MA,42.2404,-70.762
North Marshfield,MA,42.1432,-70.7703
North Scituate,MA,42.219,-70.7856
Norwell,MA,42.1596,-70.8217
Ocean Bluff,MA,42.0972,-70.6516
Scituate,MA,42.2032,-70.7525
Brockton,MA,42.08286,-71.01908
Bridgewater,MA,41.9823,-70.97255
Bryantville,MA,42.0407,-70.8272
Carver,MA,41.8883,-70.7678
Duxbury,MA,42.0052,-70.70885
East Bridgewater,MA,42.0315,-70.945
Elmwood,MA,42.0098,-70.962
Halifax,MA,42.0002,-70.8448
Hanover,MA,42.11755,-70.83655
Hanson,MA,42.0616,-70.8651
Middleboro,MA,41.8916,-70.905133
Manomet,MA,41.8882,-70.581
Lakeville,MA,41.84165,-70.95385
Monponsett,MA,42.0185,-70.8475
Abington,MA,42.1167,-70.9543
North Carver,MA,41.9169,-70.8013
North Pembroke,MA,42.0932,-70.7925
Pembroke,MA,42.0621,-70.8044
Plymouth,MA,41.946433,-70.670233
Kingston,MA,41.995,-70.741
South Carver,MA,41.8501,-70.7044
Plympton,MA,41.9655,-70.8046
Rockland,MA,42.1293,-70.9133
West Bridgewater,MA,42.0255,-71.0161
White Horse Beach,MA,41.9316,-70.5611
Whitman,MA,42.0816,-70.9381
East Wareham,MA,41.7682,-70.6532
Onset,MA,41.7476,-70.6582
Wareham,MA,41.7541,-70.7116
West Wareham,MA,41.7796,-70.7642
Marion,MA,41.7095,-70.7613
Mattapoisett,MA,41.6618,-70.8164
Rochester,MA,41.7591,-70.8523
Roxbury,MA,42.3251,-71.0953
Roxbury Crossing,MA,42.3307,-71.0912
Dorchester,MA,42.2973,-71.0745
Dorchester Center,MA,42.2918,-71.0717
Mattapan,MA,42.2739,-71.0939
Charlestown,MA,42.3778,-71.0627
Jamaica Plain,MA,42.3126,-71.1115
Roslindale,MA,42.2836,-71.1295
West Roxbury,MA,42.2787,-71.1589
Allston,MA,42.3535,-71.1329
Brighton,MA,42.3478,-71.1566
Hyde Park,MA,42.254,-71.1261
Readville,MA,42.2404,-71.137
Chelsea,MA,42.3963,-71.0325
Revere,MA,42.4138,-71.0052
Winthrop,MA,42.3763,-70.98
Barre,MA,42.4097,-72.1084
Gilbertville,MA,42.3322,-72.1986
Hardwick,MA,42.3479,-72.2253
Oakham,MA,42.348,-72.0513
South Barre,MA,42.3854,-72.0954
Warren,MA,42.204,-72.1994
West Warren,MA,42.2029,-72.229
Wheelwright,MA,42.3582,-72.1408
Athol,MA,42.5959,-72.2267
Petersham,MA,42.4898,-72.1893
Royalston,MA,42.6722,-72.1964
Fitchburg,MA,42.5796,-71.8031
Ashburnham,MA,42.6496,-71.9267
Devens,MA,42.5385,-71.6115
Baldwinville,MA,42.5936,-72.0646
East Templeton,MA,42.5631,-72.037
Gardner,MA,42.574,-71.9898
Westminster,MA,42.5471,-71.9101
Harvard,MA,42.4986,-71.5753
Hubbardston,MA,42.4865,-72.0012
Leominster,MA,42.5274,-71.7563
Lunenburg,MA,42.5884,-71.7266
Still River,MA,42.4871,-71.6131
Templeton,MA,42.546,-72.065
Winchendon,MA,42.6789,-72.0475
Auburn,MA,42.2055,-71.8391
Berlin,MA,42.3844,-71.6356
Blackstone,MA,42.0287,-71.5269
Boylston,MA,42.3377,-71.731
Brookfield,MA,42.1991,-72.0989
Charlton,MA,42.1379,-71.9664
Charlton City,MA,42.1459,-71.9884
Charlton Depot,MA,42.1731,-71.9787
Clinton,MA,42.4181,-71.6828
East Brookfield,MA,42.2193,-72.0481
Douglas,MA,42.0528,-71.7509
Fiskdale,MA,42.1228,-72.1178
Grafton,MA,42.2004,-71.6868
Holden,MA,42.342,-71.8414
Jefferson,MA,42.3755,-71.8706
Lancaster,MA,42.451,-71.6868
Leicester,MA,42.237,-71.9188
Linwood,MA,42.0973,-71.6448
Manchaug,MA,42.0945,-71.7476
Millbury,MA,42.1968,-71.7644
Millville,MA,42.0331,-71.5798
New Braintree,MA,42.3198,-72.1306
Northborough,MA,42.3182,-71.6464
Northbridge,MA,42.1494,-71.6564
North Brookfield,MA,42.2665,-72.0821
North Grafton,MA,42.2297,-71.7037
North Oxford,MA,42.1655,-71.886
North Uxbridge,MA,42.0876,-71.6412
Oxford,MA,42.1129,-71.8687
Princeton,MA,42.4508,-71.8762
Rochdale,MA,42.1997,-71.9069
Rutland,MA,42.3762,-71.949
Shrewsbury,MA,42.3248,-71.8087
Southbridge,MA,42.075,-72.0353
South Grafton,MA,42.176,-71.6927
South Lancaster,MA,42.4435,-71.6861
Spencer,MA,42.2441,-71.9906
Sterling,MA,42.4354,-71.7752
Sturbridge,MA,42.1126,-72.0842
Upton,MA,42.1756,-71.6032
Uxbridge,MA,42.0744,-71.6329
Webster,MA,42.0521,-71.8486
Dudley,MA,42.0489,-71.8932
Westborough,MA,42.2679,-71.6176
West Boylston,MA,42.3584,-71.7838
West Brookfield,MA,42.2441,-72.1511
West Millbury,MA,42.1712,-71.8037
Whitinsville,MA,42.1153,-71.6644
Sutton,MA,42.1266,-71.7552
Worcester,MA,42.280333,-71.81828
Cherry Valley,MA,42.2373,-71.875
Paxton,MA,42.3066,-71.9202
Bolton,MA,42.4365,-71.6076
Fayville,MA,42.2934,-71.5028
Hopedale,MA,42.1268,-71.5376
Mendon,MA,42.0967,-71.5499
Milford,MA,42.1511,-71.5274
Southborough,MA,42.2939,-71.532
Cumberland,MD,39.61594,-78.78068
Barton,MD,39.5331,-79.0281
Corriganville,MD,39.6967,-78.8031
Eckhart Mines,MD,39.6528,-78.9014
Ellerslie,MD,39.7083,-78.7774
Flintstone,MD,39.6993,-78.5739
Frostburg,MD,39.6494,-78.9306
Lonaconing,MD,39.5757,-78.9915
Luke,MD,39.4774,-79.0594
Midland,MD,39.5901,-78.9497
Midlothian,MD,39.6343,-78.95
Mount Savage,MD,39.6991,-78.8739
Oldtown,MD,39.5846,-78.6044
Pinto,MD,39.5725,-78.844
Rawlings,MD,39.5214,-78.9062
Spring Gap,MD,39.5654,-78.7164
Westernport,MD,39.4905,-79.014
Little Orleans,MD,39.6876,-78.3781
Lothian,MD,38.8029,-76.6628
Laurel,MD,39.096014,-76.844343
Churchton,MD,38.8018,-76.5248
Deale,MD,38.7829,-76.5515
Fort George G Meade,MD,39.1059,-76.7467
Friendship,MD,38.7361,-76.5835
Shady Side,MD,38.8368,-76.5109
Galesville,MD,38.8446,-76.5456
Harwood,MD,38.8582,-76.6145
West River,MD,38.8252,-76.5391
Tracys Landing,MD,38.7671,-76.5752
Arnold,MD,39.0476,-76.4941
Crownsville,MD,39.0489,-76.5935
Davidsonville,MD,38.9374,-76.6375
Edgewater,MD,38.9149,-76.5424
Gambrills,MD,39.0407,-76.6819
Gibson Island,MD,39.0751,-76.4324
Glen Burnie,MD,39.102067,-76.601467
Hanover,MD,39.1551,-76.7215
Harmans,MD,39.1561,-76.6977
Linthicum Heights,MD,39.2092,-76.6681
Mayo,MD,38.8876,-76.5119
Millersville,MD,39.1041,-76.619
Odenton,MD,39.0762,-76.6996
Crofton,MD,39.0112,-76.6802
Pasadena,MD,39.0474,-76.54495
Riva,MD,38.9504,-76.5854
Severn,MD,39.1275,-76.698
Severna Park,MD,39.0811,-76.5577
Brooklyn,MD,39.2259,-76.6153
Curtis Bay,MD,39.2109,-76.5597
Baltimore,MD,39.301857,-76.620995
Annapolis,MD,38.991025,-76.522975
Baldwin,MD,39.5194,-76.4927
Boring,MD,39.5213,-76.8047
Brooklandville,MD,39.3979,-76.6717
Butler,MD,39.533,-76.7432
Chase,MD,39.3634,-76.3711
Cockeysville,MD,39.4919,-76.6677
Hunt Valley,MD,39.4844,-76.65455
Fork,MD,39.4731,-76.4484
Fort Howard,MD,39.207,-76.4456
Freeland,MD,39.694,-76.7223
Glen Arm,MD,39.4575,-76.5153
Glyndon,MD,39.477,-76.815
Hydes,MD,39.474,-76.4695
Kingsville,MD,39.4558,-76.4147
Long Green,MD,39.4729,-76.523
Lutherville Timonium,MD,39.4361,-76.62335
Maryland Line,MD,39.7114,-76.6595
Monkton,MD,39.5662,-76.5979
Owings Mills,MD,39.4269,-76.7769
Parkton,MD,39.6422,-76.6737
Perry Hall,MD,39.401,-76.451
Phoenix,MD,39.4833,-76.5776
Randallstown,MD,39.3746,-76.8002
Reisterstown,MD,39.46,-76.8135
Riderwood,MD,39.4093,-76.6486
Sparks Glencoe,MD,39.5483,-76.6819
Stevenson,MD,39.4104,-76.713
Upperco,MD,39.5676,-76.7972
Upper Falls,MD,39.4372,-76.3966
White Marsh,MD,39.3923,-76.4132
Woodstock,MD,39.3498,-76.8456
Towson,MD,39.4052,-76.59712
Gwynn Oak,MD,39.3296,-76.7341
Pikesville,MD,39.37535,-76.72575
Sparrows Point,MD,39.2296,-76.4455
Middle River,MD,39.3401,-76.4153
Essex,MD,39.3086,-76.4533
Dundalk,MD,39.2655,-76.4935
Halethorpe,MD,39.2309,-76.6969
Catonsville,MD,39.2782,-76.7401
Parkville,MD,39.3876,-76.5418
Nottingham,MD,39.3914,-76.4871
Rosedale,MD,39.3361,-76.5014
Windsor Mill,MD,39.3331,-76.7849
Barstow,MD,38.5254,-76.6161
Broomes Island,MD,38.418,-76.5478
Dowell,MD,38.3364,-76.4524
Huntingtown,MD,38.6095,-76.6003
Lusby,MD,38.3661,-76.4346
Port Republic,MD,38.4952,-76.5349
Prince Frederick,MD,38.5336,-76.5955
Saint Leonard,MD,38.4501,-76.511
Solomons,MD,38.3293,-76.4651
Sunderland,MD,38.649,-76.5767
North Beach,MD,38.7119,-76.5367
Chesapeake Beach,MD,38.6698,-76.5376
Owings,MD,38.6955,-76.6061
Dunkirk,MD,38.7408,-76.6427
Bethlehem,MD,38.7406,-75.9587
Denton,MD,38.8595,-75.8357
Federalsburg,MD,38.7147,-75.7754
Goldsboro,MD,39.023,-75.7926
Greensboro,MD,38.9616,-75.8059
Henderson,MD,39.0672,-75.7948
Hillsboro,MD,38.9206,-75.9388
Marydel,MD,39.1082,-75.7622
Preston,MD,38.7465,-75.9163
Ridgely,MD,38.9568,-75.8848
Templeville,MD,39.1362,-75.766
Finksburg,MD,39.4991,-76.9101
Hampstead,MD,39.6146,-76.8644
Lineboro,MD,39.7187,-76.8439
Manchester,MD,39.6747,-76.8941
Marriottsville,MD,39.3342,-76.9132
Westminster,MD,39.5856,-77.00505
Keymar,MD,39.5656,-77.2817
New Windsor,MD,39.5162,-77.1034
Sykesville,MD,39.4567,-76.9696
Taneytown,MD,39.6658,-77.1691
Union Bridge,MD,39.5799,-77.1319
Woodbine,MD,39.3464,-77.0647
North East,MD,39.6045,-75.9538
Perry Point,MD,39.553,-76.0725
Perryville,MD,39.5649,-76.0592
Port Deposit,MD,39.6151,-76.0633
Rising Sun,MD,39.6882,-76.0492
Warwick,MD,39.4283,-75.7996
Cecilton,MD,39.4015,-75.8654
Charlestown,MD,39.5729,-75.9795
Chesapeake City,MD,39.5133,-75.8406
Childs,MD,39.6462,-75.8716
Colora,MD,39.6695,-76.0934
Conowingo,MD,39.6778,-76.1572
Earleville,MD,39.4271,-75.9403
Elk Mills,MD,39.658,-75.8282
Elkton,MD,39.6166,-75.83955
Georgetown,MD,39.3662,-75.8845
Waldorf,MD,38.59,-76.93265
Bel Alton,MD,38.4731,-76.9789
Benedict,MD,38.5093,-76.6797
Bryans Road,MD,38.6415,-77.0766
Bryantown,MD,38.5426,-76.8465
Cobb Island,MD,38.262,-76.8502
Faulkner,MD,38.4382,-76.9729
Hughesville,MD,38.5207,-76.7817
Indian Head,MD,38.6001,-77.1622
Ironsides,MD,38.5039,-77.1483
Issue,MD,38.2926,-76.9059
La Plata,MD,38.5257,-76.9865
Marbury,MD,38.5633,-77.1596
Mount Victoria,MD,38.3436,-76.8846
Nanjemoy,MD,38.4462,-77.1983
Newburg,MD,38.3298,-76.9175
Pomfret,MD,38.5855,-77.0093
Port Tobacco,MD,38.4994,-77.0419
Rock Point,MD,38.2836,-76.8481
Welcome,MD,38.4672,-77.095
White Plains,MD,38.5974,-76.9903
Cambridge,MD,38.5643,-76.0874
Church Creek,MD,38.4278,-76.1696
Crapo,MD,38.3295,-76.1142
Crocheron,MD,38.2426,-76.0531
East New Market,MD,38.5921,-75.9568
Fishing Creek,MD,38.3223,-76.2244
Hurlock,MD,38.6438,-75.863
Madison,MD,38.4782,-76.2412
Rhodesdale,MD,38.603,-75.7749
Secretary,MD,38.6093,-75.9474
Taylors Island,MD,38.4631,-76.2964
Toddville,MD,38.2726,-76.0596
Wingate,MD,38.2899,-76.0863
Woolford,MD,38.5026,-76.1833
Linkwood,MD,38.5403,-75.963
Vienna,MD,38.4774,-75.8729
Frederick,MD,39.4222,-77.4076
Adamstown,MD,39.291,-77.4552
Braddock Heights,MD,39.4203,-77.5051
Brunswick,MD,39.3164,-77.623
Buckeystown,MD,39.3309,-77.4274
Burkittsville,MD,39.3923,-77.6275
Emmitsburg,MD,39.694,-77.3357
Ijamsville,MD,39.3267,-77.2964
Jefferson,MD,39.3653,-77.5441
Knoxville,MD,39.3479,-77.6513
Ladiesburg,MD,39.5694,-77.2905
Libertytown,MD,39.4822,-77.2468
Middletown,MD,39.4416,-77.5502
Monrovia,MD,39.3512,-77.2494
Mount Airy,MD,39.3881,-77.1723
Myersville,MD,39.5282,-77.5513
New Market,MD,39.4096,-77.2759
New Midway,MD,39.5645,-77.2947
Point Of Rocks,MD,39.2791,-77.5328
Rocky Ridge,MD,39.6057,-77.3296
Sabillasville,MD,39.6828,-77.4693
Thurmont,MD,39.6109,-77.3989
Tuscarora,MD,39.2667,-77.5101
Unionville,MD,39.4748,-77.1855
Walkersville,MD,39.4787,-77.3484
Woodsboro,MD,39.5311,-77.2972
Accident,MD,39.6355,-79.3085
Bittinger,MD,39.6023,-79.2234
Bloomington,MD,39.4861,-79.083
Friendsville,MD,39.6665,-79.4219
Grantsville,MD,39.6551,-79.1241
Kitzmiller,MD,39.4169,-79.2222
Mc Henry,MD,39.5656,-79.3823
Oakland,MD,39.4339,-79.3167
Swanton,MD,39.4764,-79.2402
Aberdeen,MD,39.5109,-76.1805
Aberdeen Proving Ground,MD,39.4771,-76.1208
Abingdon,MD,39.4744,-76.2997
Gunpowder,MD,39.3982,-76.2743
Bel Air,MD,39.53485,-76.33585
Belcamp,MD,39.4756,-76.242
Benson,MD,39.5093,-76.3851
Churchville,MD,39.5648,-76.249
Darlington,MD,39.654,-76.2278
Edgewood,MD,39.4277,-76.3055
Fallston,MD,39.527,-76.4328
Forest Hill,MD,39.5755,-76.4008
Havre De Grace,MD,39.5523,-76.1171
Jarrettsville,MD,39.6162,-76.4684
Joppa,MD,39.4242,-76.3541
Perryman,MD,39.4716,-76.2117
Pylesville,MD,39.6959,-76.4113
Street,MD,39.6574,-76.3713
Whiteford,MD,39.7077,-76.316
White Hall,MD,39.6618,-76.5666
Dhs,MD,38.7504,-76.8544
Annapolis Junction,MD,39.1332,-76.7988
Fulton,MD,39.1502,-76.93
Savage,MD,39.138,-76.8218
Highland,MD,39.1843,-76.9686
Jessup,MD,39.1484,-76.7922
Clarksville,MD,39.2125,-76.9515
Dayton,MD,39.2339,-76.9968
Ellicott City,MD,39.2546,-76.8678
Columbia,MD,39.196467,-76.854933
Elkridge,MD,39.2058,-76.7531
Simpsonville,MD,39.2364,-76.9419
Cooksville,MD,39.3211,-77.0051
Glenelg,MD,39.2546,-77.0198
Glenwood,MD,39.2795,-77.0148
Lisbon,MD,39.3378,-77.072
West Friendship,MD,39.2934,-76.966
Betterton,MD,39.3655,-76.0639
Chestertown,MD,39.12355,-76.08615
Galena,MD,39.3374,-75.8717
Kennedyville,MD,39.2978,-75.9818
Massey,MD,39.3126,-75.8215
Millington,MD,39.2743,-75.8951
Rock Hall,MD,39.1344,-76.2305
Still Pond,MD,39.3293,-76.0455
Worton,MD,39.2963,-76.1008
Bethesda,MD,39.042609,-77.146091
Glen Echo,MD,38.9693,-77.1435
Chevy Chase,MD,38.99045,-77.0766
Cabin John,MD,38.9743,-77.1591
Olney,MD,39.1539,-77.0708
Brookeville,MD,39.1871,-77.0603
Poolesville,MD,39.1386,-77.4067
Barnesville,MD,39.2233,-77.3764
Beallsville,MD,39.179,-77.4128
Boyds,MD,39.21,-77.3167
Dickerson,MD,39.2126,-77.4199
Rockville,MD,39.0872,-77.1466
Potomac,MD,39.0914,-77.1999
Derwood,MD,39.1345,-77.1477
Sandy Spring,MD,39.1503,-77.0291
Ashton,MD,39.151,-76.9924
Brinklow,MD,39.1838,-77.0163
Burtonsville,MD,39.0922,-76.9339
Spencerville,MD,39.1223,-76.9722
Clarksburg,MD,39.2387,-77.2794
Damascus,MD,39.2761,-77.2131
Germantown,MD,39.155833,-77.241867
Gaithersburg,MD,39.151656,-77.196511
Washington Grove,MD,39.1388,-77.1726
Montgomery Village,MD,39.1757,-77.1873
Kensington,MD,39.02775,-77.07785
Garrett Park,MD,39.0365,-77.0931
Suburb Maryland Fac,MD,39.144,-77.2076
Silver Spring,MD,39.018225,-77.020588
Takoma Park,MD,38.98055,-77.0041
Accokeek,MD,38.672,-77.0162
Aquasco,MD,38.5825,-76.7149
Brandywine,MD,38.6922,-76.832
Cheltenham,MD,38.7531,-76.8369
Southern Md Facility,MD,38.8336,-76.8777
Lanham,MD,38.90055,-76.8664
Beltsville,MD,39.04015,-76.91585
Bladensburg,MD,38.9421,-76.9261
Mount Rainier,MD,38.9431,-76.9652
Bowie,MD,38.9021,-76.809214
Brentwood,MD,38.9407,-76.9531
Capitol Heights,MD,38.85512,-76.88828
Clinton,MD,38.7549,-76.9026
Riverdale,MD,38.89685,-76.8962
College Park,MD,38.939833,-76.917767
Fort Washington,MD,38.79615,-76.9306
Oxon Hill,MD,38.8071,-76.98975
Suitland,MD,38.8456,-76.92305
District Heights,MD,38.84375,-76.8834
Temple Hills,MD,38.8181,-76.94665
Andrews Air Force Base,MD,38.8062,-76.8756
Greenbelt,MD,39.002933,-76.878333
Glenn Dale,MD,38.9766,-76.8053
Upper Marlboro,MD,38.83424,-76.7982
Hyattsville,MD,38.9637,-76.9395
Barclay,MD,39.1299,-75.8601
Centreville,MD,39.0564,-76.045
Chester,MD,38.9583,-76.2842
Church Hill,MD,39.146,-75.988
Crumpton,MD,39.233,-75.9195
Grasonville,MD,38.9456,-76.1997
Ingleside,MD,39.1182,-75.8769
Price,MD,39.0346,-76.0921
Queen Anne,MD,38.9456,-75.9777
Queenstown,MD,39.0025,-76.1424
Stevensville,MD,38.9394,-76.3371
Sudlersville,MD,39.1823,-75.85
Abell,MD,38.2471,-76.7481
Avenue,MD,38.2826,-76.7466
Bushwood,MD,38.2844,-76.7929
California,MD,38.3006,-76.5312
Callaway,MD,38.2275,-76.521
Chaptico,MD,38.351,-76.7833
Charlotte Hall,MD,38.475,-76.8038
Clements,MD,38.3407,-76.7264
Coltons Point,MD,38.237,-76.7646
Compton,MD,38.2768,-76.704
Dameron,MD,38.1533,-76.3575
Drayden,MD,38.1719,-76.4731
Great Mills,MD,38.2674,-76.4954
Helen,MD,38.3121,-76.6077
Hollywood,MD,38.3524,-76.5626
Leonardtown,MD,38.2774,-76.638
Lexington Park,MD,38.2495,-76.4529
Loveville,MD,38.3593,-76.6833
Mechanicsville,MD,38.4293,-76.7254
Morganza,MD,38.3754,-76.6955
Park Hall,MD,38.2177,-76.4429
Patuxent River,MD,38.2791,-76.4381
Piney Point,MD,38.1397,-76.5047
Ridge,MD,38.1169,-76.3711
Saint Inigoes,MD,38.1441,-76.4083
Saint Marys City,MD,38.1871,-76.4344
Scotland,MD,38.0828,-76.3477
Tall Timbers,MD,38.1653,-76.5399
Valley Lee,MD,38.1899,-76.5087
Crisfield,MD,37.9845,-75.8429
Deal Island,MD,38.1533,-75.9496
Ewell,MD,37.9938,-76.0351
Manokin,MD,38.1154,-75.7558
Marion Station,MD,38.0266,-75.7579
Princess Anne,MD,38.1919,-75.7072
Rehobeth,MD,38.039,-75.663
Tylerton,MD,37.9666,-76.0235
Upper Fairmount,MD,38.104,-75.7913
Westover,MD,38.09685,-75.8144
Easton,MD,38.7768,-76.0758
Bozman,MD,38.7515,-76.2764
Claiborne,MD,38.8368,-76.2714
Cordova,MD,38.8704,-76.0029
Mcdaniel,MD,38.8192,-76.2806
Neavitt,MD,38.7246,-76.2824
Newcomb,MD,38.7518,-76.178
Oxford,MD,38.6864,-76.1538
Royal Oak,MD,38.714,-76.2097
Saint Michaels,MD,38.783,-76.2215
Sherwood,MD,38.7374,-76.3278
Tilghman,MD,38.7063,-76.3377
Trappe,MD,38.6647,-76.0507
Wittman,MD,38.7846,-76.3001
Wye Mills,MD,38.9281,-76.0814
Big Pool,MD,39.6457,-78.0104
Boonsboro,MD,39.552,-77.6957
Brownsville,MD,39.3869,-77.658
Cascade,MD,39.6958,-77.4955
Cavetown,MD,39.6473,-77.5842
Chewsville,MD,39.6425,-77.6372
Clear Spring,MD,39.6658,-77.9064
Fairplay,MD,39.5594,-77.7604
Funkstown,MD,39.609,-77.7044
Hagerstown,MD,39.62975,-77.718317
Hancock,MD,39.6991,-78.1762
Keedysville,MD,39.4563,-77.6944
Maugansville,MD,39.6996,-77.7499
Rohrersville,MD,39.4431,-77.658
Saint James,MD,39.5699,-77.7607
Sharpsburg,MD,39.4424,-77.7511
Smithsburg,MD,39.647,-77.5706
Williamsport,MD,39.593,-77.8087
Salisbury,MD,38.3775,-75.60565
Allen,MD,38.2873,-75.688
Bivalve,MD,38.2953,-75.8914
Fruitland,MD,38.3225,-75.6228
Hebron,MD,38.4026,-75.6963
Mardela Springs,MD,38.4864,-75.7414
Nanticoke,MD,38.2672,-75.9021
Parsonsburg,MD,38.3914,-75.4737
Pittsville,MD,38.3755,-75.4076
Powellville,MD,38.3287,-75.3755
Quantico,MD,38.3339,-75.7851
Sharptown,MD,38.5389,-75.7192
Tyaskin,MD,38.2833,-75.8465
Willards,MD,38.3939,-75.3552
Delmar,MD,38.4445,-75.5583
Berlin,MD,38.3475,-75.1866
Bishopville,MD,38.4296,-75.1855
Eden,MD,38.2807,-75.651
Girdletree,MD,38.0958,-75.3902
Newark,MD,38.2489,-75.2893
Ocean City,MD,38.3365,-75.0849
Pocomoke City,MD,38.0714,-75.555
Showell,MD,38.4003,-75.2166
Snow Hill,MD,38.1868,-75.405
Stockton,MD,38.0452,-75.4108
Whaleyville,MD,38.4121,-75.2811
Auburn,ME,44.162933,-70.239333
Durham,ME,43.9684,-70.1846
Danville,ME,44.0239,-70.2857
East Livermore,ME,44.3994,-70.1303
East Poland,ME,44.0627,-70.327
Greene,ME,44.1891,-70.1455
Lewiston,ME,44.164167,-70.223533
Lisbon,ME,44.0255,-70.1139
Lisbon Falls,ME,43.9978,-70.0734
Livermore,ME,44.4079,-70.215
Livermore Falls,ME,44.4325,-70.1427
Mechanic Falls,ME,44.1117,-70.3917
Minot,ME,44.1461,-70.3399
Leeds,ME,44.2834,-70.1253
North Turner,ME,44.358,-70.2558
Poland,ME,44.0474,-70.3899
Sabattus,ME,44.1133,-70.0748
Turner,ME,44.2557,-70.2494
West Minot,ME,44.1712,-70.3659
West Poland,ME,44.0409,-70.453
Orient,ME,45.8911,-67.8471
Wytopitlock,ME,45.6645,-68.1055
Houlton,ME,46.1189,-67.863
Ashland,ME,46.6184,-68.3876
Benedicta,ME,45.8125,-68.4089
Blaine,ME,46.5048,-67.8686
Bridgewater,ME,46.4222,-67.8415
Caribou,ME,46.8706,-68.0204
Clayton Lake,ME,46.6109,-69.5223
Crouseville,ME,46.755,-68.0964
Eagle Lake,ME,47.01,-68.691
Easton,ME,46.6357,-67.9018
Estcourt Station,ME,47.4589,-69.2243
Fort Fairfield,ME,46.7623,-67.8402
Fort Kent,ME,47.2587,-68.5895
Fort Kent Mills,ME,47.2389,-68.5839
Frenchville,ME,47.2826,-68.3917
Grand Isle,ME,47.3044,-68.1542
Island Falls,ME,46.0169,-68.2667
Limestone,ME,46.90885,-67.9047
Madawaska,ME,47.3294,-68.3328
Mapleton,ME,46.6746,-68.1536
Mars Hill,ME,46.5223,-67.863
Monticello,ME,46.3007,-67.8414
New Limerick,ME,46.1004,-68.0034
New Sweden,ME,46.9559,-68.1154
Oakfield,ME,46.1088,-68.1298
Oxbow,ME,46.402,-68.5218
Perham,ME,46.8816,-68.2391
Portage,ME,46.7753,-68.4877
Presque Isle,ME,46.6842,-68.0118
Saint Agatha,ME,47.2387,-68.3232
Saint David,ME,47.3343,-68.2314
Saint Francis,ME,47.1407,-68.9503
Sheridan,ME,46.6573,-68.405
Sherman,ME,45.8731,-68.3847
Sinclair,ME,47.1222,-68.323
Smyrna Mills,ME,46.1464,-68.2064
Wallagrass,ME,47.1295,-68.5973
Stockholm,ME,47.0423,-68.1395
Van Buren,ME,47.1589,-67.9459
Washburn,ME,46.7883,-68.1338
Westfield,ME,46.5945,-67.9302
Bailey Island,ME,43.7341,-69.9952
Bridgton,ME,44.052,-70.7241
Brunswick,ME,43.8973,-69.9779
Bustins Island,ME,43.799,-70.0698
Casco,ME,43.9596,-70.526
Chebeague Island,ME,43.7354,-70.1169
Cliff Island,ME,43.6955,-70.1071
Cumberland Center,ME,43.7974,-70.2649
East Baldwin,ME,43.8646,-70.6922
Sebago,ME,43.9017,-70.6878
Freeport,ME,43.857,-70.1031
Gorham,ME,43.6843,-70.468
Gray,ME,43.8942,-70.3429
Harrison,ME,44.1071,-70.6539
Long Island,ME,43.692,-70.1551
Naples,ME,43.9681,-70.5988
North Bridgton,ME,44.0987,-70.6987
Windham,ME,43.7958,-70.4143
Orrs Island,ME,43.7727,-69.9668
Pownal,ME,43.89,-70.1955
Scarborough,ME,43.58025,-70.30965
Raymond,ME,43.9219,-70.4498
South Casco,ME,43.91,-70.5245
South Freeport,ME,43.8208,-70.1208
Harpswell,ME,43.7811,-69.9955
South Windham,ME,43.7362,-70.4237
Standish,ME,43.8142,-70.4807
Steep Falls,ME,43.7719,-70.6396
West Baldwin,ME,43.8299,-70.749
Westbrook,ME,43.68065,-70.3646
Yarmouth,ME,43.8009,-70.175
North Yarmouth,ME,43.838,-70.2001
Portland,ME,43.666022,-70.256833
Falmouth,ME,43.734,-70.2625
South Portland,ME,43.63665,-70.2559
Cape Elizabeth,ME,43.6017,-70.2301
Peaks Island,ME,43.6589,-70.194
Cumberland Foreside,ME,43.759,-70.1993
New Gloucester,ME,43.9608,-70.2974
Dryden,ME,44.6027,-70.2265
East Dixfield,ME,44.5734,-70.3037
East Wilton,ME,44.6159,-70.1928
Jay,ME,44.516,-70.2099
North Jay,ME,44.5473,-70.2381
Weld,ME,44.7016,-70.4249
Wilton,ME,44.5928,-70.2281
Eustis,ME,45.3356,-70.6283
Farmington,ME,44.6653,-70.1329
Farmington Falls,ME,44.6226,-70.0752
Kingfield,ME,44.9854,-70.1832
New Sharon,ME,44.6458,-70.0139
New Vineyard,ME,44.7967,-70.122
Oquossoc,ME,44.9664,-70.7737
Phillips,ME,44.8375,-70.3601
Rangeley,ME,44.9631,-70.6658
Stratton,ME,45.1116,-70.423
Strong,ME,44.8224,-70.2221
Temple,ME,44.6954,-70.2426
West Farmington,ME,44.6628,-70.153
Aurora,ME,44.8861,-68.2959
Bucksport,ME,44.6015,-68.7768
Castine,ME,44.4143,-68.79545
East Orland,ME,44.5612,-68.6647
Orland,ME,44.5458,-68.7313
Penobscot,ME,44.4645,-68.7111
Ellsworth,ME,44.5548,-68.4121
Gouldsboro,ME,44.4731,-68.0899
Bar Harbor,ME,44.3738,-68.2448
Bernard,ME,44.2415,-68.358
Birch Harbor,ME,44.3842,-68.0317
Blue Hill,ME,44.4343,-68.5885
Brooklin,ME,44.2541,-68.5565
Brooksville,ME,44.3756,-68.7313
Corea,ME,44.4053,-67.985
Cranberry Isles,ME,44.2484,-68.2603
Deer Isle,ME,44.234,-68.6448
East Blue Hill,ME,44.4176,-68.5225
Franklin,ME,44.6087,-68.2417
Frenchboro,ME,44.1181,-68.3625
Hancock,ME,44.5046,-68.2402
Harborside,ME,44.334,-68.8042
Hulls Cove,ME,44.4192,-68.2506
Islesford,ME,44.262,-68.2339
Little Deer Isle,ME,44.2847,-68.7058
Bass Harbor,ME,44.2401,-68.3439
Mount Desert,ME,44.3347,-68.3087
Northeast Harbor,ME,44.2941,-68.2849
Sullivan,ME,44.5458,-68.1279
Prospect Harbor,ME,44.411,-68.0141
Salsbury Cove,ME,44.4306,-68.2836
Sargentville,ME,44.3136,-68.6863
Seal Cove,ME,44.2859,-68.3986
Seal Harbor,ME,44.299,-68.2463
Sedgwick,ME,44.3355,-68.6377
Sorrento,ME,44.4907,-68.1787
Southwest Harbor,ME,44.2823,-68.3265
Stonington,ME,44.1752,-68.6746
Sunset,ME,44.2059,-68.7047
Surry,ME,44.4883,-68.5063
Swans Island,ME,44.1451,-68.4517
Winter Harbor,ME,44.39,-68.0843
Monmouth,ME,44.2208,-70.0263
North Monmouth,ME,44.2753,-70.0367
Wayne,ME,44.3493,-70.0712
Augusta,ME,44.33484,-69.77908
East Winthrop,ME,44.3217,-69.8964
Farmingdale,ME,44.2523,-69.7913
Gardiner,ME,44.207,-69.7858
Randolph,ME,44.2347,-69.7506
Hallowell,ME,44.2864,-69.8057
Kents Hill,ME,44.4383,-70.0748
Litchfield,ME,44.1634,-69.9581
Manchester,ME,44.358,-69.867
Mount Vernon,ME,44.4993,-69.9903
Readfield,ME,44.4032,-69.9506
South China,ME,44.3953,-69.5804
South Gardiner,ME,44.1801,-69.7567
Vienna,ME,44.5475,-70.003
Windsor,ME,44.3009,-69.5806
Winthrop,ME,44.3229,-69.9576
Waterville,ME,44.55175,-69.6655
Albion,ME,44.5355,-69.4683
Belgrade,ME,44.4688,-69.8606
Belgrade Lakes,ME,44.5265,-69.887
China Village,ME,44.8526,-69.502
Clinton,ME,44.644,-69.5284
East Vassalboro,ME,44.4478,-69.6059
North Vassalboro,ME,44.4862,-69.6225
Oakland,ME,44.5173,-69.7401
Vassalboro,ME,44.4405,-69.6519
Friendship,ME,43.9807,-69.3349
Cushing,ME,43.9867,-69.2721
Washington,ME,44.2693,-69.3842
Isle Au Haut,ME,44.0561,-68.6206
Rockland,ME,44.1123,-69.1139
Camden,ME,44.2137,-69.0767
Hope,ME,44.2589,-69.1467
Matinicus,ME,43.8651,-68.887
North Haven,ME,44.1436,-68.8667
Owls Head,ME,44.0732,-69.0894
Port Clyde,ME,43.9273,-69.2528
Rockport,ME,44.1888,-69.0901
South Thomaston,ME,44.0378,-69.1359
Spruce Head,ME,44.0104,-69.1707
Tenants Harbor,ME,43.9555,-69.2315
Thomaston,ME,44.0846,-69.1888
Union,ME,44.2619,-69.2771
Vinalhaven,ME,44.0397,-68.8368
Warren,ME,44.1271,-69.2479
West Rockport,ME,44.1924,-69.1211
Coopers Mills,ME,44.2588,-69.551
Dresden,ME,44.0785,-69.7457
Jefferson,ME,44.2204,-69.5133
Whitefield,ME,44.1884,-69.5751
Alna,ME,44.0878,-69.6344
Boothbay,ME,43.8945,-69.6273
Boothbay Harbor,ME,43.8518,-69.6278
Bristol,ME,43.9519,-69.4954
Chamberlain,ME,43.8843,-69.4792
Damariscotta,ME,44.0293,-69.5042
East Boothbay,ME,43.8262,-69.5939
Isle Of Springs,ME,44.0213,-69.5233
Bremen,ME,44.0104,-69.4402
Newcastle,ME,44.0499,-69.5331
New Harbor,ME,43.8605,-69.5079
Nobleboro,ME,44.0943,-69.4828
Edgecomb,ME,43.9792,-69.6197
Pemaquid,ME,43.8924,-69.5289
Round Pond,ME,43.925,-69.4662
South Bristol,ME,43.8677,-69.5614
Squirrel Island,ME,44.0213,-69.5233
Trevett,ME,43.8826,-69.6801
Waldoboro,ME,44.1046,-69.3745
Walpole,ME,43.9462,-69.5516
West Boothbay Harbor,ME,43.849,-69.6434
Southport,ME,43.8199,-69.6626
Wiscasset,ME,44.0074,-69.6826
Monhegan,ME,43.7642,-69.3164
Brownfield,ME,43.9381,-70.9087
Center Lovell,ME,44.181,-70.8917
Denmark,ME,43.9755,-70.7924
Fryeburg,ME,44.0313,-70.9668
Hiram,ME,43.8622,-70.8531
Lovell,ME,44.1614,-70.93
Porter,ME,43.8262,-70.9243
Waterford,ME,44.1931,-70.7163
Andover,ME,44.6637,-70.7967
Bethel,ME,44.4162,-70.8037
Bryant Pond,ME,44.3957,-70.6435
Buckfield,ME,44.2877,-70.3683
Canton,ME,44.4602,-70.2998
Dixfield,ME,44.5548,-70.4241
East Andover,ME,44.6084,-70.6993
Stoneham,ME,44.2641,-70.8875
Hanover,ME,44.4959,-70.7167
Hebron,ME,44.2021,-70.3754
Greenwood,ME,44.3184,-70.6509
Mexico,ME,44.5628,-70.5358
Newry,ME,44.6895,-71.0112
North Waterford,ME,44.2317,-70.7687
Norway,ME,44.2127,-70.5601
Oxford,ME,44.1118,-70.5098
Paris,ME,44.2641,-70.4985
Roxbury,ME,44.6566,-70.6092
Rumford,ME,44.5434,-70.5645
South Paris,ME,44.2167,-70.5012
West Bethel,ME,44.4021,-70.8601
West Paris,ME,44.3253,-70.5732
Peru,ME,44.4944,-70.4435
Sumner,ME,44.374,-70.4469
Bangor,ME,44.8127,-68.7848
Bradford,ME,45.0855,-68.9235
Bradley,ME,44.9015,-68.6263
Brewer,ME,44.7874,-68.7539
Burlington,ME,45.2349,-68.379
Greenbush,ME,45.0803,-68.6509
Carmel,ME,44.8053,-68.9942
Charleston,ME,45.067,-69.0869
Corinth,ME,44.9805,-69.0109
Eddington,ME,44.7917,-68.5777
Holden,ME,44.7208,-68.6165
East Millinocket,ME,45.63,-68.5728
Etna,ME,44.7932,-69.1322
Exeter,ME,44.9679,-69.1079
Hampden,ME,44.7411,-68.8731
Howland,ME,45.2456,-68.6666
Hudson,ME,44.9914,-68.8878
Kenduskeag,ME,44.9183,-68.9342
Kingman,ME,45.5984,-68.2366
Lagrange,ME,45.1789,-68.8345
Lee,ME,45.3635,-68.2909
Levant,ME,44.8843,-68.9837
Lincoln,ME,45.3508,-68.5077
Mattawamkeag,ME,45.5264,-68.352
Medway,ME,45.607,-68.5227
Milford,ME,44.9393,-68.6296
Millinocket,ME,45.6596,-68.7101
Old Town,ME,44.943,-68.675
Orono,ME,44.94465,-68.6753
Orrington,ME,44.7263,-68.7876
Passadumkeag,ME,45.1815,-68.5871
Springfield,ME,45.4264,-68.1108
Stetson,ME,44.8843,-69.1069
Stillwater,ME,44.9084,-68.6864
West Enfield,ME,45.2378,-68.5338
Winn,ME,45.4568,-68.3575
Patten,ME,46.0132,-68.4647
Stacyville,ME,45.8637,-68.5053
Corinna,ME,44.926,-69.2323
Dexter,ME,45.0203,-69.2797
Dixmont,ME,44.6991,-69.1025
East Newport,ME,44.8209,-69.2225
Garland,ME,45.0149,-69.157
Newport,ME,44.8393,-69.2675
Plymouth,ME,44.7699,-69.2266
Abbot,ME,45.2345,-69.5699
Brownville,ME,45.3412,-69.0423
Brownville Junction,ME,45.3512,-69.0581
Dover Foxcroft,ME,45.1877,-69.2045
Greenville,ME,45.4716,-69.5844
Greenville Junction,ME,45.4796,-69.6939
Guilford,ME,45.1735,-69.3975
Milo,ME,45.2446,-68.976
Monson,ME,45.2981,-69.488
Sangerville,ME,45.1406,-69.3218
Sebec,ME,45.2465,-69.1021
Shirley Mills,ME,45.3609,-69.6202
Bowdoinham,ME,44.0101,-69.8984
Topsham,ME,43.9814,-69.9378
Bowdoin,ME,44.0575,-69.9656
Richmond,ME,44.1042,-69.8211
Bath,ME,43.9062,-69.8266
Georgetown,ME,43.8054,-69.7453
Phippsburg,ME,43.7688,-69.815
Sebasco Estates,ME,43.7733,-69.8635
Woolwich,ME,43.9503,-69.7891
Rockwood,ME,45.8641,-69.8768
Anson,ME,44.7831,-69.9309
Athens,ME,44.9388,-69.6695
Bingham,ME,45.0682,-69.8857
Cambridge,ME,45.0513,-69.4419
Canaan,ME,44.745,-69.5498
Caratunk,ME,45.241,-69.9386
Detroit,ME,44.7615,-69.3227
Fairfield,ME,44.6463,-69.6802
Harmony,ME,44.973,-69.5481
Hartland,ME,44.8782,-69.4718
Hinckley,ME,44.6847,-69.6425
Jackman,ME,45.6351,-70.2492
Madison,ME,44.8096,-69.8449
New Portland,ME,44.90465,-70.0599
Norridgewock,ME,44.6899,-69.8306
North Anson,ME,44.8797,-69.9119
Palmyra,ME,44.8576,-69.3811
Pittsfield,ME,44.7871,-69.4022
Saint Albans,ME,44.9293,-69.3992
Shawmut,ME,44.6245,-69.5869
Skowhegan,ME,44.7772,-69.6976
Smithfield,ME,44.6301,-69.8075
Solon,ME,44.9676,-69.833
West Forks,ME,45.3839,-69.9841
Palermo,ME,44.3843,-69.4334
Frankfort,ME,44.5979,-68.934
Winterport,ME,44.6552,-68.8862
Islesboro,ME,44.3082,-68.9073
Lincolnville,ME,44.3048,-69.0824
Lincolnville Center,ME,44.2979,-69.1075
Belfast,ME,44.4354,-69.0148
Brooks,ME,44.5678,-69.1404
Burnham,ME,44.6848,-69.38
Freedom,ME,44.4633,-69.319
Liberty,ME,44.3741,-69.3306
Monroe,ME,44.5927,-69.0317
Morrill,ME,44.4107,-69.1471
Sandy Point,ME,44.5148,-68.8128
Searsmont,ME,44.377,-69.2196
Searsport,ME,44.4877,-68.9311
Stockton Springs,ME,44.5141,-68.856
Thorndike,ME,44.5744,-69.2487
Troy,ME,44.6757,-69.2549
Unity,ME,44.6007,-69.3328
Brookton,ME,45.5507,-67.7436
Danforth,ME,45.6687,-67.8688
Lambert Lake,ME,45.5459,-67.5269
Topsfield,ME,45.4304,-67.7473
Vanceboro,ME,45.5634,-67.4297
Waite,ME,45.3492,-67.678
Addison,ME,44.583,-67.7146
Beals,ME,44.513,-67.6056
Calais,ME,45.1715,-67.2641
Cherryfield,ME,44.6228,-67.9436
Columbia Falls,ME,44.6699,-67.7534
Cutler,ME,44.6753,-67.2499
Dennysville,ME,44.8961,-67.2244
East Machias,ME,44.7424,-67.3821
Eastport,ME,44.92,-67.0074
Grand Lake Stream,ME,45.1795,-67.7744
Harrington,ME,44.6122,-67.8147
Jonesboro,ME,44.6582,-67.5777
Jonesport,ME,44.5509,-67.6044
Lubec,ME,44.9043,-67.0408
Machias,ME,44.7215,-67.482
Machiasport,ME,44.682,-67.4073
Meddybemps,ME,45.0193,-67.3829
Milbridge,ME,44.5366,-67.8844
Pembroke,ME,44.9654,-67.2002
Perry,ME,44.9888,-67.0929
Princeton,ME,45.2131,-67.6008
Robbinston,ME,45.067,-67.1433
Steuben,ME,44.4971,-67.9503
Wesley,ME,44.9854,-67.6991
Whiting,ME,44.7622,-67.2515
Baileyville,ME,45.1035,-67.4722
Berwick,ME,43.2899,-70.855
Cape Neddick,ME,43.2133,-70.6397
Eliot,ME,43.1309,-70.7822
Kittery,ME,43.0921,-70.7429
Kittery Point,ME,43.0976,-70.7121
North Berwick,ME,43.3254,-70.7212
Ogunquit,ME,43.2541,-70.6094
South Berwick,ME,43.2292,-70.7859
York,ME,43.1544,-70.6578
York Beach,ME,43.1715,-70.6089
York Harbor,ME,43.1368,-70.6456
Acton,ME,43.5494,-70.9307
Alfred,ME,43.4875,-70.6961
Bar Mills,ME,43.6131,-70.5498
Biddeford,ME,43.4758,-70.4968
Biddeford Pool,ME,43.4448,-70.3414
Cape Porpoise,ME,43.3657,-70.6044
Cornish,ME,43.7796,-70.7784
Lebanon,ME,43.4597,-70.9152
East Parsonsfield,ME,43.7334,-70.8434
East Waterboro,ME,43.5995,-70.6906
Hollis Center,ME,43.5946,-70.6051
Kennebunk,ME,43.3881,-70.5478
Kennebunkport,ME,43.3923,-70.4729
Parsonsfield,ME,43.745,-70.9092
Limerick,ME,43.6963,-70.7866
Limington,ME,43.726,-70.6752
Moody,ME,43.2763,-70.5978
Newfield,ME,43.6584,-70.8689
North Waterboro,ME,43.64,-70.7298
Ocean Park,ME,43.5006,-70.3862
Old Orchard Beach,ME,43.5254,-70.3883
Saco,ME,43.5209,-70.4546
Sanford,ME,43.4285,-70.7585
Shapleigh,ME,43.5674,-70.8286
Springvale,ME,43.4715,-70.8064
Waterboro,ME,43.5661,-70.7431
Wells,ME,43.3144,-70.5969
Buxton,ME,43.6379,-70.5189
West Kennebunk,ME,43.4061,-70.5733
West Newfield,ME,43.601,-70.9027
Marshall Islands,MH,7.1128,171.237
Ebeye,MH,8.786,167.7365
Barton City,MI,44.702,-83.5994
Black River,MI,44.8138,-83.3407
Curran,MI,44.7336,-83.832
Glennie,MI,44.5582,-83.6899
Greenbush,MI,44.548,-83.3269
Harrisville,MI,44.6546,-83.3424
Lincoln,MI,44.7111,-83.3947
Mikado,MI,44.5833,-83.4355
Spruce,MI,44.8224,-83.5044
Au Train,MI,46.4446,-86.9115
Chatham,MI,46.3477,-86.929
Deerton,MI,46.427,-87.0497
Eben Junction,MI,46.3549,-86.9701
Rumely,MI,46.3483,-87.0332
Grand Marais,MI,46.6529,-85.9836
Munising,MI,46.3994,-86.6983
Shingleton,MI,46.3512,-86.4823
Trenary,MI,46.1947,-86.9502
Wetmore,MI,46.3535,-86.6345
Allegan,MI,42.5256,-85.8661
Martin,MI,42.537,-85.6417
Otsego,MI,42.4723,-85.7035
Plainwell,MI,42.4544,-85.5994
Bradley,MI,42.633,-85.643
Burnips,MI,42.7312,-85.8404
Dorr,MI,42.7231,-85.7628
Hopkins,MI,42.6421,-85.7322
Moline,MI,42.737,-85.6635
Shelbyville,MI,42.5936,-85.6282
Wayland,MI,42.6643,-85.6191
Douglas,MI,42.6369,-86.2022
Fennville,MI,42.5777,-86.1249
Glenn,MI,42.5203,-86.2275
Hamilton,MI,42.6881,-85.9747
Pullman,MI,42.4651,-86.0799
Saugatuck,MI,42.6456,-86.1655
Alpena,MI,45.079,-83.4602
Herron,MI,45.0124,-83.6535
Hubbard Lake,MI,44.8947,-83.6059
Lachine,MI,45.0429,-83.7491
Ossineke,MI,44.9104,-83.4592
Alba,MI,44.9737,-84.9745
Alden,MI,44.8779,-85.2241
Bellaire,MI,44.9765,-85.2265
Central Lake,MI,45.0748,-85.2673
Eastport,MI,45.1072,-85.3501
Elk Rapids,MI,44.8955,-85.4082
Kewadin,MI,45.0126,-85.3539
Mancelona,MI,44.9116,-85.0634
Ellsworth,MI,45.1599,-85.2633
Standish,MI,43.9733,-83.9433
Sterling,MI,44.0669,-84.0505
Au Gres,MI,44.0338,-83.702
Omer,MI,44.0499,-83.843
Turner,MI,44.1105,-83.7019
Twining,MI,44.1293,-83.8491
Baraga,MI,46.8048,-88.5758
Covington,MI,46.5413,-88.5371
Lanse,MI,46.7704,-88.421
Skanee,MI,46.8747,-88.1732
Watton,MI,46.5413,-88.6049
Woodland,MI,42.7057,-85.1326
Cloverdale,MI,42.5951,-85.3086
Delton,MI,42.5141,-85.4067
Dowling,MI,42.5015,-85.2495
Hastings,MI,42.643,-85.2937
Hickory Corners,MI,42.4237,-85.3998
Nashville,MI,42.5937,-85.122
Freeport,MI,42.7661,-85.3133
Middleville,MI,42.6932,-85.4759
Auburn,MI,43.608,-84.1027
Bentley,MI,43.9267,-84.1053
Kawkawlin,MI,43.6794,-83.9927
Linwood,MI,43.7714,-84.0513
Pinconning,MI,43.8491,-84.0082
Bay City,MI,43.6429,-83.921467
University Center,MI,43.5566,-83.9943
Essexville,MI,43.6069,-83.8217
Munger,MI,43.5286,-83.7672
Benzonia,MI,44.5955,-86.0961
Beulah,MI,44.6306,-86.0025
Elberta,MI,44.6194,-86.2265
Frankfort,MI,44.6311,-86.2212
Honor,MI,44.6954,-86.0376
Lake Ann,MI,44.7317,-85.8528
Thompsonville,MI,44.5198,-85.946
Benton Harbor,MI,42.11265,-86.4388
Coloma,MI,42.203,-86.3225
Hagar Shores,MI,42.2248,-86.3723
Riverside,MI,42.1834,-86.3828
Saint Joseph,MI,42.064,-86.4783
Watervliet,MI,42.1938,-86.2604
Baroda,MI,41.9488,-86.4913
Berrien Center,MI,41.9484,-86.285
Berrien Springs,MI,41.9472,-86.34645
Bridgman,MI,41.9362,-86.5543
Buchanan,MI,41.8327,-86.3708
Eau Claire,MI,42.0151,-86.2972
Galien,MI,41.8198,-86.5035
Harbert,MI,41.8771,-86.6302
Lakeside,MI,41.8485,-86.6694
New Buffalo,MI,41.7927,-86.746
New Troy,MI,41.8744,-86.549
Niles,MI,41.8202,-86.2368
Sawyer,MI,41.8829,-86.5885
Sodus,MI,42.0521,-86.3921
Stevensville,MI,42.022,-86.5119
Three Oaks,MI,41.815,-86.6154
Union Pier,MI,41.8255,-86.6911
Bronson,MI,41.8643,-85.1838
Coldwater,MI,41.9255,-85.0057
Quincy,MI,41.9442,-84.8839
Sherwood,MI,42.0107,-85.2408
Union City,MI,42.0551,-85.1356
Montgomery,MI,41.7928,-84.8496
Athens,MI,42.103,-85.2317
Battle Creek,MI,42.293533,-85.1247
Bedford,MI,42.3953,-85.2322
Burlington,MI,42.1239,-85.105
Ceresco,MI,42.2127,-85.1128
East Leroy,MI,42.1961,-85.2311
Marshall,MI,42.272,-84.9583
Tekonsha,MI,42.0863,-84.9926
Albion,MI,42.2581,-84.7561
Homer,MI,42.1416,-84.8157
Cassopolis,MI,41.8968,-85.9923
Dowagiac,MI,41.991,-86.1168
Jones,MI,41.9129,-85.8341
Marcellus,MI,42.0275,-85.7988
Vandalia,MI,41.8955,-85.8755
Edwardsburg,MI,41.7913,-86.0263
Union,MI,41.7827,-85.8529
Bay Shore,MI,45.3583,-85.0973
Boyne City,MI,45.2052,-85.0183
Boyne Falls,MI,45.2116,-84.8916
Charlevoix,MI,45.2654,-85.2297
East Jordan,MI,45.1539,-85.1387
Beaver Island,MI,45.6684,-85.5473
Walloon Lake,MI,45.2661,-84.9337
Mackinaw City,MI,45.7777,-84.7298
Afton,MI,45.3637,-84.4695
Brutus,MI,45.5068,-84.7467
Burt Lake,MI,45.4408,-84.7112
Cheboygan,MI,45.608,-84.4867
Indian River,MI,45.427,-84.5956
Mullett Lake,MI,45.5595,-84.5221
Topinabee,MI,45.4838,-84.5936
Tower,MI,45.3588,-84.2953
Wolverine,MI,45.2861,-84.6065
Barbeau,MI,46.2848,-84.2173
Brimley,MI,46.3891,-84.6981
Dafter,MI,46.327,-84.3878
De Tour Village,MI,45.9939,-83.9396
Drummond Island,MI,46.0055,-83.7367
Eckerman,MI,46.4088,-85.0136
Goetzville,MI,46.079,-84.145
Hulbert,MI,46.3908,-85.1764
Kinross,MI,46.275,-84.5148
Paradise,MI,46.5951,-85.0973
Pickford,MI,46.1559,-84.3663
Rudyard,MI,46.2585,-84.8004
Sault Sainte Marie,MI,46.4151,-84.2854
Kincheloe,MI,46.31645,-84.38525
Trout Lake,MI,46.1936,-85.019
Clare,MI,43.8223,-84.7635
Farwell,MI,43.8342,-84.8754
Harrison,MI,44.0285,-84.7729
Lake,MI,43.8575,-85.0219
Lake George,MI,43.9634,-84.947
Bath,MI,42.8206,-84.4545
Dewitt,MI,42.8428,-84.5797
Eagle,MI,42.8263,-84.759
Elsie,MI,43.0886,-84.3869
Eureka,MI,43.1036,-84.5139
Fowler,MI,42.9941,-84.76
Maple Rapids,MI,43.0992,-84.6898
Ovid,MI,42.9969,-84.3649
Saint Johns,MI,43.0059,-84.5719
Westphalia,MI,42.9328,-84.8083
Frederic,MI,44.8382,-84.6824
Grayling,MI,44.677,-84.65085
Bark River,MI,45.6956,-87.2073
Cornell,MI,45.9104,-87.2237
Escanaba,MI,45.7659,-87.089
Garden,MI,45.7549,-86.5776
Gladstone,MI,45.8813,-87.1152
Nahma,MI,45.8424,-86.6558
Perkins,MI,45.9925,-87.0792
Rapid River,MI,45.9107,-86.8845
Rock,MI,46.0503,-87.1331
Wells,MI,45.7849,-87.0734
Iron Mountain,MI,45.8219,-88.0683
Kingsford,MI,45.8006,-88.0773
Channing,MI,46.1546,-88.0772
Felch,MI,45.9972,-87.8257
Foster City,MI,45.9438,-87.7584
Loretto,MI,45.7772,-87.8151
Norway,MI,45.7862,-87.9047
Quinnesec,MI,45.7999,-87.9922
Ralph,MI,46.1297,-87.7367
Sagola,MI,46.0813,-88.0676
Vulcan,MI,45.7623,-87.8168
Charlotte,MI,42.5702,-84.8352
Dimondale,MI,42.6501,-84.6486
Eaton Rapids,MI,42.5166,-84.6565
Grand Ledge,MI,42.7529,-84.7373
Mulliken,MI,42.7377,-84.8979
Potterville,MI,42.6398,-84.7346
Sunfield,MI,42.7693,-84.9813
Lansing,MI,42.723891,-84.571327
Bellevue,MI,42.4525,-85.0489
Olivet,MI,42.4459,-84.8973
Vermontville,MI,42.6392,-85.011
Alanson,MI,45.4405,-84.7924
Carp Lake,MI,45.7424,-84.7735
Conway,MI,45.4167,-84.867
Cross Village,MI,45.6254,-85.0419
Good Hart,MI,45.5802,-85.1137
Harbor Springs,MI,45.5251,-85.0062
Levering,MI,45.6377,-84.7986
Oden,MI,45.4236,-84.8281
Pellston,MI,45.5703,-84.8425
Petoskey,MI,45.3559,-84.9133
Atlas,MI,42.94,-83.5369
Clio,MI,43.1779,-83.7249
Davison,MI,43.0348,-83.5268
Fenton,MI,42.7851,-83.7294
Flushing,MI,43.072,-83.8424
Gaines,MI,42.8813,-83.8855
Genesee,MI,43.1123,-83.6154
Goodrich,MI,42.9147,-83.4845
Grand Blanc,MI,42.9231,-83.6217
Lennon,MI,42.9693,-83.9279
Linden,MI,42.8104,-83.7993
Montrose,MI,43.1754,-83.8824
Mount Morris,MI,43.116,-83.6895
Otisville,MI,43.1706,-83.5172
Swartz Creek,MI,42.9468,-83.817
Flint,MI,43.013953,-83.720471
Burton,MI,42.9954,-83.626833
Beaverton,MI,43.8866,-84.4241
Gladwin,MI,44.0296,-84.4968
Saginaw,MI,43.417491,-83.997509
Rhodes,MI,43.8517,-84.2134
Bessemer,MI,46.4802,-90.0515
Ironwood,MI,46.4638,-90.1588
Marenisco,MI,46.3551,-89.6774
Ramsay,MI,46.4727,-89.9976
Wakefield,MI,46.4752,-89.9424
Watersmeet,MI,46.2542,-89.2108
Acme,MI,44.7894,-85.4884
Fife Lake,MI,44.5721,-85.2531
Grawn,MI,44.6428,-85.7113
Interlochen,MI,44.6518,-85.8022
Kingsley,MI,44.5756,-85.5262
Mayfield,MI,44.6261,-85.5287
Old Mission,MI,44.9559,-85.49
Traverse City,MI,44.772375,-85.611775
Williamsburg,MI,44.802,-85.4347
Breckenridge,MI,43.3935,-84.5023
Wheeler,MI,43.3962,-84.4243
Alma,MI,43.3809,-84.6635
Ashley,MI,43.1891,-84.488
Bannister,MI,43.1615,-84.3597
Elm Hall,MI,43.3639,-84.8362
Elwell,MI,43.4106,-84.7631
Ithaca,MI,43.2828,-84.6088
Middleton,MI,43.1689,-84.7552
North Star,MI,43.2484,-84.5433
Perrinton,MI,43.1649,-84.666
Pompeii,MI,43.1863,-84.6017
Riverdale,MI,43.4017,-84.8429
Saint Louis,MI,43.4278,-84.5952
Sumner,MI,43.3091,-84.7907
Allen,MI,41.957,-84.7677
Camden,MI,41.7361,-84.7245
Frontier,MI,41.7825,-84.6047
Hillsdale,MI,41.924,-84.6208
Jerome,MI,42.0484,-84.4455
Jonesville,MI,41.9798,-84.6451
Litchfield,MI,42.0369,-84.7673
Moscow,MI,42.0548,-84.5039
Mosherville,MI,42.0603,-84.6594
North Adams,MI,41.9715,-84.5208
Osseo,MI,41.8384,-84.5974
Pittsford,MI,41.8963,-84.444
Reading,MI,41.8442,-84.7648
Somerset,MI,42.023,-84.3794
Somerset Center,MI,42.0388,-84.406
Waldron,MI,41.7386,-84.4496
Atlantic Mine,MI,47.0937,-88.6613
Calumet,MI,47.2439,-88.4588
Chassell,MI,47.002,-88.5546
Copper City,MI,47.2842,-88.3875
Dodgeville,MI,47.0914,-88.5809
Dollar Bay,MI,47.1196,-88.5115
Hancock,MI,47.1367,-88.5654
Houghton,MI,47.1158,-88.558
Hubbell,MI,47.1733,-88.4293
Kearsarge,MI,47.2694,-88.4184
Lake Linden,MI,47.1784,-88.2973
Nisula,MI,46.7748,-88.8799
Painesdale,MI,47.0404,-88.6704
Pelkie,MI,46.7949,-88.6251
Sidnaw,MI,46.5047,-88.7085
South Range,MI,47.0719,-88.652
Toivola,MI,46.9109,-88.8532
Bad Axe,MI,43.8067,-83.0054
Filion,MI,43.9014,-82.9825
Harbor Beach,MI,43.8312,-82.6886
Kinde,MI,43.948,-82.9755
Port Austin,MI,44.0223,-82.9984
Port Hope,MI,43.928,-82.7529
Ruth,MI,43.7404,-82.7414
Ubly,MI,43.6896,-82.964
Bay Port,MI,43.8377,-83.3525
Caseville,MI,43.9429,-83.2659
Elkton,MI,43.8344,-83.1786
Owendale,MI,43.7206,-83.2307
Pigeon,MI,43.8179,-83.2755
Sebewaing,MI,43.7289,-83.4366
Okemos,MI,42.65225,-84.39535
Dansville,MI,42.5505,-84.2939
East Lansing,MI,42.731975,-84.478325
Haslett,MI,42.7531,-84.3989
Holt,MI,42.6394,-84.5242
Mason,MI,42.5796,-84.4561
Webberville,MI,42.663,-84.1701
Williamston,MI,42.6967,-84.2926
Leslie,MI,42.4603,-84.4207
Onondaga,MI,42.4487,-84.5535
Stockbridge,MI,42.4604,-84.1752
Belding,MI,43.0885,-85.2313
Clarksville,MI,42.8302,-85.2494
Hubbardston,MI,43.0923,-84.8422
Ionia,MI,42.9859,-85.071
Lake Odessa,MI,42.7863,-85.1357
Lyons,MI,42.9634,-84.9209
Muir,MI,43.0439,-84.9391
Orleans,MI,43.0895,-85.1165
Palo,MI,43.1125,-84.9856
Pewamo,MI,43.0007,-84.8492
Portland,MI,42.8624,-84.9139
Saranac,MI,42.9357,-85.203
Smyrna,MI,43.0595,-85.2628
East Tawas,MI,44.3008,-83.4776
Hale,MI,44.3819,-83.8359
Long Lake,MI,44.4197,-83.8719
National City,MI,44.3137,-83.6839
Oscoda,MI,44.4465,-83.3619
Tawas City,MI,44.267,-83.53205
Whittemore,MI,44.2325,-83.8068
Alpha,MI,46.0438,-88.3771
Amasa,MI,46.2321,-88.4508
Caspian,MI,46.0643,-88.6329
Crystal Falls,MI,46.1093,-88.3505
Gaastra,MI,46.0526,-88.5917
Iron River,MI,46.093,-88.646
Stambaugh,MI,46.0797,-88.629
Mount Pleasant,MI,43.6022,-84.822767
Rosebush,MI,43.6843,-84.7833
Shepherd,MI,43.5657,-84.5873
Weidman,MI,43.6453,-85.0046
Winn,MI,43.5234,-84.9017
Blanchard,MI,43.5228,-85.0589
Jackson,MI,42.2482,-84.402575
Brooklyn,MI,42.1044,-84.2414
Clarklake,MI,42.1235,-84.3521
Concord,MI,42.1875,-84.6529
Grass Lake,MI,42.2711,-84.194
Hanover,MI,42.1025,-84.5848
Horton,MI,42.1191,-84.4976
Michigan Center,MI,42.2271,-84.3161
Munith,MI,42.3703,-84.2485
Napoleon,MI,42.1643,-84.2458
Norvell,MI,42.1582,-84.1838
Parma,MI,42.2739,-84.5999
Pleasant Lake,MI,42.3903,-84.3428
Rives Junction,MI,42.3887,-84.4589
Spring Arbor,MI,42.2069,-84.5501
Springport,MI,42.3805,-84.7039
Kalamazoo,MI,42.28647,-85.57871
Portage,MI,42.187667,-85.600367
Augusta,MI,42.3563,-85.354
Climax,MI,42.234,-85.3238
Comstock,MI,42.2867,-85.5133
Fulton,MI,42.1391,-85.3227
Galesburg,MI,42.2948,-85.4237
Nazareth,MI,42.2454,-85.5299
Oshtemo,MI,42.2589,-85.6775
Richland,MI,42.3757,-85.4447
Schoolcraft,MI,42.1329,-85.6637
Scotts,MI,42.1819,-85.4685
Vicksburg,MI,42.1209,-85.5024
Kalkaska,MI,44.7355,-85.1207
Rapid City,MI,44.8449,-85.2943
South Boardman,MI,44.6401,-85.2472
Ada,MI,42.9548,-85.486925
Alto,MI,42.8243,-85.4256
Belmont,MI,43.075,-85.5632
Byron Center,MI,42.8016,-85.7136
Caledonia,MI,42.8187,-85.5244
Cannonsburg,MI,43.0712,-85.4809
Cedar Springs,MI,43.2215,-85.5452
Comstock Park,MI,43.0578,-85.6845
Kent City,MI,43.2362,-85.7399
Lowell,MI,42.955,-85.3653
Rockford,MI,43.1176,-85.5368
Sand Lake,MI,43.2981,-85.5367
Sparta,MI,43.1619,-85.6877
Grandville,MI,42.9018,-85.7625
Grand Rapids,MI,42.979527,-85.613319
Wyoming,MI,42.90555,-85.71195
Allouez,MI,47.2879,-88.4129
Ahmeek,MI,47.2933,-88.3897
Copper Harbor,MI,47.4688,-87.8884
Mohawk,MI,47.3526,-88.2889
Baldwin,MI,43.8894,-85.8819
Branch,MI,43.9333,-86.0345
Chase,MI,43.8892,-85.6356
Idlewild,MI,43.8872,-85.7759
Irons,MI,44.0966,-85.939
Luther,MI,44.0545,-85.6826
Almont,MI,42.926,-83.0362
Attica,MI,43.0547,-83.1668
Columbiaville,MI,43.1503,-83.3811
Dryden,MI,42.9378,-83.1501
Hadley,MI,42.9545,-83.4033
Imlay City,MI,43.0425,-83.0708
Lapeer,MI,43.0579,-83.3332
Metamora,MI,42.9414,-83.2891
North Branch,MI,43.2069,-83.2267
Otter Lake,MI,43.2183,-83.4242
Clifford,MI,43.31,-83.1741
Silverwood,MI,43.3141,-83.272
Cedar,MI,44.8605,-85.8138
Empire,MI,44.8144,-85.9999
Glen Arbor,MI,44.8734,-85.9887
Lake Leelanau,MI,44.9856,-85.7329
Leland,MI,45.0793,-85.9896
Maple City,MI,44.859,-85.8814
Northport,MI,45.1157,-85.6173
Omena,MI,45.0556,-85.589
Suttons Bay,MI,44.9656,-85.6423
Addison,MI,42.0036,-84.3122
Adrian,MI,41.9005,-84.0446
Blissfield,MI,41.8276,-83.8773
Britton,MI,41.9887,-83.8377
Cement City,MI,42.0604,-84.3254
Clayton,MI,41.8636,-84.2147
Clinton,MI,42.0639,-83.9442
Deerfield,MI,41.8909,-83.7847
Hudson,MI,41.8581,-84.338
Jasper,MI,41.7704,-84.0011
Manitou Beach,MI,41.9671,-84.2767
Morenci,MI,41.7386,-84.2192
Onsted,MI,42.0295,-84.1839
Palmyra,MI,41.8729,-83.9263
Riga,MI,41.7953,-83.8011
Sand Creek,MI,41.8259,-84.1016
Tecumseh,MI,41.9953,-83.9555
Tipton,MI,42.0369,-84.0768
Weston,MI,41.7683,-84.1076
Brighton,MI,42.55355,-83.762
Gregory,MI,42.496,-84.0847
Hamburg,MI,42.4523,-83.8147
Lakeland,MI,42.4573,-83.8366
Pinckney,MI,42.4596,-83.9099
Hartland,MI,42.6356,-83.7147
Cohoctah,MI,42.7598,-83.9486
Fowlerville,MI,42.6614,-84.0721
Howell,MI,42.6355,-83.916667
Mc Millan,MI,46.297,-85.7307
Newberry,MI,46.3438,-85.515
Cedarville,MI,46.0024,-84.3488
Hessel,MI,46.0217,-84.4284
Mackinac Island,MI,45.8578,-84.6245
Moran,MI,46.0441,-85.0078
Naubinway,MI,46.126,-85.4462
Pointe Aux Pins,MI,45.7549,-84.447
Saint Ignace,MI,45.9985,-84.6978
Curtis,MI,46.2048,-85.7865
Engadine,MI,46.204,-85.6005
Gould City,MI,46.0747,-85.7338
Armada,MI,42.8409,-82.8899
Center Line,MI,42.4788,-83.0248
Eastpointe,MI,42.4658,-82.9459
Fraser,MI,42.5423,-82.947
Clinton Township,MI,42.588533,-82.930267
Macomb,MI,42.65885,-82.9074
Mount Clemens,MI,42.59755,-82.88015
Harrison Township,MI,42.5877,-82.8215
New Baltimore,MI,42.6834,-82.798
New Haven,MI,42.7651,-82.80105
Richmond,MI,42.8389,-82.7996
Romeo,MI,42.84,-83.0388
Roseville,MI,42.5034,-82.9387
Saint Clair Shores,MI,42.4972,-82.8951
Warren,MI,42.492571,-83.024129
Washington,MI,42.7472,-83.03315
Ray,MI,42.754,-82.9163
Sterling Heights,MI,42.58344,-83.0275
Utica,MI,42.656725,-83.034375
Arcadia,MI,44.5232,-86.2061
Bear Lake,MI,44.4311,-86.1425
Brethren,MI,44.2966,-85.9964
Copemish,MI,44.4503,-85.8879
Eastlake,MI,44.2413,-86.2913
Filer City,MI,44.2153,-86.2873
Kaleva,MI,44.3692,-86.0467
Manistee,MI,44.2635,-86.1825
Onekama,MI,44.3646,-86.21
Wellston,MI,44.2133,-85.9555
Big Bay,MI,46.8158,-87.7285
Champion,MI,46.4685,-87.8306
Arnold,MI,46.0508,-87.4921
Little Lake,MI,46.2888,-87.3418
Gwinn,MI,46.3311,-87.4397
Ishpeming,MI,46.4387,-87.7091
Marquette,MI,46.5786,-87.4545
Michigamme,MI,46.5308,-88.0914
National Mine,MI,46.6041,-87.6148
Negaunee,MI,46.5007,-87.5829
Palmer,MI,46.4416,-87.5764
Republic,MI,46.368,-87.9938
Skandia,MI,46.349,-87.2481
Custer,MI,43.9324,-86.1777
Fountain,MI,44.0363,-86.2169
Free Soil,MI,44.112,-86.2652
Ludington,MI,43.9688,-86.4403
Scottville,MI,43.9547,-86.2801
Walhalla,MI,43.9536,-86.1148
Barryton,MI,43.7507,-85.1547
Big Rapids,MI,43.6897,-85.4797
Chippewa Lake,MI,43.7553,-85.2783
Mecosta,MI,43.6813,-85.228
Morley,MI,43.506,-85.4473
Paris,MI,43.7677,-85.5213
Remus,MI,43.6032,-85.1574
Rodney,MI,43.7379,-85.3219
Stanwood,MI,43.6017,-85.4446
Carney,MI,45.5917,-87.5439
Daggett,MI,45.4887,-87.6079
Harris,MI,45.6922,-87.3513
Hermansville,MI,45.7149,-87.6227
Ingalls,MI,45.3748,-87.6206
Menominee,MI,45.1343,-87.6215
Nadeau,MI,45.6089,-87.5529
Perronville,MI,45.841,-87.4816
Powers,MI,45.6792,-87.5319
Spalding,MI,45.6958,-87.511
Stephenson,MI,45.4166,-87.6258
Wallace,MI,45.3017,-87.5805
Wilson,MI,45.6649,-87.3997
Coleman,MI,43.7494,-84.5911
Edenville,MI,43.7774,-84.3813
Hope,MI,43.7882,-84.3296
Midland,MI,43.6181,-84.277443
Sanford,MI,43.7204,-84.3954
Falmouth,MI,44.2529,-85.017
Lake City,MI,44.3767,-85.0946
Mc Bain,MI,44.2172,-85.2283
Merritt,MI,44.3433,-84.9446
Azalia,MI,42.0082,-83.6643
Carleton,MI,42.0529,-83.3755
Dundee,MI,41.9514,-83.6522
Erie,MI,41.7829,-83.4958
Ida,MI,41.8549,-83.5916
Lambertville,MI,41.7531,-83.6259
La Salle,MI,41.8585,-83.4715
Luna Pier,MI,41.8146,-83.4382
Maybee,MI,42.0288,-83.5179
Milan,MI,42.0914,-83.6776
Monroe,MI,41.91865,-83.45835
Newport,MI,41.9766,-83.2804
Samaria,MI,41.8076,-83.5793
South Rockwood,MI,42.0624,-83.2663
Temperance,MI,41.7682,-83.5797
Ottawa Lake,MI,41.7683,-83.6856
Petersburg,MI,41.8757,-83.6877
Carson City,MI,43.1695,-84.8653
Cedar Lake,MI,43.4138,-84.9753
Crystal,MI,43.2624,-84.8993
Edmore,MI,43.4116,-85.028
Fenwick,MI,43.1497,-85.0666
Greenville,MI,43.1793,-85.2497
Lakeview,MI,43.4269,-85.2924
Mcbrides,MI,43.3503,-85.0517
Sheridan,MI,43.2126,-85.0468
Sidney,MI,43.2358,-85.1207
Six Lakes,MI,43.4337,-85.1416
Stanton,MI,43.3058,-85.0995
Vestaburg,MI,43.387,-84.9082
Coral,MI,43.3645,-85.3792
Gowen,MI,43.2239,-85.3159
Howard City,MI,43.4083,-85.4856
Pierson,MI,43.3355,-85.5134
Trufant,MI,43.3156,-85.3685
Atlanta,MI,44.9924,-84.148
Hillman,MI,45.0691,-83.9468
Lewiston,MI,44.8538,-84.2973
Bailey,MI,43.2768,-85.8313
Casnovia,MI,43.2381,-85.8254
Fruitport,MI,43.1443,-86.1388
Holton,MI,43.4415,-86.1509
Montague,MI,43.4242,-86.374
Muskegon,MI,43.228367,-86.239633
Ravenna,MI,43.2091,-85.9648
Twin Lake,MI,43.3414,-86.1633
Whitehall,MI,43.3904,-86.3315
Sylvan Beach,MI,43.372,-86.4237
Bitely,MI,43.7321,-85.8778
Brohman,MI,43.6853,-85.8159
Grant,MI,43.3392,-85.8368
Newaygo,MI,43.4198,-85.7594
White Cloud,MI,43.5398,-85.7586
Fremont,MI,43.50975,-85.88175
Troy,MI,42.585967,-83.177283
Birmingham,MI,42.54555,-83.2123
Clawson,MI,42.5365,-83.1503
Franklin,MI,42.5219,-83.2519
Hazel Park,MI,42.4608,-83.0982
Southfield,MI,42.495333,-83.231383
Royal Oak,MI,42.4997,-83.146067
Pleasant Ridge,MI,42.471,-83.1438
Huntington Woods,MI,42.4825,-83.1749
Madison Heights,MI,42.5016,-83.1027
Berkley,MI,42.5028,-83.1887
New Hudson,MI,42.5076,-83.6342
South Lyon,MI,42.4567,-83.659
Ferndale,MI,42.4586,-83.1363
Oak Park,MI,42.4662,-83.184
Bloomfield Hills,MI,42.574975,-83.260675
Rochester,MI,42.682175,-83.14915
Keego Harbor,MI,42.6114,-83.3356
Auburn Hills,MI,42.6592,-83.3119
West Bloomfield,MI,42.591725,-83.382
Waterford,MI,42.658133,-83.383367
Drayton Plains,MI,42.6754,-83.3637
Farmington,MI,42.477983,-83.37955
Pontiac,MI,42.64505,-83.2909
Clarkston,MI,42.714833,-83.4045
Davisburg,MI,42.7496,-83.5358
Highland,MI,42.66435,-83.61325
Lake Orion,MI,42.7567,-83.26585
Oakland,MI,42.7732,-83.1711
Lakeville,MI,42.8214,-83.1502
Leonard,MI,42.8437,-83.1406
Oxford,MI,42.8244,-83.2417
Novi,MI,42.476025,-83.48305
Milford,MI,42.5889,-83.6216
Commerce Township,MI,42.5834,-83.5009
White Lake,MI,42.6495,-83.5068
Union Lake,MI,42.6148,-83.4469
Walled Lake,MI,42.548,-83.47915
Wixom,MI,42.534,-83.5285
Holly,MI,42.7905,-83.6127
Ortonville,MI,42.8409,-83.4288
Hart,MI,43.7068,-86.3142
Hesperia,MI,43.5965,-86.0607
Mears,MI,43.6825,-86.4533
New Era,MI,43.5556,-86.3448
Pentwater,MI,43.8237,-86.3868
Rothbury,MI,43.5116,-86.3446
Shelby,MI,43.6079,-86.3615
Walkerville,MI,43.7626,-86.083
Alger,MI,44.1395,-84.1872
Lupton,MI,44.3976,-83.9905
Rose City,MI,44.4167,-84.1256
West Branch,MI,44.279,-84.2286
Prescott,MI,44.21,-84.0212
South Branch,MI,44.5014,-83.8686
Bergland,MI,46.5881,-89.5973
Bruce Crossing,MI,46.528,-89.168
Ewen,MI,46.5404,-89.3145
Greenland,MI,46.7809,-89.1146
Mass City,MI,46.7474,-89.0649
Ontonagon,MI,46.8275,-89.3485
Rockland,MI,46.7537,-89.1958
Trout Creek,MI,46.4864,-89.027
White Pine,MI,46.7538,-89.584
Evart,MI,43.8888,-85.2649
Hersey,MI,43.8481,-85.4059
Leroy,MI,44.0457,-85.43
Marion,MI,44.0463,-85.155
Reed City,MI,43.8868,-85.513
Sears,MI,43.8776,-85.1465
Tustin,MI,44.1072,-85.4901
Comins,MI,44.8264,-84.0261
Fairview,MI,44.7205,-84.0525
Luzerne,MI,44.6001,-84.2931
Mio,MI,44.6665,-84.1353
Elmira,MI,45.0645,-84.8562
Gaylord,MI,45.02,-84.67355
Johannesburg,MI,45.0152,-84.3857
Vanderbilt,MI,45.1532,-84.6511
Waters,MI,44.8702,-84.6598
Allendale,MI,42.9711,-85.9249
Conklin,MI,43.1494,-85.8538
Coopersville,MI,43.0601,-85.9517
Ferrysburg,MI,43.0809,-86.2154
Grand Haven,MI,43.0378,-86.1912
Holland,MI,42.790067,-86.122633
Hudsonville,MI,42.8748,-85.8751
Jamestown,MI,42.8267,-85.8444
Jenison,MI,42.9088,-85.8098
Lamont,MI,43.0103,-85.8975
Macatawa,MI,42.7697,-86.2055
Marne,MI,43.0532,-85.842
Nunica,MI,43.0883,-86.1028
Spring Lake,MI,43.0887,-86.1915
West Olive,MI,42.9099,-86.1317
Zeeland,MI,42.8256,-86.0104
Hawks,MI,45.2975,-83.8542
Millersburg,MI,45.4309,-84.0854
Onaway,MI,45.3365,-84.2123
Posen,MI,45.2233,-83.6393
Presque Isle,MI,45.2969,-83.5023
Rogers City,MI,45.4123,-83.8355
Higgins Lake,MI,44.3871,-84.7013
Houghton Lake,MI,44.3147,-84.7647
Houghton Lake Heights,MI,44.3275,-84.7745
Prudenville,MI,44.2974,-84.6627
Roscommon,MI,44.4839,-84.6601
Saint Helen,MI,44.3665,-84.4247
Birch Run,MI,43.2649,-83.7903
Burt,MI,43.2404,-83.9511
Brant,MI,43.2548,-84.2978
Chesaning,MI,43.1824,-84.1122
Freeland,MI,43.5161,-84.1822
Hemlock,MI,43.4099,-84.2266
Merrill,MI,43.3939,-84.3308
Oakley,MI,43.1505,-84.2094
Saint Charles,MI,43.2863,-84.1598
Bridgeport,MI,43.3553,-83.8549
Carrollton,MI,43.4586,-83.9303
Frankenmuth,MI,43.338,-83.74845
Algonac,MI,42.6367,-82.5866
Allenton,MI,42.9388,-82.9198
Anchorville,MI,42.8241,-82.6652
Avoca,MI,43.0752,-82.6955
Capac,MI,43.0263,-82.9298
Emmett,MI,42.9872,-82.7854
Fair Haven,MI,42.7023,-82.6688
Goodells,MI,42.9443,-82.6916
Harsens Island,MI,42.585,-82.586
Jeddo,MI,43.1223,-82.5998
Marine City,MI,42.6859,-82.5499
Marysville,MI,42.9135,-82.4813
Memphis,MI,42.941,-82.8046
North Street,MI,43.0349,-82.5748
East China,MI,42.7769,-82.5437
Fort Gratiot,MI,43.0888,-82.4905
Port Huron,MI,42.98335,-82.4424
Columbus,MI,42.8892,-82.6675
Casco,MI,42.7674,-82.6728
Smiths Creek,MI,42.9051,-82.5679
Saint Clair,MI,42.8255,-82.5133
Yale,MI,43.126,-82.8295
Burr Oak,MI,41.8459,-85.3345
Centreville,MI,41.9217,-85.4963
Colon,MI,41.9576,-85.3306
Constantine,MI,41.846,-85.6571
Leonidas,MI,42.0294,-85.3497
Mendon,MI,42.0143,-85.4727
Nottawa,MI,41.9189,-85.4489
Sturgis,MI,41.8089,-85.4264
Three Rivers,MI,41.9596,-85.6371
White Pigeon,MI,41.7929,-85.675
Applegate,MI,43.3619,-82.6479
Argyle,MI,43.5589,-82.9455
Brown City,MI,43.2171,-82.9978
Carsonville,MI,43.4258,-82.6022
Croswell,MI,43.2622,-82.6337
Decker,MI,43.4775,-83.0638
Deckerville,MI,43.5151,-82.7191
Forestville,MI,43.6632,-82.6133
Lexington,MI,43.2435,-82.5301
Marlette,MI,43.3399,-83.0573
Melvin,MI,43.193,-82.8393
Minden City,MI,43.6814,-82.7299
Palms,MI,43.6257,-82.7017
Peck,MI,43.2694,-82.8193
Port Sanilac,MI,43.4329,-82.5468
Sandusky,MI,43.4055,-82.8409
Snover,MI,43.4886,-82.9301
Cooks,MI,45.8997,-86.5307
Germfask,MI,46.2363,-85.9159
Gulliver,MI,46.0115,-86.0214
Manistique,MI,46.0062,-86.2555
Seney,MI,46.388,-85.9708
Bancroft,MI,42.882,-84.1207
Byron,MI,42.8059,-83.973
Durand,MI,42.9117,-83.9877
New Lothrop,MI,43.1388,-83.9851
Vernon,MI,42.9406,-84.0328
Corunna,MI,43.0414,-84.0276
Henderson,MI,43.1143,-84.2369
Laingsburg,MI,42.8627,-84.353
Morrice,MI,42.8385,-84.1768
Owosso,MI,42.9934,-84.1595
Perry,MI,42.82,-84.2313
Shaftsburg,MI,42.804,-84.2959
Fostoria,MI,43.2645,-83.3796
Akron,MI,43.5844,-83.5393
Caro,MI,43.4833,-83.3835
Cass City,MI,43.5797,-83.1733
Deford,MI,43.4735,-83.1702
Fairgrove,MI,43.5126,-83.5835
Gagetown,MI,43.6543,-83.2628
Kingston,MI,43.3982,-83.1847
Mayville,MI,43.3562,-83.3725
Millington,MI,43.2718,-83.5619
Reese,MI,43.4531,-83.7015
Richville,MI,43.4073,-83.6762
Unionville,MI,43.6473,-83.4699
Vassar,MI,43.3691,-83.5844
Bangor,MI,42.3312,-86.1311
Bloomingdale,MI,42.3842,-85.9568
Breedsville,MI,42.3465,-86.0725
Covert,MI,42.2911,-86.2743
Decatur,MI,42.1012,-86.0338
Gobles,MI,42.3702,-85.8536
Grand Junction,MI,42.3761,-86.0541
Hartford,MI,42.2088,-86.1687
Kendall,MI,42.3618,-85.8141
Lacota,MI,42.4136,-86.1298
Lawrence,MI,42.2076,-86.0525
Lawton,MI,42.1545,-85.829
Mattawan,MI,42.2451,-85.7943
Paw Paw,MI,42.2349,-85.9005
South Haven,MI,42.4041,-86.2542
Ann Arbor,MI,42.265487,-83.7714
Bridgewater,MI,42.1602,-83.9117
Chelsea,MI,42.3207,-84.0334
Dexter,MI,42.3583,-83.9
Manchester,MI,42.1555,-84.0332
Salem,MI,42.4056,-83.5781
Saline,MI,42.1698,-83.7849
Whitmore Lake,MI,42.4289,-83.7828
Whittaker,MI,42.1244,-83.5946
Willis,MI,42.1292,-83.5687
Ypsilanti,MI,42.2382,-83.6083
Allen Park,MI,42.2522,-83.212
Belleville,MI,42.19985,-83.4853
Dearborn,MI,42.29185,-83.19695
Melvindale,MI,42.2812,-83.1826
Dearborn Heights,MI,42.30605,-83.2735
Flat Rock,MI,42.1055,-83.2795
Garden City,MI,42.28205,-83.2455
Grosse Ile,MI,42.1352,-83.1561
Inkster,MI,42.294,-83.3146
Lincoln Park,MI,42.2422,-83.1807
Livonia,MI,42.38398,-83.36222
New Boston,MI,42.1449,-83.3589
Northville,MI,42.4174,-83.4886
Plymouth,MI,42.3688,-83.4799
Rockwood,MI,42.0731,-83.2127
Romulus,MI,42.2223,-83.3966
Taylor,MI,42.2317,-83.2673
Trenton,MI,42.1382,-83.2179
Wayne,MI,42.2768,-83.3758
Westland,MI,42.3124,-83.3766
Canton,MI,42.3115,-83.46725
Wyandotte,MI,42.2084,-83.1616
Riverview,MI,42.1782,-83.2461
Southgate,MI,42.2044,-83.1999
Detroit,MI,42.334304,-83.099896
Highland Park,MI,42.4212,-83.1009
Hamtramck,MI,42.4081,-83.0583
River Rouge,MI,42.2692,-83.1364
Harper Woods,MI,42.4377,-82.9289
Ecorse,MI,42.2519,-83.1489
Grosse Pointe,MI,42.40605,-82.9123
Redford,MI,42.401,-83.2953
Cadillac,MI,44.2504,-85.43
Boon,MI,44.2916,-85.6144
Buckley,MI,44.5199,-85.6935
Harrietta,MI,44.2972,-85.7396
Manton,MI,44.4152,-85.4202
Mesick,MI,44.4075,-85.7061
Hill City,MN,46.9968,-93.5994
Jacobson,MN,46.9772,-93.3064
Mcgregor,MN,46.6072,-93.3076
Swatara,MN,46.9232,-93.7464
Tamarack,MN,46.6444,-93.1272
Mc Grath,MN,46.1957,-93.3774
Aitkin,MN,46.4799,-93.6454
Palisade,MN,46.6895,-93.5627
Bethel,MN,45.3887,-93.2315
Cedar,MN,45.3414,-93.235
Circle Pines,MN,45.1528,-93.144
Saint Francis,MN,45.3903,-93.3598
Anoka,MN,45.2825,-93.4186
Andover,MN,45.2377,-93.2724
Minneapolis,MN,44.982377,-93.2961
Detroit Lakes,MN,46.8172,-95.8453
Audubon,MN,46.8719,-95.9881
Callaway,MN,47.0076,-95.944
Frazee,MN,46.7565,-95.5212
Lake Park,MN,46.8176,-96.067
Ogema,MN,47.1029,-95.9151
Osage,MN,46.9329,-95.2353
Ponsford,MN,47.0133,-95.3197
Richwood,MN,46.9747,-95.8228
Rochert,MN,46.8862,-95.7246
White Earth,MN,47.0966,-95.8434
Wolf Lake,MN,46.8035,-95.3535
Bemidji,MN,47.5228,-94.8408
Blackduck,MN,47.7381,-94.4961
Hines,MN,47.7324,-94.6477
Kelliher,MN,47.9272,-94.5382
Pennington,MN,47.4651,-94.4834
Ponemah,MN,48.0372,-94.917
Puposky,MN,47.7436,-94.9803
Redby,MN,47.8689,-94.9404
Redlake,MN,47.8654,-95.0643
Solway,MN,47.548,-95.1205
Tenstrike,MN,47.6566,-94.6747
Waskish,MN,48.177,-94.5037
Wilton,MN,47.5036,-95.0011
Foley,MN,45.6919,-93.9148
Gilman,MN,45.6917,-94.0563
Oak Park,MN,45.7022,-93.8164
Rice,MN,45.7364,-94.1658
Sauk Rapids,MN,45.604,-94.1591
Barry,MN,45.5593,-96.5589
Beardsley,MN,45.5539,-96.706
Clinton,MN,45.4577,-96.4182
Correll,MN,45.2907,-96.1753
Graceville,MN,45.5602,-96.4209
Odessa,MN,45.2597,-96.3289
Ortonville,MN,45.3296,-96.4596
Mankato,MN,44.1767,-94.033133
Amboy,MN,43.8903,-94.1774
Eagle Lake,MN,44.1546,-93.8719
Garden City,MN,44.0467,-94.1791
Good Thunder,MN,43.9952,-94.0677
Lake Crystal,MN,44.1202,-94.2184
Madison Lake,MN,44.2221,-93.8289
Mapleton,MN,43.9331,-93.9542
Pemberton,MN,44.0077,-93.7833
Saint Clair,MN,44.0817,-93.8571
Vernon Center,MN,43.9706,-94.2142
Comfrey,MN,44.1111,-94.9134
Essig,MN,44.3258,-94.6052
Hanska,MN,44.1527,-94.4933
New Ulm,MN,44.3044,-94.4644
Searles,MN,44.2286,-94.4347
Sleepy Eye,MN,44.2821,-94.7273
Springfield,MN,44.2329,-94.9792
Barnum,MN,46.5196,-92.6292
Carlton,MN,46.6484,-92.471
Cloquet,MN,46.7546,-92.5408
Cromwell,MN,46.6718,-92.8739
Esko,MN,46.7126,-92.3569
Holyoke,MN,46.4664,-92.375
Kettle River,MN,46.5029,-92.9047
Moose Lake,MN,46.4472,-92.7466
Sawyer,MN,46.6831,-92.6927
Wrenshall,MN,46.5921,-92.3718
Wright,MN,46.6691,-93.0069
Carver,MN,44.7169,-93.6879
Chanhassen,MN,44.8679,-93.5359
Chaska,MN,44.8061,-93.6083
Cologne,MN,44.7646,-93.7982
Hamburg,MN,44.7315,-93.9643
Mayer,MN,44.9022,-93.8859
New Germany,MN,44.8994,-93.9701
Norwood Young America,MN,44.7736,-93.9216
Norwood,MN,44.793,-93.820167
Victoria,MN,44.8582,-93.6561
Waconia,MN,44.851,-93.7784
Watertown,MN,44.9595,-93.8482
Young America,MN,44.830225,-93.748612
Ah Gwah Ching,MN,47.0741,-94.5628
Backus,MN,46.8699,-94.3959
Hackensack,MN,46.9884,-94.5033
Pillager,MN,46.3607,-94.4895
Pine River,MN,46.6938,-94.4477
Walker,MN,47.0877,-94.5847
Bena,MN,47.3477,-94.2519
Cass Lake,MN,47.3516,-94.6119
Federal Dam,MN,47.2069,-94.2575
Longville,MN,47.0248,-94.1982
Outing,MN,46.8375,-93.9443
Remer,MN,47.0874,-93.9196
Clara City,MN,44.9639,-95.3499
Maynard,MN,44.9226,-95.4845
Milan,MN,45.1143,-95.869
Montevideo,MN,44.9688,-95.6765
Watson,MN,45.0412,-95.834
Almelund,MN,45.5134,-92.8942
Center City,MN,45.4482,-92.7894
Chisago City,MN,45.3611,-92.8921
Harris,MN,45.5962,-93.0395
Lindstrom,MN,45.3873,-92.8421
North Branch,MN,45.5114,-92.9802
Rush City,MN,45.6855,-92.9655
Shafer,MN,45.3576,-92.7609
Stacy,MN,45.39775,-93.00255
Taylors Falls,MN,45.4576,-92.733
Wyoming,MN,45.3364,-92.9675
Barnesville,MN,46.6522,-96.4198
Comstock,MN,46.6667,-96.7398
Dilworth,MN,46.8782,-96.7022
Felton,MN,47.0705,-96.5052
Georgetown,MN,47.0999,-96.727
Glyndon,MN,46.882,-96.5583
Hawley,MN,46.9777,-96.4092
Hitterdal,MN,47.0014,-96.2888
Moorhead,MN,46.87235,-96.766425
Sabin,MN,46.7703,-96.5985
Ulen,MN,47.0903,-96.2824
Bagley,MN,47.487,-95.4133
Clearbrook,MN,47.7146,-95.3752
Gonvick,MN,47.749,-95.499
Leonard,MN,47.7334,-95.2481
Shevlin,MN,47.5004,-95.245
Grand Marais,MN,47.7758,-90.3391
Grand Portage,MN,47.9591,-89.6989
Hovland,MN,47.8342,-90.0476
Lutsen,MN,47.6831,-90.6381
Schroeder,MN,47.5422,-90.9338
Tofte,MN,47.5738,-90.8363
Windom,MN,43.8831,-95.1373
Bingham Lake,MN,43.8942,-95.0457
Jeffers,MN,44.0737,-95.1547
Mountain Lake,MN,43.939,-94.9273
Storden,MN,44.0524,-95.3019
Westbrook,MN,44.0654,-95.4232
Brainerd,MN,46.3502,-94.1
Baxter,MN,46.3429,-94.2822
Crosby,MN,46.5091,-93.9874
Crosslake,MN,46.6773,-94.1128
Deerwood,MN,46.4446,-93.8849
Emily,MN,46.7478,-93.9484
Fifty Lakes,MN,46.747,-94.0656
Fort Ripley,MN,46.2099,-94.2527
Garrison,MN,46.2314,-93.8341
Ironton,MN,46.4778,-93.9789
Jenkins,MN,46.6461,-94.3347
Lake Hubert,MN,46.4987,-94.2519
Merrifield,MN,46.5393,-94.1344
Nisswa,MN,46.4929,-94.2976
Pequot Lakes,MN,46.6257,-94.2684
Castle Rock,MN,44.5472,-93.1531
Farmington,MN,44.6628,-93.1539
Hampton,MN,44.6028,-92.9467
Hastings,MN,44.7129,-92.8637
Lakeville,MN,44.6749,-93.2578
Randolph,MN,44.5274,-93.0196
Rosemount,MN,44.7394,-93.1258
South Saint Paul,MN,44.8881,-93.046
Inver Grove Heights,MN,44.82855,-93.06655
Vermillion,MN,44.6748,-92.9683
Saint Paul,MN,44.959586,-93.101595
Mendota,MN,44.8858,-93.1612
Burnsville,MN,44.7458,-93.2837
Claremont,MN,44.0522,-92.9888
Dodge Center,MN,44.0325,-92.8554
Hayfield,MN,43.8923,-92.8175
Kasson,MN,44.024,-92.7464
Mantorville,MN,44.0657,-92.76
West Concord,MN,44.152,-92.8825
Alexandria,MN,45.8817,-95.382
Brandon,MN,45.9652,-95.5987
Carlos,MN,45.9726,-95.3105
Evansville,MN,46.0153,-95.6951
Garfield,MN,45.9847,-95.5066
Holmes City,MN,45.831,-95.5416
Kensington,MN,45.8176,-95.6945
Miltona,MN,46.0545,-95.3258
Nelson,MN,45.9356,-95.2398
Osakis,MN,45.8768,-95.1332
Blue Earth,MN,43.6394,-94.0924
Bricelyn,MN,43.5746,-93.8211
Delavan,MN,43.7719,-94.0225
Easton,MN,43.7658,-93.9011
Elmore,MN,43.5201,-94.0984
Frost,MN,43.5638,-93.9361
Huntley,MN,43.7316,-94.2375
Kiester,MN,43.5414,-93.7102
Minnesota Lake,MN,43.8295,-93.8282
Wells,MN,43.7434,-93.7321
Winnebago,MN,43.7755,-94.1632
Canton,MN,43.5667,-91.913
Chatfield,MN,43.8362,-92.1574
Fountain,MN,43.7284,-92.1423
Harmony,MN,43.5663,-92.0145
Lanesboro,MN,43.7174,-91.9877
Mabel,MN,43.5446,-91.7806
Ostrander,MN,43.5972,-92.4157
Peterson,MN,43.7769,-91.8443
Preston,MN,43.6641,-92.096
Rushford,MN,43.8216,-91.7536
Spring Valley,MN,43.6823,-92.368
Wykoff,MN,43.7146,-92.2679
Albert Lea,MN,43.6537,-93.3707
Alden,MN,43.6466,-93.5823
Clarks Grove,MN,43.763,-93.3232
Conger,MN,43.615,-93.5283
Emmons,MN,43.5089,-93.4824
Freeborn,MN,43.7658,-93.5641
Geneva,MN,43.8235,-93.2671
Glenville,MN,43.5577,-93.2618
Hartland,MN,43.804,-93.477
Hayward,MN,43.6386,-93.2377
Hollandale,MN,43.7608,-93.2041
Twin Lakes,MN,43.5593,-93.4206
Cannon Falls,MN,44.496,-92.864
Dennison,MN,44.4265,-92.9554
Frontenac,MN,44.52,-92.3582
Goodhue,MN,44.4022,-92.5717
Red Wing,MN,44.5528,-92.5486
Welch,MN,44.603,-92.7263
Kenyon,MN,44.2552,-93.0197
Pine Island,MN,44.211,-92.6613
Wanamingo,MN,44.3121,-92.8103
Zumbrota,MN,44.3032,-92.6719
Herman,MN,45.8086,-96.1434
Norcross,MN,45.8858,-96.1342
Ashby,MN,46.0781,-95.8214
Barrett,MN,45.8996,-95.8754
Hoffman,MN,45.8233,-95.7955
Elbow Lake,MN,45.9953,-95.9671
Wendell,MN,46.0562,-96.1144
Hopkins,MN,44.9334,-93.44265
Maple Grove,MN,45.0725,-93.4558
Champlin,MN,45.17,-93.3819
Crystal Bay,MN,44.953,-93.5763
Dayton,MN,45.1982,-93.4668
Excelsior,MN,44.9007,-93.5791
Hamel,MN,45.08,-93.576
Eden Prairie,MN,44.856233,-93.453167
Minnetonka,MN,44.9138,-93.485
Maple Plain,MN,45.028545,-93.547209
Long Lake,MN,44.9912,-93.5818
Loretto,MN,45.030933,-93.504783
Minnetonka Beach,MN,44.9402,-93.5927
Mound,MN,44.9382,-93.6561
Osseo,MN,45.1239,-93.4307
Rogers,MN,45.1715,-93.5814
Saint Bonifacius,MN,44.9041,-93.749
Spring Park,MN,44.9356,-93.6341
Wayzata,MN,44.9847,-93.5422
Navarre,MN,45.0159,-93.4719
Rockford,MN,45.08825,-93.72905
Howard Lake,MN,45.0612,-94.0714
Brownsville,MN,43.6707,-91.3012
Caledonia,MN,43.6221,-91.4837
Eitzen,MN,43.5084,-91.4632
Hokah,MN,43.7509,-91.3455
Houston,MN,43.7929,-91.5626
La Crescent,MN,43.8307,-91.3263
Spring Grove,MN,43.5623,-91.6368
Akeley,MN,47.001,-94.7234
Benedict,MN,47.158,-94.6906
Lake George,MN,47.215,-95.0021
Laporte,MN,47.2368,-94.7772
Nevis,MN,46.9319,-94.846
Park Rapids,MN,46.9377,-95.0383
Braham,MN,45.7175,-93.2037
Cambridge,MN,45.5576,-93.2889
Dalbo,MN,45.6787,-93.4419
Grandy,MN,45.6352,-93.1952
Isanti,MN,45.4682,-93.2266
Stanchfield,MN,45.6675,-93.2433
Bovey,MN,47.2868,-93.3723
Calumet,MN,47.3229,-93.2763
Cohasset,MN,47.2691,-93.6392
Coleraine,MN,47.2888,-93.4277
Grand Rapids,MN,47.2364,-93.523967
Goodland,MN,47.1924,-93.1469
Keewatin,MN,47.398,-93.0784
Marble,MN,47.3219,-93.2939
Nashwauk,MN,47.42,-93.2168
Pengilly,MN,47.3151,-93.1937
Swan River,MN,47.0739,-93.1964
Taconite,MN,47.3164,-93.3904
Warba,MN,47.1361,-93.2764
Bigfork,MN,47.7502,-93.6707
Bowstring,MN,47.543,-93.7966
Deer River,MN,47.3829,-93.8498
Talmoon,MN,47.5888,-93.7749
Effie,MN,47.8472,-93.5799
Marcell,MN,47.5485,-93.6236
Max,MN,47.6147,-94.068
Spring Lake,MN,47.6359,-93.922
Squaw Lake,MN,47.6362,-94.1475
Wirt,MN,47.7462,-93.963
Alpha,MN,43.5946,-94.9051
Heron Lake,MN,43.7979,-95.3267
Jackson,MN,43.6457,-94.9938
Lakefield,MN,43.6545,-95.1848
Okabena,MN,43.723,-95.3381
Mora,MN,45.8958,-93.2942
Ogilvie,MN,45.8476,-93.4359
Willmar,MN,45.1393,-95.0523
Atwater,MN,45.1116,-94.7938
Blomkest,MN,44.9501,-95.0588
Kandiyohi,MN,45.1426,-94.9183
Lake Lillian,MN,44.966,-94.9014
New London,MN,45.2949,-94.948
Pennock,MN,45.131,-95.1753
Prinsburg,MN,44.9371,-95.1865
Raymond,MN,45.0181,-95.2208
Spicer,MN,45.2241,-94.9116
Sunburg,MN,45.3583,-95.2049
Donaldson,MN,48.5722,-96.8964
Hallock,MN,48.7749,-96.9445
Halma,MN,48.6669,-96.5969
Humboldt,MN,48.9211,-97.0934
Karlstad,MN,48.5916,-96.5511
Kennedy,MN,48.6337,-96.9614
Lake Bronson,MN,48.7787,-96.6431
Lancaster,MN,48.9153,-96.6366
Noyes,MN,48.9975,-97.2045
Saint Vincent,MN,48.9458,-97.1703
Big Falls,MN,48.156,-93.7296
Birchdale,MN,48.6247,-94.1677
International Falls,MN,48.601,-93.411
Littlefork,MN,48.3852,-93.5399
Loman,MN,48.5164,-93.8407
Margie,MN,48.0904,-93.8292
Mizpah,MN,47.9495,-94.1467
Northome,MN,47.844,-94.2043
Ranier,MN,48.613,-93.3488
Kabetogama,MN,48.2463,-93.7842
South International Falls,MN,48.5866,-93.399
Bellingham,MN,45.1556,-96.3224
Boyd,MN,44.8507,-95.9421
Dawson,MN,44.9327,-96.0545
Madison,MN,44.9946,-96.1645
Marietta,MN,44.9636,-96.4094
Beaver Bay,MN,47.256,-91.3566
Finland,MN,47.4197,-91.2096
Isabella,MN,47.6604,-91.4989
Knife River,MN,46.9539,-91.778
Silver Bay,MN,47.3585,-91.2205
Two Harbors,MN,47.0394,-91.6783
Baudette,MN,48.6927,-94.5995
Williams,MN,48.8022,-94.9556
Angle Inlet,MN,49.3453,-95.0627
Oak Island,MN,49.3135,-94.8492
Cleveland,MN,44.3201,-93.8286
Elysian,MN,44.2231,-93.6965
Kasota,MN,44.2842,-93.9453
Kilkenny,MN,44.3133,-93.5741
Le Center,MN,44.3853,-93.7214
Le Sueur,MN,44.4582,-93.8856
Montgomery,MN,44.4356,-93.581
New Prague,MN,44.5402,-93.5805
Waterville,MN,44.2238,-93.5751
Arco,MN,44.4091,-96.1999
Hendricks,MN,44.4995,-96.4078
Ivanhoe,MN,44.4633,-96.2473
Lake Benton,MN,44.2782,-96.291
Tyler,MN,44.2773,-96.1302
Balaton,MN,44.2253,-95.8838
Garvin,MN,44.2293,-95.7672
Lynd,MN,44.4032,-95.9233
Russell,MN,44.3201,-95.9426
Tracy,MN,44.2342,-95.6213
Cottonwood,MN,44.6003,-95.6925
Ghent,MN,44.5078,-95.8936
Marshall,MN,44.4481,-95.7795
Minneota,MN,44.5587,-95.9767
Taunton,MN,44.5951,-96.0526
Brownton,MN,44.7281,-94.3306
Glencoe,MN,44.778,-94.1616
Hutchinson,MN,44.8946,-94.3847
Lester Prairie,MN,44.8739,-94.0551
Plato,MN,44.7657,-94.0506
Silver Lake,MN,44.9139,-94.1974
Stewart,MN,44.7259,-94.4516
Winsted,MN,44.9585,-94.0552
Bejou,MN,47.4491,-95.9454
Mahnomen,MN,47.3362,-95.8856
Naytahwaush,MN,47.2601,-95.6283
Waubun,MN,47.192,-95.8871
Alvarado,MN,48.202,-96.9915
Argyle,MN,48.3314,-96.8671
Gatzke,MN,48.4104,-95.7903
Grygla,MN,48.3071,-95.6398
Middle River,MN,48.4426,-96.1232
Newfolden,MN,48.2895,-96.255
Oslo,MN,48.2066,-97.1163
Stephen,MN,48.4525,-96.8674
Strandquist,MN,48.4526,-96.4723
Viking,MN,48.2349,-96.4749
Warren,MN,48.2614,-96.7726
Fairmont,MN,43.6376,-94.451
Granada,MN,43.7061,-94.3307
Northrop,MN,43.7353,-94.4357
Truman,MN,43.82,-94.4319
Ceylon,MN,43.5382,-94.6149
Dunnell,MN,43.5531,-94.7876
Ormsby,MN,43.8616,-94.6873
Sherburn,MN,43.6611,-94.7269
Trimont,MN,43.7827,-94.7186
Welcome,MN,43.6705,-94.5886
Darwin,MN,45.1029,-94.4249
Dassel,MN,45.1032,-94.3305
Eden Valley,MN,45.302,-94.6039
Litchfield,MN,45.1263,-94.5268
Watkins,MN,45.3087,-94.4297
Cosmos,MN,44.959,-94.6978
Grove City,MN,45.1532,-94.6878
Princeton,MN,45.5851,-93.5961
Bock,MN,45.7845,-93.5522
Foreston,MN,45.7028,-93.6958
Isle,MN,46.1696,-93.4741
Milaca,MN,45.7795,-93.6453
Onamia,MN,46.0902,-93.6867
Pease,MN,45.6974,-93.6465
Wahkon,MN,46.1121,-93.4972
Bowlus,MN,45.8121,-94.4175
Buckman,MN,45.8975,-94.0936
Flensburg,MN,45.9552,-94.535
Hillman,MN,46.0678,-93.8812
Lastrup,MN,46.0394,-94.0633
Little Falls,MN,45.9811,-94.3604
Pierz,MN,46.0081,-94.0853
Royalton,MN,45.8589,-94.2211
Swanville,MN,45.9431,-94.6289
Upsala,MN,45.8097,-94.5755
Waite Park,MN,45.55345,-94.22435
Cushing,MN,46.2022,-94.6185
Motley,MN,46.2881,-94.5638
Randall,MN,46.0734,-94.5005
Adams,MN,43.5591,-92.7305
Austin,MN,43.6695,-92.9784
Brownsdale,MN,43.7248,-92.8738
Dexter,MN,43.716,-92.7268
Elkton,MN,43.6348,-92.7104
Grand Meadow,MN,43.7101,-92.5692
Lansing,MN,43.7452,-92.9702
Le Roy,MN,43.5315,-92.5065
Lyle,MN,43.5309,-92.9328
Racine,MN,43.79,-92.531
Rose Creek,MN,43.6036,-92.8319
Sargeant,MN,43.809,-92.7595
Taopi,MN,43.5458,-92.6335
Waltham,MN,43.807,-92.8734
Avoca,MN,43.9706,-95.6002
Chandler,MN,43.9163,-95.9296
Currie,MN,44.0946,-95.6953
Dovray,MN,44.0533,-95.5499
Fulda,MN,43.8753,-95.5979
Iona,MN,43.9026,-95.7718
Lake Wilson,MN,44.0095,-95.9797
Slayton,MN,43.9856,-95.7554
Courtland,MN,44.2791,-94.3482
Lafayette,MN,44.4073,-94.4365
Nicollet,MN,44.2724,-94.1867
Saint Peter,MN,44.3351,-93.9811
Adrian,MN,43.6197,-95.9273
Bigelow,MN,43.5336,-95.6515
Brewster,MN,43.7032,-95.4807
Ellsworth,MN,43.5265,-96.0112
Leota,MN,43.8404,-96.0128
Lismore,MN,43.7339,-95.9682
Reading,MN,43.7136,-95.7389
Round Lake,MN,43.562,-95.4502
Rushmore,MN,43.624,-95.7767
Wilmont,MN,43.7692,-95.8324
Worthington,MN,43.6286,-95.6059
Ada,MN,47.3253,-96.5973
Borup,MN,47.1896,-96.553
Flom,MN,47.1588,-96.1309
Gary,MN,47.3675,-96.2152
Halstad,MN,47.3551,-96.798
Hendrum,MN,47.2689,-96.7987
Perley,MN,47.1831,-96.7777
Shelly,MN,47.4554,-96.7838
Twin Valley,MN,47.2509,-96.2464
Rochester,MN,44.0317,-92.4639
Byron,MN,44.0373,-92.6308
Dover,MN,44.0015,-92.1415
Eyota,MN,44.0099,-92.2648
Oronoco,MN,44.1489,-92.485
Stewartville,MN,43.8555,-92.4885
Dalton,MN,46.1738,-95.9156
Parkers Prairie,MN,46.153,-95.3289
Battle Lake,MN,46.3142,-95.7144
Bluffton,MN,46.4918,-95.2236
Clitherall,MN,46.2757,-95.6308
Deer Creek,MN,46.3911,-95.3214
Dent,MN,46.5554,-95.7644
Elizabeth,MN,46.3803,-96.1326
Erhard,MN,46.4948,-96.0593
Fergus Falls,MN,46.2795,-96.084
Henning,MN,46.3256,-95.3852
New York Mills,MN,46.5559,-95.4047
Ottertail,MN,46.4177,-95.5436
Pelican Rapids,MN,46.5994,-96.0662
Perham,MN,46.6031,-95.5818
Richville,MN,46.4434,-95.7924
Underwood,MN,46.3265,-95.8415
Vergas,MN,46.6706,-95.7948
Vining,MN,46.2195,-95.506
Thief River Falls,MN,48.1191,-96.1811
Goodridge,MN,48.0686,-95.7283
Saint Hilaire,MN,48.0109,-96.2249
Brook Park,MN,45.9474,-93.0736
Grasston,MN,45.8566,-93.0813
Henriette,MN,45.8712,-93.1196
Hinckley,MN,46.0189,-92.8993
Pine City,MN,45.8363,-92.9042
Rock Creek,MN,45.7575,-92.9624
Sandstone,MN,46.1325,-92.589
Askov,MN,46.1964,-92.7528
Bruno,MN,46.2845,-92.619
Finlayson,MN,46.2121,-92.9389
Kerrick,MN,46.3792,-92.578
Sturgeon Lake,MN,46.3837,-92.8182
Willow River,MN,46.2949,-92.8309
Edgerton,MN,43.8824,-96.1463
Holland,MN,44.0759,-96.1903
Ihlen,MN,43.9072,-96.3673
Jasper,MN,43.8568,-96.385
Pipestone,MN,43.9893,-96.2652
Ruthton,MN,44.1682,-96.0871
Woodstock,MN,43.9873,-96.1192
Beltrami,MN,47.5721,-96.4549
Climax,MN,47.6837,-96.8715
Erskine,MN,47.6618,-96.0122
Fertile,MN,47.5361,-96.2803
Fosston,MN,47.5816,-95.7431
Mcintosh,MN,47.6522,-95.8863
Nielsville,MN,47.5373,-96.7574
Winger,MN,47.5375,-95.9941
Gully,MN,47.7697,-95.641
Lengby,MN,47.5158,-95.6359
Trail,MN,47.7478,-95.7607
Crookston,MN,47.7797,-96.5931
East Grand Forks,MN,47.9318,-97.0213
Euclid,MN,47.9845,-96.6428
Fisher,MN,47.8003,-96.8015
Mentor,MN,47.6576,-96.1778
Cyrus,MN,45.6414,-95.7096
Farwell,MN,45.7244,-95.6656
Glenwood,MN,45.6429,-95.3868
Lowry,MN,45.7105,-95.5322
Starbuck,MN,45.5926,-95.5421
Villard,MN,45.7118,-95.2414
Brooks,MN,47.8129,-96.0117
Oklee,MN,47.8286,-95.8617
Plummer,MN,47.9113,-95.9646
Red Lake Falls,MN,47.8823,-96.2681
Sanborn,MN,44.2183,-95.1328
Lamberton,MN,44.2378,-95.2739
Revere,MN,44.2391,-95.3557
Walnut Grove,MN,44.2294,-95.4965
Belview,MN,44.6055,-95.3178
Clements,MN,44.3943,-95.0474
Lucan,MN,44.4132,-95.4119
Milroy,MN,44.4365,-95.5545
Morgan,MN,44.3926,-94.9218
Redwood Falls,MN,44.5394,-95.1169
Seaforth,MN,44.4772,-95.3264
Vesta,MN,44.5051,-95.4118
Wabasso,MN,44.4059,-95.2632
Wanda,MN,44.3149,-95.213
Bird Island,MN,44.7507,-94.8716
Buffalo Lake,MN,44.7709,-94.5912
Fairfax,MN,44.5329,-94.7256
Franklin,MN,44.5421,-94.8931
Hector,MN,44.7485,-94.7058
Danube,MN,44.7919,-95.0972
Morton,MN,44.5662,-95.0268
Olivia,MN,44.7706,-94.9727
Renville,MN,44.7776,-95.1989
Sacred Heart,MN,44.7975,-95.3538
Dundas,MN,44.3955,-93.2037
Faribault,MN,44.2945,-93.2818
Lonsdale,MN,44.4477,-93.4252
Morristown,MN,44.2342,-93.4525
Nerstrand,MN,44.3538,-93.0855
Northfield,MN,44.4587,-93.1668
Warsaw,MN,44.2485,-93.3949
Webster,MN,44.5003,-93.3826
Beaver Creek,MN,43.6223,-96.3698
Hardwick,MN,43.7911,-96.2161
Hills,MN,43.5335,-96.3645
Kanaranzi,MN,43.5758,-96.0945
Kenneth,MN,43.7637,-96.1089
Luverne,MN,43.6614,-96.2216
Magnolia,MN,43.644,-96.0769
Steen,MN,43.5317,-96.2439
Roosevelt,MN,48.8279,-95.1119
Swift,MN,48.8533,-95.2213
Badger,MN,48.7913,-96.0965
Greenbush,MN,48.6957,-96.1871
Roseau,MN,48.7048,-95.7504
Salol,MN,48.8522,-95.5356
Strathcona,MN,48.5459,-96.0879
Wannaska,MN,48.6452,-95.7072
Warroad,MN,48.9111,-95.3538
Brimson,MN,47.3142,-91.8625
Alborn,MN,46.9782,-92.5579
Angora,MN,47.7577,-92.6413
Aurora,MN,47.4951,-92.2415
Babbitt,MN,47.7091,-91.957
Biwabik,MN,47.5328,-92.3408
Britt,MN,47.655,-92.6321
Brookston,MN,46.8384,-92.643
Buhl,MN,47.4932,-92.7643
Canyon,MN,47.0785,-92.4594
Chisholm,MN,47.5007,-92.8617
Cook,MN,47.8442,-92.721
Cotton,MN,47.1521,-92.4352
Crane Lake,MN,48.2594,-92.4896
Ely,MN,47.9034,-91.857
Embarrass,MN,47.6658,-92.2101
Eveleth,MN,47.451,-92.528
Floodwood,MN,46.9076,-92.9167
Forbes,MN,47.2732,-92.6756
Gilbert,MN,47.4885,-92.4025
Hibbing,MN,47.4214,-92.93665
Hoyt Lakes,MN,47.515,-92.14
Iron,MN,47.4115,-92.6195
Kinney,MN,47.5121,-92.7402
Makinen,MN,47.3416,-92.3446
Meadowlands,MN,47.1021,-92.7884
Melrude,MN,47.2496,-92.4123
Mountain Iron,MN,47.5133,-92.6243
Orr,MN,48.1439,-92.8561
Nett Lake,MN,48.111,-93.0941
Virginia,MN,47.5302,-92.53255
Saginaw,MN,46.8795,-92.3917
Side Lake,MN,47.6671,-93.0424
Soudan,MN,47.821,-92.2464
Tower,MN,47.8089,-92.2878
Twig,MN,46.8944,-92.3646
Winton,MN,47.9263,-91.8007
Duluth,MN,46.7864,-92.126557
Elko New Market,MN,44.5647,-93.3269
Jordan,MN,44.6713,-93.6195
Prior Lake,MN,44.7107,-93.4101
Savage,MN,44.7615,-93.3434
Shakopee,MN,44.7793,-93.5197
Belle Plaine,MN,44.6139,-93.7604
Becker,MN,45.4365,-93.841
Big Lake,MN,45.3506,-93.7399
Clear Lake,MN,45.4795,-93.9684
Elk River,MN,45.3136,-93.5814
Santiago,MN,45.5402,-93.8154
Zimmerman,MN,45.4553,-93.5879
Arlington,MN,44.6153,-94.0762
Gaylord,MN,44.5463,-94.1955
Gibbon,MN,44.5606,-94.5467
Green Isle,MN,44.6791,-94.0083
New Auburn,MN,44.6735,-94.2293
Winthrop,MN,44.5436,-94.3698
Henderson,MN,44.5344,-93.9345
Kimball,MN,45.3436,-94.3028
Saint Cloud,MN,45.559164,-94.1649
Albany,MN,45.6151,-94.574
Avon,MN,45.6122,-94.436
Belgrade,MN,45.4865,-94.9699
Brooten,MN,45.5011,-95.1245
Cold Spring,MN,45.45,-94.4378
Collegeville,MN,45.5783,-94.4199
Elrosa,MN,45.5636,-94.9464
Freeport,MN,45.6731,-94.6785
Greenwald,MN,45.5971,-94.8515
Holdingford,MN,45.7249,-94.4581
Melrose,MN,45.6582,-94.8198
New Munich,MN,45.6297,-94.7519
Paynesville,MN,45.3988,-94.7157
Richmond,MN,45.4605,-94.5361
Rockville,MN,45.4719,-94.3408
Roscoe,MN,45.4332,-94.6366
Saint Joseph,MN,45.5651,-94.3367
Saint Stephen,MN,45.7118,-94.2817
Saint Martin,MN,45.5019,-94.6689
Sartell,MN,45.6318,-94.2136
Sauk Centre,MN,45.7281,-94.9682
Medford,MN,44.1741,-93.2437
Owatonna,MN,44.0805,-93.2191
Blooming Prairie,MN,43.8977,-93.0608
Ellendale,MN,43.8826,-93.3195
Hope,MN,43.9619,-93.276
Alberta,MN,45.5571,-96.0498
Chokio,MN,45.5524,-96.1733
Donnelly,MN,45.7014,-96.0649
Hancock,MN,45.4985,-95.8008
Morris,MN,45.5921,-95.9172
Appleton,MN,45.2054,-95.9949
Benson,MN,45.3129,-95.5766
Clontarf,MN,45.3763,-95.6787
Danvers,MN,45.2818,-95.7219
Holloway,MN,45.2708,-95.9164
Kerkhoven,MN,45.2096,-95.3115
Murdock,MN,45.2161,-95.4049
Burtrum,MN,45.888,-94.6962
Grey Eagle,MN,45.8252,-94.7467
Long Prairie,MN,45.9747,-94.8656
West Union,MN,45.7995,-95.0821
Bertha,MN,46.2515,-95.0357
Browerville,MN,46.0905,-94.8346
Clarissa,MN,46.1373,-94.9572
Eagle Bend,MN,46.117,-95.0961
Hewitt,MN,46.325,-95.0504
Staples,MN,46.3536,-94.7633
Browns Valley,MN,45.6069,-96.8063
Dumont,MN,45.6717,-96.4061
Wheaton,MN,45.8111,-96.4866
Tintah,MN,46.0074,-96.3593
Lake City,MN,44.4305,-92.2838
Elgin,MN,44.1358,-92.2535
Kellogg,MN,44.2739,-92.1095
Mazeppa,MN,44.2646,-92.5207
Millville,MN,44.2359,-92.2672
Plainview,MN,44.1637,-92.1621
Reads Landing,MN,44.3977,-92.0893
Wabasha,MN,44.3703,-92.0361
Zumbro Falls,MN,44.2427,-92.4256
Aldrich,MN,46.3797,-94.9364
Menahga,MN,46.7572,-95.0714
Sebeka,MN,46.6306,-95.0681
Verndale,MN,46.5065,-94.9676
Wadena,MN,46.4401,-95.1283
Janesville,MN,44.1168,-93.7095
New Richland,MN,43.8937,-93.4995
Waldorf,MN,43.9399,-93.7043
Waseca,MN,44.0834,-93.5108
Afton,MN,44.8697,-92.8234
Bayport,MN,45.0214,-92.7844
Cottage Grove,MN,44.8308,-92.9393
Forest Lake,MN,45.2685,-92.9749
Hugo,MN,45.1824,-92.9452
Lake Elmo,MN,44.9946,-92.9056
Lakeland,MN,44.9394,-92.7716
Marine On Saint Croix,MN,45.1988,-92.8258
Newport,MN,44.8725,-92.9986
Saint Paul Park,MN,44.8344,-92.9873
Scandia,MN,45.2697,-92.8292
Stillwater,MN,45.0412,-92.91555
Willernie,MN,45.0535,-92.957
Darfur,MN,44.0513,-94.838
La Salle,MN,44.0727,-94.5795
Lewisville,MN,43.9209,-94.4289
Madelia,MN,44.0499,-94.411
Saint James,MN,43.9875,-94.6229
Butterfield,MN,43.9654,-94.7956
Odin,MN,43.8824,-94.774
Breckenridge,MN,46.2797,-96.5622
Campbell,MN,46.1402,-96.4433
Foxhome,MN,46.2584,-96.3176
Kent,MN,46.4378,-96.6852
Nashua,MN,46.0537,-96.316
Rothsay,MN,46.5094,-96.2887
Wolverton,MN,46.555,-96.6149
Altura,MN,44.1361,-91.9745
Dakota,MN,43.9148,-91.394
Homer,MN,44.02,-91.6819
Lewiston,MN,43.9702,-91.8662
Minnesota City,MN,44.0832,-91.7418
Rollingstone,MN,44.1025,-91.8158
Saint Charles,MN,43.9585,-92.0517
Utica,MN,43.9587,-91.9417
Winona,MN,44.03,-91.7009
Stockton,MN,44.0252,-91.7708
Albertville,MN,45.2534,-93.6469
Annandale,MN,45.2483,-94.1061
Buffalo,MN,45.1814,-93.8635
Clearwater,MN,45.3877,-94.0452
Cokato,MN,45.0748,-94.1911
Delano,MN,45.0342,-93.8016
Hanover,MN,45.1602,-93.6734
Maple Lake,MN,45.2202,-93.9638
Monticello,MN,45.2956,-93.8023
Montrose,MN,45.0442,-93.9139
Saint Michael,MN,45.2064,-93.6593
Silver Creek,MN,45.3158,-93.9798
South Haven,MN,45.2925,-94.2119
Waverly,MN,45.0666,-93.9664
Canby,MN,44.7202,-96.2784
Clarkfield,MN,44.7743,-95.8304
Echo,MN,44.631,-95.4182
Granite Falls,MN,44.8087,-95.5516
Hanley Falls,MN,44.6789,-95.6825
Porter,MN,44.6565,-96.1581
Wood Lake,MN,44.6379,-95.5409
Kirksville,MO,40.1908,-92.5856
Brashear,MO,40.1959,-92.4333
Gibbs,MO,40.104,-92.4066
Greentop,MO,40.3446,-92.5567
Novinger,MO,40.2685,-92.7172
Amazonia,MO,39.9092,-94.9113
Bolckow,MO,40.1007,-94.8847
Cosby,MO,39.8555,-94.6977
Fillmore,MO,40.0142,-94.9555
Helena,MO,39.9295,-94.6465
Rea,MO,40.0593,-94.7002
Rosendale,MO,40.0399,-94.8328
Savannah,MO,39.9168,-94.8267
Saint Joseph,MO,39.749525,-94.83665
Fairfax,MO,40.3302,-95.3751
Rock Port,MO,40.4306,-95.5274
Tarkio,MO,40.4418,-95.3786
Watson,MO,40.478,-95.6193
Westboro,MO,40.5357,-95.3134
Farber,MO,39.2742,-91.5798
Laddonia,MO,39.2425,-91.6454
Vandalia,MO,39.2949,-91.4883
Benton City,MO,39.1209,-91.7661
Martinsburg,MO,39.0968,-91.6646
Mexico,MO,39.1712,-91.8895
Rush Hill,MO,39.21,-91.7216
Thompson,MO,39.2128,-92.0046
Wheaton,MO,36.7651,-94.0492
Butterfield,MO,36.749,-93.9064
Cassville,MO,36.6784,-93.8467
Eagle Rock,MO,36.548,-93.7336
Exeter,MO,36.6815,-93.9702
Golden,MO,36.5625,-93.623
Monett,MO,36.9212,-93.9258
Purdy,MO,36.8069,-93.9164
Seligman,MO,36.5276,-93.9359
Shell Knob,MO,36.6167,-93.6249
Washburn,MO,36.5807,-93.992
Golden City,MO,37.3995,-94.1027
Lamar,MO,37.5191,-94.3364
Liberal,MO,37.5725,-94.5204
Milford,MO,37.5848,-94.1572
Mindenmines,MO,37.452,-94.5756
Adrian,MO,38.4125,-94.3683
Amoret,MO,38.2605,-94.5734
Amsterdam,MO,38.3954,-94.5763
Butler,MO,38.2712,-94.3137
Drexel,MO,38.4956,-94.5928
Foster,MO,38.1661,-94.5075
Hume,MO,38.09,-94.5838
Rich Hill,MO,38.0944,-94.3635
Rockville,MO,38.0766,-94.1299
Cole Camp,MO,38.4531,-93.1915
Edwards,MO,38.1906,-93.1471
Ionia,MO,38.5019,-93.3224
Lincoln,MO,38.4073,-93.3668
Warsaw,MO,38.2431,-93.3819
Patton,MO,37.4733,-90.05
Gipsy,MO,37.147,-90.1795
Glenallen,MO,37.3231,-90.0515
Leopold,MO,37.2609,-89.9227
Marble Hill,MO,37.3061,-89.9823
Sedgewickville,MO,37.537,-89.9272
Sturdivant,MO,37.071,-90.0092
Zalma,MO,37.1365,-90.0757
Ashland,MO,38.7878,-92.2537
Hartsburg,MO,38.7159,-92.2864
Columbia,MO,38.96103,-92.33172
Centralia,MO,39.1961,-92.1472
Hallsville,MO,39.1054,-92.2239
Harrisburg,MO,39.1203,-92.441
Rocheport,MO,38.9756,-92.5079
Sturgeon,MO,39.2057,-92.2953
Mid Missouri,MO,38.9033,-92.1022
Agency,MO,39.6662,-94.717
De Kalb,MO,39.5834,-94.927
Easton,MO,39.7517,-94.6582
Faucett,MO,39.5891,-94.7913
Rushville,MO,39.5653,-95.0413
Poplar Bluff,MO,36.73935,-90.4118
Broseley,MO,36.6899,-90.2508
Fagus,MO,36.5114,-90.267
Fisk,MO,36.7836,-90.2168
Harviell,MO,36.6723,-90.5583
Neelyville,MO,36.571,-90.4995
Qulin,MO,36.5818,-90.2617
Rombauer,MO,36.8431,-90.2801
Braymer,MO,39.5915,-93.7887
Breckenridge,MO,39.7582,-93.8068
Cowgill,MO,39.5643,-93.9295
Hamilton,MO,39.7364,-93.9909
Kidder,MO,39.7803,-94.1024
Kingston,MO,39.6508,-94.0827
Polo,MO,39.5647,-94.0743
Williamsburg,MO,38.8874,-91.7689
Holts Summit,MO,38.6328,-92.1163
Mokane,MO,38.6998,-91.8868
New Bloomfield,MO,38.71,-92.083
Portland,MO,38.7109,-91.7177
Steedman,MO,38.7566,-91.7888
Tebbetts,MO,38.6402,-91.9673
Auxvasse,MO,39.0122,-91.8858
Fulton,MO,38.8518,-91.9605
Kingdom City,MO,38.9551,-91.952
Camdenton,MO,38.0185,-92.7677
Lake Ozark,MO,38.2003,-92.6684
Linn Creek,MO,38.0605,-92.6831
Osage Beach,MO,38.138,-92.6664
Sunrise Beach,MO,38.1558,-92.7854
Climax Springs,MO,38.1396,-92.9537
Stoutland,MO,37.8693,-92.5114
Montreal,MO,37.9851,-92.547
Macks Creek,MO,37.9616,-92.9603
Roach,MO,38.1025,-92.9148
Cape Girardeau,MO,37.324467,-89.524467
Burfordville,MO,37.3632,-89.8206
Daisy,MO,37.5151,-89.8213
Delta,MO,37.1967,-89.7362
Dutchtown,MO,37.2424,-89.6977
Friedheim,MO,37.5669,-89.8376
Gordonville,MO,37.3092,-89.6989
Jackson,MO,37.3879,-89.6519
Millersville,MO,37.4401,-89.795
Oak Ridge,MO,37.5258,-89.7508
Old Appleton,MO,37.5975,-89.703
Pocahontas,MO,37.5007,-89.6396
Whitewater,MO,37.2781,-89.8061
Bogard,MO,39.4994,-93.5374
Bosworth,MO,39.4767,-93.3335
Carrollton,MO,39.3673,-93.4926
De Witt,MO,39.384,-93.2238
Hale,MO,39.5953,-93.3445
Norborne,MO,39.3299,-93.6761
Stet,MO,39.4231,-93.7588
Tina,MO,39.5518,-93.4647
Ellsinore,MO,36.9453,-90.7485
Fremont,MO,36.9172,-91.144
Grandin,MO,36.828,-90.7942
Van Buren,MO,37.0015,-91.0007
Belton,MO,38.8161,-94.5328
Peculiar,MO,38.7165,-94.4405
Pleasant Hill,MO,38.7859,-94.244
Raymore,MO,38.8019,-94.4529
Strasburg,MO,38.7658,-94.1609
Harrisonville,MO,38.6419,-94.3285
Archie,MO,38.4986,-94.363
Cleveland,MO,38.6898,-94.5695
Creighton,MO,38.5078,-94.0926
East Lynne,MO,38.6682,-94.2333
Freeman,MO,38.6245,-94.4956
Garden City,MO,38.5681,-94.1825
El Dorado Springs,MO,37.8652,-94.0124
Jerico Springs,MO,37.6613,-94.0129
Caplinger Mills,MO,37.7942,-93.8044
Stockton,MO,37.7241,-93.796
Mendon,MO,39.5828,-93.0892
Rothville,MO,39.6627,-93.0467
Sumner,MO,39.655,-93.2241
Brunswick,MO,39.4374,-93.1187
Dalton,MO,39.4035,-92.9944
Keytesville,MO,39.4794,-92.9302
Salisbury,MO,39.4319,-92.8014
Triplett,MO,39.5011,-93.1928
Billings,MO,37.0628,-93.5476
Bruner,MO,36.999,-92.9692
Chadwick,MO,36.922,-93.0451
Chestnutridge,MO,36.8359,-93.2291
Clever,MO,37.0447,-93.4383
Garrison,MO,36.8389,-93.0196
Highlandville,MO,36.9408,-93.268
Nixa,MO,37.0512,-93.2972
Oldfield,MO,36.9404,-92.9528
Ozark,MO,37.0169,-93.2022
Sparta,MO,36.9775,-93.1065
Spokane,MO,36.8636,-93.2754
Lead Hill,MO,36.9404,-92.9528
Alexandria,MO,40.3445,-91.5154
Kahoka,MO,40.4266,-91.725
Luray,MO,40.4931,-91.8912
Revere,MO,40.5172,-91.6753
Saint Patrick,MO,40.4312,-91.6851
Wayland,MO,40.4001,-91.5842
Wyaconda,MO,40.3721,-91.9071
Excelsior Springs,MO,39.3392,-94.2261
Holt,MO,39.4289,-94.3689
Kearney,MO,39.3652,-94.3621
Liberty,MO,39.2461,-94.4191
Missouri City,MO,39.2458,-94.2924
Mosby,MO,39.3149,-94.2939
Smithville,MO,39.3917,-94.5592
Kansas City,MO,39.117442,-94.567246
Cameron,MO,39.7309,-94.2437
Gower,MO,39.602,-94.5965
Lathrop,MO,39.5177,-94.3093
Plattsburg,MO,39.5705,-94.4338
Trimble,MO,39.4871,-94.5512
Turney,MO,39.6318,-94.2972
Centertown,MO,38.6297,-92.3995
Eugene,MO,38.3424,-92.3823
Henley,MO,38.3445,-92.3224
Lohman,MO,38.5484,-92.3842
Russellville,MO,38.5005,-92.4291
Saint Thomas,MO,38.3912,-92.1894
Jefferson City,MO,38.569818,-92.184918
Prairie Home,MO,38.8253,-92.5974
Boonville,MO,38.9536,-92.745
Bunceton,MO,38.7881,-92.7994
Pilot Grove,MO,38.8712,-92.9305
Wooldridge,MO,38.8983,-92.5667
Blackwater,MO,38.9727,-92.9683
Otterville,MO,38.7161,-93.0108
Bourbon,MO,38.172,-91.2225
Cherryville,MO,37.8066,-91.2348
Cook Sta,MO,37.8242,-91.5623
Cuba,MO,38.0926,-91.4081
Davisville,MO,37.787,-91.2116
Leasburg,MO,38.092,-91.2965
Steelville,MO,37.8904,-91.3032
Wesco,MO,37.8585,-91.4267
Arcola,MO,37.5512,-93.8619
Dadeville,MO,37.5105,-93.6956
Everton,MO,37.3425,-93.7024
Greenfield,MO,37.4197,-93.8407
Lockwood,MO,37.386,-93.9541
South Greenfield,MO,37.3743,-93.8445
Long Lane,MO,37.5808,-92.9309
Buffalo,MO,37.6429,-93.0906
Louisburg,MO,37.7542,-93.1566
Tunas,MO,37.8392,-92.9808
Urbana,MO,37.8523,-93.151
Windyville,MO,37.7182,-92.9379
Altamont,MO,39.896,-94.0897
Coffey,MO,40.0999,-94.0252
Gallatin,MO,39.9025,-93.9787
Gilman City,MO,40.145,-93.832
Jameson,MO,40.0046,-93.9597
Jamesport,MO,39.9837,-93.78
Lock Springs,MO,39.8489,-93.7774
Pattonsburg,MO,40.0428,-94.1343
Winston,MO,39.8499,-94.1487
Amity,MO,39.8837,-94.5136
Clarksdale,MO,39.8137,-94.5421
Maysville,MO,39.9112,-94.3548
Osborn,MO,39.7912,-94.3974
Stewartsville,MO,39.7984,-94.5175
Union Star,MO,39.9846,-94.5787
Weatherby,MO,39.9277,-94.2429
Boss,MO,37.6373,-91.2109
Jadwin,MO,37.4867,-91.571
Lake Spring,MO,37.7825,-91.6788
Lenox,MO,37.6531,-91.7613
Salem,MO,37.617,-91.5258
Ava,MO,36.9407,-92.6765
Drury,MO,36.9319,-92.3664
Squires,MO,36.8504,-92.5844
Vanzant,MO,36.9698,-92.3029
Arbyrd,MO,36.0501,-90.2284
Cardwell,MO,36.0434,-90.2907
Clarkton,MO,36.4478,-89.9729
Gibson,MO,36.4412,-90.0309
Holcomb,MO,36.3885,-90.0208
Hornersville,MO,36.0627,-90.0816
Kennett,MO,36.2407,-90.0491
Malden,MO,36.5672,-89.9737
Rives,MO,36.0937,-90.0134
Senath,MO,36.1324,-90.1632
Whiteoak,MO,36.3133,-90.1658
Campbell,MO,36.5197,-90.0829
Beaufort,MO,38.4294,-91.1709
Berger,MO,38.6444,-91.3374
Catawissa,MO,38.4047,-90.7806
Gerald,MO,38.3507,-91.2931
Gray Summit,MO,38.503,-90.8292
Labadie,MO,38.52,-90.877
Leslie,MO,38.4555,-91.2328
Lonedell,MO,38.2743,-90.8903
Luebbering,MO,38.2615,-90.8027
New Haven,MO,38.574,-91.2291
Pacific,MO,38.4922,-90.748
Robertsville,MO,38.3816,-90.8016
Saint Albans,MO,38.5792,-90.7751
Saint Clair,MO,38.3299,-90.9713
Stanton,MO,38.2745,-91.1057
Sullivan,MO,38.2307,-91.1567
Union,MO,38.4456,-91.0206
Villa Ridge,MO,38.4601,-90.8822
Washington,MO,38.5459,-91.0193
Rosebud,MO,38.3853,-91.3974
Bland,MO,38.3074,-91.6263
Gasconade,MO,38.6703,-91.5592
Hermann,MO,38.5876,-91.4991
Morrison,MO,38.606,-91.658
Mount Sterling,MO,38.4956,-91.6515
Owensville,MO,38.3511,-91.4867
Albany,MO,40.2513,-94.327
Darlington,MO,40.1955,-94.4049
Gentry,MO,40.3411,-94.4142
King City,MO,40.0652,-94.5234
Stanberry,MO,40.2293,-94.5387
Mc Fall,MO,40.1051,-94.3003
Ash Grove,MO,37.316,-93.5781
Bois D Arc,MO,37.2214,-93.5447
Brookline,MO,37.1634,-93.4202
Fair Grove,MO,37.3721,-93.1428
Republic,MO,37.123,-93.48
Strafford,MO,37.2797,-93.1066
Turners,MO,37.1809,-93.1555
Walnut Grove,MO,37.3943,-93.5044
Willard,MO,37.2962,-93.4259
Springfield,MO,37.215575,-93.302606
Galt,MO,40.144,-93.3953
Laredo,MO,40.0144,-93.4407
Spickard,MO,40.2439,-93.5944
Trenton,MO,40.0823,-93.6086
Bethany,MO,40.2601,-94.0189
Blythedale,MO,40.5024,-93.8954
Eagleville,MO,40.4912,-93.9951
Hatfield,MO,40.5219,-94.1691
Martinsville,MO,40.3662,-94.1645
New Hampton,MO,40.2444,-94.1786
Ridgeway,MO,40.3999,-93.9575
Cainsville,MO,40.4578,-93.759
Blairstown,MO,38.5319,-93.9221
Clinton,MO,38.4018,-93.785
Deepwater,MO,38.2432,-93.7303
Montrose,MO,38.2597,-93.9952
Urich,MO,38.4449,-93.9785
Calhoun,MO,38.4858,-93.6459
Windsor,MO,38.5272,-93.5269
Cross Timbers,MO,38.0239,-93.1978
Hermitage,MO,37.8969,-93.2979
Pittsburg,MO,37.8442,-93.3356
Preston,MO,37.939,-93.1713
Quincy,MO,38.0084,-93.4724
Weaubleau,MO,37.8906,-93.5419
Wheatland,MO,37.9103,-93.3981
Craig,MO,40.1267,-95.3291
Forest City,MO,39.9897,-95.1916
Maitland,MO,40.1991,-95.0927
Mound City,MO,40.1362,-95.2138
Oregon,MO,39.9809,-95.1234
Armstrong,MO,39.2566,-92.709
Fayette,MO,39.143,-92.6583
Franklin,MO,39.0668,-92.8316
Glasgow,MO,39.2257,-92.8318
New Franklin,MO,39.02,-92.7386
Mountain View,MO,36.9892,-91.7099
Caulfield,MO,36.6035,-92.0678
Brandsville,MO,36.6488,-91.6976
West Plains,MO,36.7284,-91.8717
Moody,MO,36.533,-91.9898
Peace Valley,MO,36.8091,-91.6938
Pomona,MO,36.8441,-91.9137
Pottersville,MO,36.7068,-92.044
Willow Springs,MO,36.9958,-91.9405
Annapolis,MO,37.3981,-90.6702
Arcadia,MO,37.4871,-90.6062
Belleview,MO,37.682,-90.7991
Des Arc,MO,37.2955,-90.6279
Ironton,MO,37.6168,-90.5985
Middle Brook,MO,37.5055,-90.845
Pilot Knob,MO,37.625,-90.646
Vulcan,MO,37.306,-90.7106
Bixby,MO,37.6603,-91.1151
Viburnum,MO,37.7151,-91.1289
Lees Summit,MO,38.928386,-94.372971
Blue Springs,MO,39.015733,-94.2846
Buckner,MO,39.1303,-94.2062
Grain Valley,MO,39.0274,-94.2087
Grandview,MO,38.8819,-94.5205
Greenwood,MO,38.8644,-94.2815
Independence,MO,39.096211,-94.405267
Levasy,MO,39.1356,-94.133
Lone Jack,MO,38.8918,-94.1615
Oak Grove,MO,38.9985,-94.1399
Sibley,MO,39.1584,-94.1844
Jasper,MO,37.3362,-94.3013
Joplin,MO,37.07795,-94.5105
Alba,MO,37.2367,-94.418
Asbury,MO,37.2942,-94.5655
Avilla,MO,37.1953,-94.1297
Carl Junction,MO,37.1795,-94.555
Carterville,MO,37.1507,-94.4359
Carthage,MO,37.1597,-94.3112
Duenweg,MO,37.076,-94.4071
La Russell,MO,37.1739,-94.0329
Neck City,MO,37.257,-94.4444
Oronogo,MO,37.2717,-94.4865
Purcell,MO,37.2423,-94.4352
Reeds,MO,37.1225,-94.1613
Sarcoxie,MO,37.0724,-94.1151
Webb City,MO,37.144,-94.4727
Arnold,MO,38.4305,-90.387
Barnhart,MO,38.3384,-90.4142
Cedar Hill,MO,38.3573,-90.6498
Crystal City,MO,38.23,-90.3825
De Soto,MO,38.1204,-90.5546
Dittmer,MO,38.3155,-90.6911
Festus,MO,38.1879,-90.4286
Fletcher,MO,38.1659,-90.7335
Grubville,MO,38.251,-90.7901
Hematite,MO,38.202,-90.481
Herculaneum,MO,38.2625,-90.3896
High Ridge,MO,38.4728,-90.5281
Hillsboro,MO,38.2586,-90.5782
House Springs,MO,38.4131,-90.5575
Imperial,MO,38.4069,-90.4381
Kimmswick,MO,38.3653,-90.3629
Liguori,MO,38.3419,-90.4082
Mapaville,MO,38.2489,-90.4835
Morse Mill,MO,38.2809,-90.6521
Pevely,MO,38.2799,-90.4111
Centerview,MO,38.7897,-93.8702
Holden,MO,38.7186,-93.9856
Kingsville,MO,38.8178,-94.0462
Warrensburg,MO,38.7667,-93.7273
Chilhowee,MO,38.6126,-93.8653
Leeton,MO,38.5831,-93.6947
Whiteman Air Force Base,MO,38.7318,-93.5731
Knob Noster,MO,38.7667,-93.5585
Knox City,MO,40.1384,-92.0077
Newark,MO,39.9931,-91.973
Novelty,MO,40.0125,-92.2082
Plevna,MO,39.9765,-92.0852
Baring,MO,40.2509,-92.2311
Edina,MO,40.1795,-92.1455
Hurdland,MO,40.1609,-92.2791
Eldridge,MO,37.8346,-92.7382
Falcon,MO,37.6061,-92.3466
Lebanon,MO,37.685,-92.655
Lynchburg,MO,37.5054,-92.3202
Conway,MO,37.5085,-92.7891
Phillipsburg,MO,37.5832,-92.7416
Alma,MO,39.1048,-93.5429
Bates City,MO,39.0219,-94.0798
Concordia,MO,38.9776,-93.5812
Corder,MO,39.1024,-93.6391
Dover,MO,39.1926,-93.6684
Higginsville,MO,39.0705,-93.7133
Lexington,MO,39.1742,-93.8714
Mayview,MO,39.0459,-93.8353
Napoleon,MO,39.114,-94.0709
Odessa,MO,38.9829,-93.9757
Waverly,MO,39.2055,-93.5257
Wellington,MO,39.1258,-93.9855
Emma,MO,38.9717,-93.4947
Aurora,MO,36.9709,-93.718
Freistatt,MO,37.0211,-93.8974
Halltown,MO,37.1944,-93.6275
Marionville,MO,37.0009,-93.6413
Miller,MO,37.2225,-93.8422
Mount Vernon,MO,37.1045,-93.7976
Pierce City,MO,36.973,-94.0024
Stotts City,MO,37.1031,-93.9543
Verona,MO,36.937,-93.8005
Canton,MO,40.1437,-91.548
Durham,MO,39.9625,-91.6704
Ewing,MO,39.9962,-91.7216
La Belle,MO,40.1164,-91.9171
La Grange,MO,40.0391,-91.5182
Lewistown,MO,40.0867,-91.8157
Monticello,MO,40.1184,-91.7121
Williamstown,MO,40.2491,-91.7852
Elsberry,MO,39.159,-90.816
Foley,MO,39.053,-90.7775
Hawk Point,MO,38.9766,-91.1211
Moscow Mills,MO,38.9482,-90.9138
Old Monroe,MO,38.9346,-90.7782
Olney,MO,39.0839,-91.2432
Silex,MO,39.1166,-91.037
Troy,MO,39.0012,-90.9624
Truxton,MO,38.967,-91.2126
Whiteside,MO,39.1853,-91.0168
Winfield,MO,38.9897,-90.8213
New Boston,MO,39.9332,-92.916
Brookfield,MO,39.7846,-93.0719
Browning,MO,40.029,-93.1607
Bucklin,MO,39.8006,-92.8928
Laclede,MO,39.7837,-93.168
Linneus,MO,39.9099,-93.1885
Marceline,MO,39.7125,-92.9455
Meadville,MO,39.7795,-93.3014
Purdin,MO,39.9529,-93.17
Chillicothe,MO,39.7966,-93.5509
Chula,MO,39.9226,-93.4841
Dawn,MO,39.6665,-93.5964
Ludlow,MO,39.6551,-93.7046
Mooresville,MO,39.7425,-93.7169
Utica,MO,39.7417,-93.6289
Wheeling,MO,39.8011,-93.3868
Anderson,MO,36.6506,-94.4436
Goodman,MO,36.7323,-94.3986
Lanagan,MO,36.606,-94.4551
Noel,MO,36.5417,-94.4906
Pineville,MO,36.574,-94.377
Rocky Comfort,MO,36.7175,-94.1091
South West City,MO,36.5319,-94.5961
Tiff City,MO,36.6684,-94.6172
Powell,MO,36.6237,-94.1773
Anabel,MO,39.7428,-92.328
Atlanta,MO,39.9146,-92.475
Bevier,MO,39.7497,-92.5619
Callao,MO,39.7448,-92.6351
Elmer,MO,39.9415,-92.6424
Ethel,MO,39.9146,-92.7664
La Plata,MO,40.0208,-92.5077
Macon,MO,39.7481,-92.4622
New Cambria,MO,39.7551,-92.7695
Excello,MO,39.6455,-92.4757
Fredericktown,MO,37.4906,-90.3362
Marquand,MO,37.4274,-90.1741
Belle,MO,38.2711,-91.7303
Brinktown,MO,38.1483,-92.1015
Vichy,MO,38.098,-91.7788
Vienna,MO,38.1919,-91.9422
Hannibal,MO,39.7064,-91.3839
Maywood,MO,39.9333,-91.6148
Palmyra,MO,39.7913,-91.5368
Philadelphia,MO,39.8359,-91.7538
Taylor,MO,39.9145,-91.5278
Mercer,MO,40.5169,-93.5242
Princeton,MO,40.3855,-93.5774
Brumley,MO,38.0709,-92.4747
Eldon,MO,38.3401,-92.5736
Kaiser,MO,38.1637,-92.5799
Olean,MO,38.4109,-92.5294
Saint Elizabeth,MO,38.2712,-92.2635
Tuscumbia,MO,38.2181,-92.4461
Ulman,MO,38.1505,-92.433
Iberia,MO,38.1219,-92.2989
Anniston,MO,36.8259,-89.3279
Bertrand,MO,36.8927,-89.4483
Charleston,MO,36.9213,-89.3342
East Prairie,MO,36.7776,-89.3726
Wolf Island,MO,36.7392,-89.2103
Wyatt,MO,36.9092,-89.2226
California,MO,38.6224,-92.5456
Clarksburg,MO,38.6432,-92.6729
Fortuna,MO,38.5667,-92.798
High Point,MO,38.6749,-92.6109
Jamestown,MO,38.7793,-92.4807
Latham,MO,38.5466,-92.6817
Mc Girk,MO,38.6749,-92.6109
Tipton,MO,38.6548,-92.7814
Monroe City,MO,39.6546,-91.723
Holliday,MO,39.4904,-92.1318
Madison,MO,39.4615,-92.2287
Paris,MO,39.4932,-92.0113
Santa Fe,MO,39.3989,-91.8294
Stoutsville,MO,39.5594,-91.8297
Bellflower,MO,39.0012,-91.3489
High Hill,MO,38.8902,-91.3715
Jonesburg,MO,38.8717,-91.3019
Middletown,MO,39.1055,-91.3873
Montgomery City,MO,38.9839,-91.5085
New Florence,MO,38.9023,-91.4909
Wellsville,MO,39.0765,-91.5645
Rhineland,MO,38.7942,-91.5737
Barnett,MO,38.3967,-92.6686
Gravois Mills,MO,38.2584,-92.823
Laurie,MO,38.1992,-92.8335
Rocky Mount,MO,38.2911,-92.7059
Stover,MO,38.4414,-92.9947
Versailles,MO,38.4365,-92.8258
Florence,MO,38.6101,-92.9986
Syracuse,MO,38.6547,-92.8929
Canalou,MO,36.7504,-89.6918
Catron,MO,36.6876,-89.7706
Gideon,MO,36.4538,-89.9135
Kewanee,MO,36.6726,-89.5639
Lilbourn,MO,36.5853,-89.6112
Marston,MO,36.519,-89.6126
Matthews,MO,36.7154,-89.6287
Morehouse,MO,36.8504,-89.6847
New Madrid,MO,36.6073,-89.5366
Parma,MO,36.5856,-89.819
Portageville,MO,36.4279,-89.7002
Risco,MO,36.5534,-89.8179
Tallapoosa,MO,36.503,-89.8224
Diamond,MO,37.006,-94.3204
Fairview,MO,36.8254,-94.0912
Granby,MO,36.9066,-94.2643
Neosho,MO,36.8706,-94.3862
Newtonia,MO,36.8767,-94.1855
Racine,MO,36.901,-94.5321
Saginaw,MO,37.024,-94.4683
Seneca,MO,36.8408,-94.5781
Stark City,MO,36.8785,-94.1548
Stella,MO,36.7516,-94.2086
Wentworth,MO,37.0177,-94.0514
Barnard,MO,40.1862,-94.8056
Burlington Junction,MO,40.4475,-95.063
Clearmont,MO,40.5175,-95.0055
Clyde,MO,40.2635,-94.6687
Conception,MO,40.2428,-94.6869
Conception Junction,MO,40.2659,-94.6915
Elmo,MO,40.5185,-95.1236
Graham,MO,40.2012,-95.0121
Guilford,MO,40.1746,-94.6951
Hopkins,MO,40.5483,-94.8189
Maryville,MO,40.3434,-94.8735
Parnell,MO,40.44,-94.6233
Pickering,MO,40.4591,-94.8411
Ravenwood,MO,40.3579,-94.6805
Skidmore,MO,40.2896,-95.0792
Alton,MO,36.6929,-91.3971
Couch,MO,36.5853,-91.2724
Koshkonong,MO,36.6056,-91.6304
Myrtle,MO,36.5217,-91.2706
Thayer,MO,36.5327,-91.5418
Argyle,MO,38.2986,-92.0155
Bonnots Mill,MO,38.5533,-91.9293
Chamois,MO,38.6527,-91.7697
Freeburg,MO,38.3551,-91.9276
Koeltztown,MO,38.3615,-92.0468
Linn,MO,38.4739,-91.8195
Loose Creek,MO,38.4717,-91.9591
Meta,MO,38.25,-92.1358
Westphalia,MO,38.427,-92.0392
Bakersfield,MO,36.5332,-92.1507
Brixey,MO,36.759,-92.4026
Dora,MO,36.756,-92.2378
Gainesville,MO,36.5901,-92.4162
Hardenville,MO,36.5892,-92.3713
Isabella,MO,36.5749,-92.6053
Noble,MO,36.7441,-92.5769
Pontiac,MO,36.5156,-92.6038
Rockbridge,MO,36.7895,-92.4091
Tecumseh,MO,36.5875,-92.2598
Theodosia,MO,36.583,-92.6628
Thornfield,MO,36.6875,-92.6534
Udall,MO,36.544,-92.2588
Wasola,MO,36.7573,-92.5093
Zanoni,MO,36.6862,-92.3318
Braggadocio,MO,36.1753,-89.8295
Bragg City,MO,36.2732,-89.8736
Caruthersville,MO,36.1802,-89.6683
Cooter,MO,36.0476,-89.8091
Deering,MO,36.1909,-89.8829
Gobler,MO,36.159,-89.9349
Hayti,MO,36.2337,-89.7495
Holland,MO,36.0559,-89.8709
Steele,MO,36.0915,-89.8346
Wardell,MO,36.3478,-89.8181
Altenburg,MO,37.6279,-89.5745
Brazeau,MO,37.6633,-89.6529
Farrar,MO,37.7078,-89.6948
Frohna,MO,37.6686,-89.6619
Perryville,MO,37.7174,-89.8737
Mc Bride,MO,37.7348,-89.8116
Uniontown,MO,37.6073,-89.6798
Sedalia,MO,38.7003,-93.2303
Green Ridge,MO,38.619,-93.4374
Houstonia,MO,38.9106,-93.3325
Hughesville,MO,38.8494,-93.2159
La Monte,MO,38.7753,-93.4313
Mora,MO,38.5207,-93.2272
Smithton,MO,38.66,-93.1088
Rolla,MO,37.950433,-91.767633
Beulah,MO,37.6158,-91.9064
Duke,MO,37.6603,-92.0107
Edgar Springs,MO,37.7365,-91.8906
Jerome,MO,37.9262,-91.9777
Newburg,MO,37.9008,-91.8807
Saint James,MO,38.0056,-91.6076
Annada,MO,39.2558,-90.8224
Bowling Green,MO,39.3346,-91.1962
Clarksville,MO,39.3465,-90.9362
Curryville,MO,39.3257,-91.3493
Eolia,MO,39.2431,-91.0093
Louisiana,MO,39.4336,-91.0664
Ashburn,MO,39.561,-91.1844
Frankford,MO,39.4892,-91.3031
Camden Point,MO,39.4515,-94.7444
Farley,MO,39.2839,-94.8302
Platte City,MO,39.3602,-94.789
Waldron,MO,39.2289,-94.8057
Weston,MO,39.4453,-94.9145
Riverside,MO,39.1776,-94.6321
Dearborn,MO,39.5172,-94.7664
Edgerton,MO,39.4742,-94.6352
Aldrich,MO,37.5057,-93.5576
Bolivar,MO,37.6085,-93.4126
Brighton,MO,37.4728,-93.3603
Dunnegan,MO,37.7031,-93.5216
Eudora,MO,37.4767,-93.5397
Fair Play,MO,37.6335,-93.6064
Flemington,MO,37.7803,-93.4471
Half Way,MO,37.6018,-93.242
Humansville,MO,37.7923,-93.5795
Morrisville,MO,37.4686,-93.4275
Pleasant Hope,MO,37.4615,-93.2617
Polk,MO,37.7292,-93.2994
Crocker,MO,37.9446,-92.27
Devils Elbow,MO,37.8512,-92.0569
Dixon,MO,37.9848,-92.0897
Fort Leonard Wood,MO,37.7677,-92.112
Laquey,MO,37.6953,-92.2808
Richland,MO,37.8528,-92.3962
Waynesville,MO,37.7676,-92.2105
Saint Robert,MO,37.8283,-92.131
Livonia,MO,40.5112,-92.7241
Unionville,MO,40.4815,-92.9951
Worthington,MO,40.4084,-92.6888
Lucerne,MO,40.4382,-93.2867
Powersville,MO,40.5492,-93.3002
Center,MO,39.5154,-91.5398
New London,MO,39.5917,-91.396
Perry,MO,39.4207,-91.6641
Saverton,MO,39.65,-91.2705
Cairo,MO,39.5114,-92.44
Clark,MO,39.2811,-92.3427
Clifton Hill,MO,39.426,-92.6677
Higbee,MO,39.3055,-92.5163
Huntsville,MO,39.4354,-92.553
Jacksonville,MO,39.5791,-92.4315
Moberly,MO,39.4202,-92.4358
Renick,MO,39.3414,-92.411
Camden,MO,39.2048,-94.0259
Hardin,MO,39.3504,-93.8409
Henrietta,MO,39.2367,-93.9369
Lawson,MO,39.4401,-94.1966
Orrick,MO,39.2116,-94.1239
Rayville,MO,39.3853,-94.0284
Richmond,MO,39.2793,-93.9792
Black,MO,37.5473,-90.9917
Bunker,MO,37.4772,-91.1927
Centerville,MO,37.4285,-90.9757
Ellington,MO,37.2398,-90.9589
Lesterville,MO,37.482,-90.8425
Redford,MO,37.32,-90.8985
Reynolds,MO,37.4009,-91.0735
Briar,MO,36.661,-90.8508
Doniphan,MO,36.6501,-90.8106
Fairdealing,MO,36.6704,-90.6335
Gatewood,MO,36.5626,-91.0703
Naylor,MO,36.5843,-90.6124
Oxly,MO,36.5874,-90.692
Saint Charles,MO,38.771325,-90.53955
Augusta,MO,38.5728,-90.8815
Cottleville,MO,38.7462,-90.654
Defiance,MO,38.6616,-90.8302
Flinthill,MO,38.7509,-90.5368
Foristell,MO,38.7626,-90.9343
New Melle,MO,38.7163,-90.8751
O Fallon,MO,38.7876,-90.73615
Lake Saint Louis,MO,38.7936,-90.7854
Portage Des Sioux,MO,38.9259,-90.3863
Saint Peters,MO,38.7802,-90.6228
Wentzville,MO,38.802,-90.8534
West Alton,MO,38.8758,-90.2384
Appleton City,MO,38.1848,-94.0229
Collins,MO,37.881,-93.6608
Lowry City,MO,38.1404,-93.7114
Osceola,MO,38.0286,-93.7536
Roscoe,MO,37.9728,-93.8122
Bloomsdale,MO,38.0451,-90.2805
Sainte Genevieve,MO,37.8655,-90.1752
Saint Mary,MO,37.8325,-89.977
French Village,MO,37.9961,-90.4005
Valles Mines,MO,37.9998,-90.4407
Park Hills,MO,37.8498,-90.4885
Bismarck,MO,37.7539,-90.5984
Blackwell,MO,38.0544,-90.6279
Bonne Terre,MO,37.9231,-90.5554
Doe Run,MO,37.7348,-90.4968
Farmington,MO,37.7773,-90.4094
Knob Lick,MO,37.6754,-90.3677
Leadwood,MO,37.8577,-90.5879
Chesterfield,MO,38.648,-90.5757
Ballwin,MO,38.594075,-90.544425
Eureka,MO,38.5128,-90.6306
Fenton,MO,38.5699,-90.4477
Florissant,MO,38.768425,-90.335975
Glencoe,MO,38.5878,-90.6639
Grover,MO,38.5667,-90.631
Hazelwood,MO,38.7809,-90.3669
Maryland Heights,MO,38.7229,-90.4474
Bridgeton,MO,38.7506,-90.4161
Earth City,MO,38.7689,-90.4662
Saint Ann,MO,38.7259,-90.3864
Valley Park,MO,38.5576,-90.4924
Saint Louis,MO,38.640271,-90.28631
Arrow Rock,MO,39.0694,-92.9487
Blackburn,MO,39.0988,-93.4281
Gilliam,MO,39.2447,-92.9932
Malta Bend,MO,39.1481,-93.3776
Marshall,MO,39.1614,-93.2444
Miami,MO,39.2821,-93.1968
Nelson,MO,39.0104,-93.0311
Slater,MO,39.2163,-93.0547
Sweet Springs,MO,38.966,-93.4247
Coatsville,MO,40.5665,-92.6388
Downing,MO,40.4875,-92.3694
Glenwood,MO,40.5149,-92.5886
Lancaster,MO,40.5253,-92.5264
Queen City,MO,40.4152,-92.5663
Arbela,MO,40.4863,-92.0047
Granger,MO,40.4533,-92.1474
Gorin,MO,40.3622,-92.014
Memphis,MO,40.4619,-92.1851
Rutledge,MO,40.329,-92.0976
Benton,MO,37.0697,-89.5664
Chaffee,MO,37.1726,-89.6457
Commerce,MO,37.157,-89.4484
Kelso,MO,37.1858,-89.5575
Morley,MO,37.0411,-89.6076
Oran,MO,37.087,-89.6734
Perkins,MO,37.0948,-89.7754
Scott City,MO,37.2077,-89.5181
Vanduser,MO,36.9912,-89.6885
Sikeston,MO,36.8911,-89.582
Blodgett,MO,37.0042,-89.5266
Birch Tree,MO,36.9476,-91.5008
Eminence,MO,37.1626,-91.4519
Montier,MO,36.987,-91.5754
Winona,MO,37.0169,-91.3121
Bethel,MO,39.8922,-92.0316
Clarence,MO,39.7366,-92.253
Emden,MO,39.8019,-91.8606
Hunnewell,MO,39.7018,-91.8832
Lentner,MO,39.7123,-92.1489
Leonard,MO,39.9076,-92.1947
Shelbina,MO,39.6947,-92.0371
Shelbyville,MO,39.8108,-92.0498
Advance,MO,37.0922,-89.9106
Bell City,MO,37.0116,-89.7984
Brownwood,MO,37.0828,-89.9523
Bernie,MO,36.6727,-89.9878
Bloomfield,MO,36.8989,-89.9456
Dexter,MO,36.7885,-89.9639
Essex,MO,36.8109,-89.8366
Grayridge,MO,36.8283,-89.7565
Dudley,MO,36.811,-90.121
Puxico,MO,36.9422,-90.1623
Blue Eye,MO,36.5493,-93.3388
Cape Fair,MO,36.7311,-93.5674
Crane,MO,36.9258,-93.5303
Galena,MO,36.8198,-93.4811
Hurley,MO,36.9305,-93.4965
Lampe,MO,36.5767,-93.4516
Kimberling City,MO,36.6393,-93.4372
Ponce De Leon,MO,36.8759,-93.3516
Reeds Spring,MO,36.6907,-93.3447
Green Castle,MO,40.2703,-92.878
Green City,MO,40.2601,-92.9532
Milan,MO,40.1844,-93.1361
Pollock,MO,40.3385,-93.1115
Winigan,MO,40.0371,-92.9301
Harris,MO,40.3075,-93.3501
Humphreys,MO,40.1144,-93.3015
Newtown,MO,40.3612,-93.3073
Bradleyville,MO,36.7659,-92.9151
Branson,MO,36.665,-93.24195
Cedarcreek,MO,36.571,-93.0172
Forsyth,MO,36.6955,-93.115
Hollister,MO,36.6143,-93.2224
Kirbyville,MO,36.5792,-93.1263
Kissee Mills,MO,36.6704,-93.0377
Point Lookout,MO,36.6165,-93.2418
Powersite,MO,36.6578,-93.1243
Protem,MO,36.5286,-92.8465
Ridgedale,MO,36.5247,-93.2778
Rockaway Beach,MO,36.7137,-93.1715
Rueter,MO,36.6314,-92.9188
Taneyville,MO,36.7405,-93.028
Walnut Shade,MO,36.7704,-93.2148
Bucyrus,MO,37.3972,-92.0465
Elk Creek,MO,37.1878,-91.9134
Eunice,MO,37.248,-91.7834
Hartshorn,MO,37.2843,-91.6834
Houston,MO,37.3218,-91.953
Huggins,MO,37.3538,-92.2153
Licking,MO,37.5091,-91.8556
Plato,MO,37.5122,-92.1709
Raymondville,MO,37.3569,-91.8131
Roby,MO,37.5156,-92.139
Solo,MO,37.2428,-91.9624
Success,MO,37.4626,-92.0909
Summersville,MO,37.1484,-91.6828
Yukon,MO,37.2311,-91.8244
Cabool,MO,37.1314,-92.1144
Bronaugh,MO,37.69,-94.486
Deerfield,MO,37.8197,-94.5608
Harwood,MO,37.953,-94.1402
Metz,MO,37.9975,-94.4433
Milo,MO,37.7446,-94.3046
Moundville,MO,37.7476,-94.4496
Nevada,MO,37.8409,-94.3571
Richards,MO,37.9061,-94.5592
Schell City,MO,38.0094,-94.1579
Sheldon,MO,37.684,-94.2548
Walker,MO,37.893,-94.2293
Dutzow,MO,38.606,-90.9962
Marthasville,MO,38.6512,-91.1516
Treloar,MO,38.6445,-91.1879
Truesdale,MO,38.8117,-91.1304
Warrenton,MO,38.805,-91.174
Wright City,MO,38.8097,-91.0329
Richwoods,MO,38.1496,-90.831
Belgrade,MO,37.7889,-90.8613
Cadet,MO,38.0125,-90.7439
Caledonia,MO,37.7639,-90.7409
Irondale,MO,37.8296,-90.6984
Mineral Point,MO,37.9156,-90.7193
Potosi,MO,37.9549,-90.8415
Tiff,MO,38.0192,-90.6529
Cascade,MO,37.2995,-90.2693
Mc Gee,MO,37.1196,-90.445
Clubb,MO,37.2145,-90.3457
Greenville,MO,37.1108,-90.4514
Lodi,MO,37.1196,-90.445
Lowndes,MO,37.1343,-90.2544
Mill Spring,MO,37.0675,-90.6746
Patterson,MO,37.1884,-90.5507
Piedmont,MO,37.1573,-90.699
Silva,MO,37.2119,-90.4375
Wappapello,MO,36.9356,-90.2709
Williamsville,MO,36.9638,-90.4879
Diggins,MO,37.1726,-92.8543
Elkland,MO,37.4336,-93.021
Fordland,MO,37.1447,-92.9111
Marshfield,MO,37.3312,-92.925
Niangua,MO,37.3985,-92.7763
Rogersville,MO,37.131,-93.0964
Seymour,MO,37.1667,-92.7857
Allendale,MO,40.4855,-94.2886
Denver,MO,40.4181,-94.3066
Grant City,MO,40.4924,-94.3979
Sheridan,MO,40.4928,-94.5701
Worth,MO,40.3939,-94.4398
Graff,MO,37.3262,-92.2647
Grovespring,MO,37.4947,-92.6001
Hartville,MO,37.2735,-92.5181
Macomb,MO,37.1049,-92.4821
Mansfield,MO,37.1273,-92.5936
Mountain Grove,MO,37.1626,-92.2839
Norwood,MO,37.0687,-92.4082
Natchez,MS,31.526733,-91.3906
Sibley,MS,31.4706,-91.4044
Washington,MS,31.5788,-91.2993
Corinth,MS,34.8982,-88.5567
Glen,MS,34.878,-88.4359
Rienzi,MS,34.7968,-88.5795
Crosby,MS,31.291,-91.1849
Gloster,MS,31.1903,-90.924
Liberty,MS,31.1384,-90.7133
Smithdale,MS,31.3672,-90.6752
Ethel,MS,33.1204,-89.4659
Kosciusko,MS,33.0446,-89.5724
Mc Adams,MS,33.0828,-89.6412
Mc Cool,MS,33.1632,-89.3268
Sallis,MS,33.001,-89.7552
Ashland,MS,34.8346,-89.1427
Hickory Flat,MS,34.6244,-89.1862
Michigan City,MS,34.9608,-89.2267
Alligator,MS,34.1294,-90.7382
Benoit,MS,33.6448,-91.0338
Beulah,MS,33.788,-90.9795
Boyle,MS,33.6891,-90.7838
Cleveland,MS,33.6835,-90.7752
Duncan,MS,34.047,-90.7652
Gunnison,MS,33.9439,-90.9319
Merigold,MS,33.8373,-90.7256
Mound Bayou,MS,33.886,-90.7302
Pace,MS,33.7915,-90.857
Rosedale,MS,33.8432,-90.9923
Scott,MS,33.5629,-91.0391
Shaw,MS,33.6021,-90.7746
Shelby,MS,33.9491,-90.7625
Winstonville,MS,33.9101,-90.7515
Derma,MS,33.8562,-89.3032
Vardaman,MS,33.919,-89.1921
Banner,MS,34.0949,-89.4154
Big Creek,MS,33.8514,-89.4378
Bruce,MS,34.0066,-89.3484
Calhoun City,MS,33.8408,-89.3178
Pittsboro,MS,33.9443,-89.3376
Slate Spring,MS,33.7439,-89.3753
Mantee,MS,33.7052,-89.1051
Carrollton,MS,33.5208,-89.9506
Coila,MS,33.3731,-89.9915
Mc Carley,MS,33.5864,-89.8513
North Carrollton,MS,33.5324,-89.9001
Sidon,MS,33.4095,-90.1779
Vaiden,MS,33.3343,-89.757
Houlka,MS,34.0561,-89.0531
Houston,MS,33.9026,-88.967
Okolona,MS,33.9694,-88.7638
Trebloc,MS,33.9068,-88.9554
Van Vleet,MS,33.9871,-88.8988
Woodland,MS,33.8066,-89.0256
Ackerman,MS,33.3517,-89.2014
French Camp,MS,33.2898,-89.3999
Weir,MS,33.2645,-89.2804
Hermanville,MS,31.9564,-90.8446
Pattison,MS,31.851,-90.8283
Port Gibson,MS,31.961,-90.984
Enterprise,MS,32.1563,-88.8474
Pachuta,MS,32.0217,-88.8851
Quitman,MS,32.0668,-88.6788
Shubuta,MS,31.9607,-88.7168
Stonewall,MS,32.1564,-88.7748
Cedarbluff,MS,33.6162,-88.8267
Montpelier,MS,33.7179,-88.9478
Pheba,MS,33.5961,-88.9518
West Point,MS,33.6076,-88.6503
Clarksdale,MS,34.256,-90.6348
Coahoma,MS,34.3668,-90.5232
Farrell,MS,34.2643,-90.6723
Friars Point,MS,34.3668,-90.6376
Jonestown,MS,34.3037,-90.4294
Lula,MS,34.4618,-90.4981
Lyon,MS,34.2474,-90.4981
Sherard,MS,34.1953,-90.7335
Dublin,MS,34.0604,-90.5011
Rena Lara,MS,34.1412,-90.7865
Crystal Springs,MS,31.9933,-90.3744
Gallman,MS,31.9288,-90.3926
Georgetown,MS,31.8552,-90.2127
Hazlehurst,MS,31.8562,-90.4051
Wesson,MS,31.6901,-90.4131
Mount Olive,MS,31.7613,-89.6551
Collins,MS,31.6707,-89.5438
Seminary,MS,31.5285,-89.4816
Hernando,MS,34.8096,-90.0095
Horn Lake,MS,34.9519,-90.0507
Lake Cormorant,MS,34.8937,-90.1608
Nesbit,MS,34.8992,-90.0122
Olive Branch,MS,34.9441,-89.8544
Southaven,MS,34.96225,-89.9625
Walls,MS,34.96115,-90.1367
Hattiesburg,MS,31.24955,-89.325133
Brooklyn,MS,31.0591,-89.0796
Petal,MS,31.3472,-89.2222
Bude,MS,31.4593,-90.8457
Mc Call Creek,MS,31.4908,-90.7836
Meadville,MS,31.4285,-90.8578
Roxie,MS,31.504,-91.0625
Lucedale,MS,30.8668,-88.649
State Line,MS,31.3916,-88.5171
Leakesville,MS,31.1238,-88.5595
Mc Lain,MS,31.0867,-88.7977
Neely,MS,31.1793,-88.7198
Grenada,MS,33.77205,-89.80855
Elliott,MS,33.6895,-89.7583
Gore Springs,MS,33.7245,-89.5754
Holcomb,MS,33.7551,-90.0333
Tie Plant,MS,33.7872,-89.8219
Bay Saint Louis,MS,30.3494,-89.4807
Stennis Space Center,MS,30.4032,-89.4982
Diamondhead,MS,30.3728,-89.3779
Kiln,MS,30.4875,-89.4187
Lakeshore,MS,30.2391,-89.4595
Pearlington,MS,30.2508,-89.6011
Waveland,MS,30.2914,-89.3837
Gulfport,MS,30.414383,-89.071117
Biloxi,MS,30.422717,-88.950083
Diberville,MS,30.4383,-88.8989
Long Beach,MS,30.3598,-89.1646
Pass Christian,MS,30.3989,-89.2843
Saucier,MS,30.5961,-89.1477
Bolton,MS,32.3778,-90.4474
Clinton,MS,32.3313,-90.3473
Edwards,MS,32.316,-90.5984
Raymond,MS,32.1961,-90.4753
Terry,MS,32.1147,-90.3241
Tougaloo,MS,32.3953,-90.1544
Utica,MS,32.1229,-90.6047
Jackson,MS,32.308267,-90.183811
Byram,MS,32.1888,-90.2595
Cruger,MS,33.311,-90.2316
Durant,MS,33.0828,-89.8612
Goodman,MS,32.9892,-89.9433
Lexington,MS,33.125,-90.0557
Pickens,MS,32.8905,-89.9737
Tchula,MS,33.1624,-90.25
West,MS,33.1883,-89.7695
Isola,MS,33.2471,-90.604
Belzoni,MS,33.1842,-90.4924
Louise,MS,32.9919,-90.5893
Midnight,MS,33.0496,-90.5734
Silver City,MS,33.0507,-90.4928
Grace,MS,32.9775,-90.983
Mayersville,MS,32.9013,-91.0286
Valley Park,MS,32.6323,-90.8542
Fulton,MS,34.2745,-88.3793
Golden,MS,34.4812,-88.1842
Mantachie,MS,34.3243,-88.4912
Nettleton,MS,34.0821,-88.6052
Tremont,MS,34.2335,-88.2392
Escatawpa,MS,30.4411,-88.6345
Gautier,MS,30.398,-88.6412
Hurley,MS,30.7132,-88.5197
Moss Point,MS,30.48605,-88.508
Ocean Springs,MS,30.42585,-88.80395
Vancleave,MS,30.5405,-88.6875
Pascagoula,MS,30.38098,-88.56634
Louin,MS,32.0997,-89.2199
Paulding,MS,32.0167,-89.0584
Rose Hill,MS,32.1489,-89.0011
Vossburg,MS,31.9506,-88.9707
Bay Springs,MS,31.9449,-89.2338
Heidelberg,MS,31.882,-88.9981
Moss,MS,31.8152,-89.1778
Stringer,MS,31.8447,-89.2621
Fayette,MS,31.7121,-91.0582
Harriston,MS,31.74,-91.0509
Lorman,MS,31.8383,-91.0957
Union Church,MS,31.7105,-90.8259
Bassfield,MS,31.5037,-89.7027
Carson,MS,31.4814,-89.8279
Prentiss,MS,31.6057,-89.8735
Eastabuchie,MS,31.4555,-89.302
Ellisville,MS,31.5797,-89.2231
Laurel,MS,31.7073,-89.0808
Moselle,MS,31.4836,-89.3206
Sandersville,MS,31.7909,-89.0414
Soso,MS,31.7594,-89.3082
De Kalb,MS,32.7162,-88.7332
Porterville,MS,32.6368,-88.4984
Preston,MS,32.8826,-88.8289
Scooba,MS,32.8402,-88.4883
Abbeville,MS,34.4719,-89.4475
Oxford,MS,34.3308,-89.4835
Taylor,MS,34.2849,-89.6273
Tula,MS,34.3582,-89.4839
University,MS,34.3659,-89.5254
Waterford,MS,34.5476,-89.6129
Toccopola,MS,34.2265,-89.2519
Paris,MS,34.1787,-89.4598
Lumberton,MS,31.0013,-89.4523
Purvis,MS,31.1496,-89.4623
Sumrall,MS,31.36,-89.5777
Meridian,MS,32.415414,-88.670443
Bailey,MS,32.4676,-88.7228
Collinsville,MS,32.5643,-88.875
Daleville,MS,32.5511,-88.6609
Lauderdale,MS,32.5022,-88.4956
Marion,MS,32.4245,-88.6483
Toomsuba,MS,32.4296,-88.4892
Newhebron,MS,31.73,-90.0153
Jayess,MS,31.4036,-90.1864
Monticello,MS,31.5238,-90.128
Oak Vale,MS,31.442,-89.9827
Silver Creek,MS,31.5755,-90.0173
Sontag,MS,31.6524,-90.2043
Carthage,MS,32.7852,-89.5241
Lena,MS,32.6446,-89.5494
Madden,MS,32.6909,-89.3554
Thomastown,MS,32.864,-89.6695
Walnut Grove,MS,32.6134,-89.4105
Tupelo,MS,34.23955,-88.7345
Baldwyn,MS,34.528,-88.6375
Belden,MS,34.3057,-88.8462
Guntown,MS,34.4563,-88.6975
Mooreville,MS,34.2808,-88.595
Plantersville,MS,34.2011,-88.6335
Saltillo,MS,34.3831,-88.6674
Shannon,MS,34.121,-88.7342
Verona,MS,34.1943,-88.7198
Greenwood,MS,33.51605,-90.17605
Itta Bena,MS,33.4798,-90.3394
Minter City,MS,33.7515,-90.3133
Money,MS,33.6507,-90.1969
Morgan City,MS,33.3807,-90.3504
Schlater,MS,33.6244,-90.362
Swiftown,MS,33.3809,-90.3496
Brookhaven,MS,31.577167,-90.463133
Bogue Chitto,MS,31.4563,-90.4732
Ruth,MS,31.3795,-90.2867
Columbus,MS,33.498633,-88.411717
Artesia,MS,33.4115,-88.6443
Crawford,MS,33.3219,-88.5671
Mayhew,MS,33.4838,-88.6409
Steens,MS,33.5671,-88.3278
Camden,MS,32.7853,-89.8698
Canton,MS,32.6205,-90.0061
Flora,MS,32.5578,-90.3235
Madison,MS,32.46445,-90.11205
Ridgeland,MS,32.42035,-90.1265
Sharon,MS,32.6424,-90.0907
Columbia,MS,31.2559,-89.7998
Sandy Hook,MS,31.0479,-89.8183
Foxworth,MS,31.2473,-89.9311
Kokomo,MS,31.244,-90.0194
Byhalia,MS,34.8854,-89.6763
Holly Springs,MS,34.75735,-89.4692
Lamar,MS,34.9271,-89.3163
Mount Pleasant,MS,34.9536,-89.523
Potts Camp,MS,34.6047,-89.3151
Red Banks,MS,34.8937,-89.5649
Victoria,MS,34.8708,-89.6408
Amory,MS,33.9844,-88.4709
Becker,MS,33.8698,-88.4622
Gattman,MS,33.8742,-88.2588
Greenwood Springs,MS,33.8871,-88.3089
Smithville,MS,34.0648,-88.39
Aberdeen,MS,33.8284,-88.538
Caledonia,MS,33.6865,-88.3145
Hamilton,MS,33.7404,-88.4112
Prairie,MS,33.7836,-88.6642
Duck Hill,MS,33.5632,-89.6419
Winona,MS,33.4858,-89.7277
Kilmichael,MS,33.4165,-89.5696
Stewart,MS,33.5101,-89.479
Philadelphia,MS,32.7572,-89.1154
Union,MS,32.6439,-89.112
Conehatta,MS,32.467,-89.269
Chunky,MS,32.3505,-88.9551
Decatur,MS,32.4358,-89.1168
Hickory,MS,32.32,-89.0093
Lawrence,MS,32.2876,-89.2724
Little Rock,MS,32.5049,-88.9955
Newton,MS,32.3244,-89.184
Macon,MS,33.1027,-88.5781
Shuqualak,MS,32.9769,-88.5594
Brooksville,MS,33.2346,-88.5823
Starkville,MS,33.4552,-88.8259
Mississippi State,MS,33.4156,-88.7433
Sturgis,MS,33.357,-89.0473
Batesville,MS,34.3115,-89.9443
Como,MS,34.5137,-89.9155
Courtland,MS,34.2596,-89.9396
Crenshaw,MS,34.4491,-90.1701
Pope,MS,34.1906,-90.0027
Sarah,MS,34.591,-90.162
Sardis,MS,34.4276,-89.9221
Carriere,MS,30.6178,-89.5779
Mc Neill,MS,30.6669,-89.6734
Nicholson,MS,30.5637,-89.5578
Picayune,MS,30.5418,-89.691
Poplarville,MS,30.8524,-89.5648
Beaumont,MS,31.1693,-88.92
New Augusta,MS,31.2026,-89.0367
Ovett,MS,31.4738,-89.0396
Richton,MS,31.3434,-88.9101
Chatawa,MS,31.1145,-90.4875
Fernwood,MS,31.1855,-90.449
Mccomb,MS,31.21035,-90.4274
Magnolia,MS,31.1217,-90.4831
Osyka,MS,31.0217,-90.479
Summit,MS,31.2975,-90.4654
Algoma,MS,34.1715,-89.0328
Ecru,MS,34.3366,-89.0109
Pontotoc,MS,34.217,-88.9868
Randolph,MS,34.1617,-89.1795
Sherman,MS,34.3575,-88.8351
Thaxton,MS,34.3136,-89.1515
Booneville,MS,34.6694,-88.5443
Marietta,MS,34.5011,-88.4498
New Site,MS,34.5315,-88.3875
Wheeler,MS,34.6126,-88.5822
Belen,MS,34.2351,-90.2927
Crowder,MS,34.1731,-90.1364
Darling,MS,34.359,-90.2743
Falcon,MS,34.3932,-90.2565
Lambert,MS,34.1837,-90.263
Marks,MS,34.2607,-90.2816
Vance,MS,34.0936,-90.3752
Brandon,MS,32.320467,-89.969967
Florence,MS,32.1535,-90.1312
Pelahatchie,MS,32.318,-89.7913
Piney Woods,MS,32.0627,-89.9929
Puckett,MS,32.1062,-89.7836
Sandhill,MS,32.4983,-89.8686
Star,MS,32.094,-90.0462
Whitfield,MS,32.2348,-90.0726
Pearl,MS,32.2675,-90.11085
Richland,MS,32.2287,-90.1591
Flowood,MS,32.3299,-90.0915
Forest,MS,32.347,-89.4672
Harperville,MS,32.4925,-89.4946
Hillsboro,MS,32.4706,-89.5171
Lake,MS,32.3459,-89.3414
Ludlow,MS,32.566,-89.7135
Morton,MS,32.4029,-89.5949
Pulaski,MS,32.2745,-89.5627
Sebastopol,MS,32.5729,-89.3351
Anguilla,MS,32.9739,-90.8316
Panther Burn,MS,33.0662,-90.8684
Cary,MS,32.806,-90.9268
Delta City,MS,33.074,-90.7951
Rolling Fork,MS,32.8733,-90.8833
Braxton,MS,32.0016,-89.9672
D Lo,MS,31.9857,-89.9012
Harrisville,MS,31.9676,-90.1054
Magee,MS,31.8495,-89.7503
Mendenhall,MS,31.9494,-89.8095
Pinola,MS,31.8277,-90.0088
Mize,MS,31.8473,-89.5741
Raleigh,MS,32.0508,-89.5088
Taylorsville,MS,31.8394,-89.4049
Mc Henry,MS,30.6975,-89.1536
Perkinston,MS,30.7669,-89.14
Wiggins,MS,30.8609,-89.1324
Doddsville,MS,33.63,-90.5264
Drew,MS,33.867,-90.5406
Parchman,MS,33.9179,-90.4965
Indianola,MS,33.451,-90.6551
Inverness,MS,33.349,-90.6051
Moorhead,MS,33.4783,-90.5143
Rome,MS,33.9632,-90.4784
Ruleville,MS,33.7241,-90.5527
Sunflower,MS,33.5567,-90.5451
Cascilla,MS,33.9079,-90.0362
Charleston,MS,33.9726,-90.1116
Enid,MS,34.1263,-90.0044
Glendora,MS,33.8573,-90.288
Philipp,MS,33.7574,-90.2091
Sumner,MS,33.9833,-90.3895
Swan Lake,MS,33.9292,-90.1885
Tippo,MS,33.9121,-90.1806
Tutwiler,MS,34.0148,-90.4318
Webb,MS,33.9473,-90.3443
Arkabutla,MS,34.6863,-90.1068
Coldwater,MS,34.6924,-89.9869
Independence,MS,34.6959,-89.8288
Senatobia,MS,34.6323,-89.8855
Blue Mountain,MS,34.671,-89.0088
Dumas,MS,34.6491,-88.8072
Falkner,MS,34.8417,-88.9525
Ripley,MS,34.7509,-88.924
Tiplersville,MS,34.9029,-88.9157
Walnut,MS,34.9527,-88.9053
Belmont,MS,34.5102,-88.2309
Burnsville,MS,34.8579,-88.307
Dennis,MS,34.5497,-88.2117
Iuka,MS,34.8089,-88.1983
Tishomingo,MS,34.6478,-88.2194
Dundee,MS,34.5357,-90.3693
Robinsonville,MS,34.8093,-90.3052
Sledge,MS,34.3823,-90.209
Tunica,MS,34.6884,-90.3685
Etta,MS,34.4352,-89.1767
Myrtle,MS,34.5402,-89.1157
New Albany,MS,34.4851,-89.0031
Blue Springs,MS,34.4273,-88.859
Tylertown,MS,31.1466,-90.1169
Redwood,MS,32.4867,-90.7859
Vicksburg,MS,32.35225,-90.854775
Greenville,MS,33.3666,-90.995675
Arcola,MS,33.2698,-90.8798
Avon,MS,33.2301,-91.0473
Chatham,MS,33.1007,-91.0979
Glen Allan,MS,33.0254,-91.0092
Hollandale,MS,33.149,-90.9041
Leland,MS,33.3985,-90.8839
Metcalfe,MS,33.4546,-90.9943
Stoneville,MS,33.4096,-90.9104
Wayside,MS,33.269,-91.0337
Winterville,MS,33.5018,-91.0584
Buckatunna,MS,31.5391,-88.5289
Clara,MS,31.5937,-88.7048
Waynesboro,MS,31.6754,-88.6782
Bellefontaine,MS,33.6487,-89.3101
Eupora,MS,33.5494,-89.2904
Maben,MS,33.5686,-89.0605
Mathiston,MS,33.5415,-89.1275
Walthall,MS,33.607,-89.2752
Centreville,MS,31.0893,-91.096
Woodville,MS,31.1459,-91.3076
Louisville,MS,33.1058,-89.0287
Noxapater,MS,32.9789,-89.1221
Coffeeville,MS,33.9215,-89.6782
Oakland,MS,34.0756,-89.8877
Scobey,MS,33.9253,-89.891
Tillatoba,MS,33.9852,-89.8945
Water Valley,MS,34.1525,-89.638
Benton,MS,32.8158,-90.2815
Bentonia,MS,32.7,-90.3722
Holly Bluff,MS,32.8415,-90.7231
Satartia,MS,32.6125,-90.5965
Tinsley,MS,32.7628,-90.3628
Vaughan,MS,32.8015,-90.0981
Yazoo City,MS,32.8594,-90.4031
Dell,MT,44.723,-112.6972
Dillon,MT,45.2339,-112.6405
Glen,MT,45.4766,-112.6906
Jackson,MT,45.3687,-113.3598
Lima,MT,44.6441,-112.5625
Polaris,MT,45.3696,-113.1195
Wisdom,MT,45.6519,-113.4729
Wise River,MT,45.7424,-112.9963
Busby,MT,45.5541,-106.8723
Crow Agency,MT,45.6296,-107.4973
Decker,MT,45.1797,-106.8721
Garryowen,MT,45.5187,-107.4817
Hardin,MT,45.7498,-107.6075
Fort Smith,MT,45.3127,-107.9371
Lodge Grass,MT,45.3166,-107.3675
Pryor,MT,45.4297,-108.5332
Saint Xavier,MT,45.3985,-107.8893
Wyola,MT,45.1089,-107.4303
Chinook,MT,48.5799,-109.2225
Harlem,MT,48.5398,-108.7693
Hays,MT,47.9892,-108.6943
Hogeland,MT,48.8571,-108.6677
Lloyd,MT,47.9647,-109.2671
Turner,MT,48.8328,-108.3961
Zurich,MT,48.5844,-109.0304
Radersburg,MT,46.2069,-111.6344
Toston,MT,46.1709,-111.5899
Townsend,MT,46.3346,-111.4919
Winston,MT,46.4545,-111.651
Bearcreek,MT,45.1608,-109.1571
Belfry,MT,45.0498,-109.0788
Boyd,MT,45.4577,-109.0665
Bridger,MT,45.2857,-108.9082
Edgar,MT,45.4647,-108.8524
Fromberg,MT,45.4027,-108.9057
Joliet,MT,45.4941,-108.9922
Red Lodge,MT,45.1965,-109.2688
Roberts,MT,45.3672,-109.1769
Roscoe,MT,45.268,-109.5658
Alzada,MT,45.1562,-104.2617
Boyes,MT,45.268,-105.0311
Capitol,MT,45.4361,-104.0655
Ekalaka,MT,45.8805,-104.504
Hammond,MT,45.5671,-104.5391
Great Falls,MT,47.52696,-111.28084
Malmstrom Afb,MT,47.5002,-111.3008
Belt,MT,47.3821,-110.9081
Black Eagle,MT,47.5262,-111.2764
Cascade,MT,47.2912,-111.7223
Fort Shaw,MT,47.5055,-111.8103
Monarch,MT,47.0722,-110.871
Neihart,MT,46.9391,-110.7328
Sand Coulee,MT,47.4021,-111.1661
Simms,MT,47.4958,-111.8861
Stockett,MT,47.3217,-111.1287
Sun River,MT,47.481,-111.7242
Ulm,MT,47.3539,-111.5954
Vaughn,MT,47.5624,-111.577
Carter,MT,47.781,-110.9786
Floweree,MT,47.6584,-111.1214
Fort Benton,MT,47.924,-110.6052
Geraldine,MT,47.6024,-110.2765
Highwood,MT,47.5816,-110.7887
Loma,MT,47.9546,-110.4995
Big Sandy,MT,48.1497,-110.0776
Miles City,MT,46.4075,-105.8332
Ismay,MT,46.4132,-105.2091
Kinsey,MT,46.5708,-105.6569
Volborg,MT,45.8428,-105.6811
Flaxville,MT,48.7472,-105.1637
Peerless,MT,48.7808,-105.8006
Scobey,MT,48.7854,-105.417
Whitetail,MT,48.8956,-105.1617
Richey,MT,47.6229,-105.017
Bloomfield,MT,47.41,-104.9596
Glendive,MT,47.1008,-104.7287
Lindsay,MT,47.2024,-105.2089
Anaconda,MT,46.1299,-112.9739
Warm Springs,MT,46.1813,-112.7848
Baker,MT,46.3552,-104.2667
Plevna,MT,46.4112,-104.5713
Willard,MT,46.1939,-104.3699
Grass Range,MT,47.0259,-108.8271
Buffalo,MT,46.8211,-109.8285
Coffee Creek,MT,47.3467,-110.0908
Denton,MT,47.3191,-109.8789
Forest Grove,MT,46.9914,-109.0802
Hilger,MT,47.2539,-109.3599
Lewistown,MT,47.0563,-109.4203
Moore,MT,46.9755,-109.6969
Roy,MT,47.3678,-108.8634
Winifred,MT,47.6408,-109.2364
Kalispell,MT,48.2223,-114.329867
Bigfork,MT,48.0633,-114.0726
Columbia Falls,MT,48.3534,-114.1784
Coram,MT,48.4342,-114.0584
Essex,MT,48.278,-113.6126
Hungry Horse,MT,48.3858,-114.061
Kila,MT,48.0744,-114.5104
Lake Mc Donald,MT,48.2989,-113.9497
Lakeside,MT,48.0215,-114.2266
Marion,MT,48.0836,-114.7446
Martin City,MT,48.3916,-114.0382
Olney,MT,48.5455,-114.592
Polebridge,MT,48.8206,-114.3836
Somers,MT,48.0793,-114.2355
West Glacier,MT,48.5,-113.9787
Whitefish,MT,48.404,-114.3509
Belgrade,MT,45.7801,-111.1439
Bozeman,MT,45.659017,-111.045767
Big Sky,MT,45.2847,-111.3683
Gallatin Gateway,MT,45.339,-111.2485
Manhattan,MT,45.798,-111.3146
Three Forks,MT,45.8811,-111.5436
West Yellowstone,MT,44.6621,-111.1041
Willow Creek,MT,45.7827,-111.6345
Mosby,MT,46.9005,-107.7891
Sand Springs,MT,47.1008,-107.4856
Brusett,MT,47.4253,-107.2668
Cohagen,MT,47.1263,-106.4981
Jordan,MT,47.3208,-106.9101
Babb,MT,48.8788,-113.3681
Browning,MT,48.5569,-113.0134
Cut Bank,MT,48.6603,-112.3654
East Glacier Park,MT,48.4457,-113.219
Lavina,MT,46.3291,-108.9959
Ryegate,MT,46.2724,-109.2761
Drummond,MT,46.6647,-113.2426
Hall,MT,46.5825,-113.2087
Philipsburg,MT,46.3189,-113.3126
Havre,MT,48.5561,-109.688
Box Elder,MT,48.2841,-109.8205
Gildford,MT,48.5927,-110.2836
Hingham,MT,48.587,-110.4275
Inverness,MT,48.593,-110.688
Kremlin,MT,48.56,-110.0513
Rudyard,MT,48.586,-110.5552
Basin,MT,46.3296,-112.1967
Boulder,MT,46.2306,-112.1138
Clancy,MT,46.4652,-111.9864
Jefferson City,MT,46.3679,-112.0232
Cardwell,MT,45.8941,-111.7809
Whitehall,MT,45.8771,-112.1245
Geyser,MT,47.2598,-110.4839
Hobson,MT,46.9968,-109.8756
Moccasin,MT,47.0916,-109.8901
Raynesford,MT,47.2604,-110.7047
Stanford,MT,47.1489,-110.1961
Arlee,MT,47.186,-114.076
Charlo,MT,47.4385,-114.1723
Pablo,MT,47.6002,-114.119
Polson,MT,47.6876,-114.1404
Ravalli,MT,47.2772,-114.1807
Ronan,MT,47.5525,-114.1054
Saint Ignatius,MT,47.33,-114.0758
Big Arm,MT,47.7952,-114.302
Dayton,MT,47.8607,-114.2809
Elmo,MT,47.8305,-114.3496
Proctor,MT,47.9404,-114.3832
Rollins,MT,47.9182,-114.225
Augusta,MT,47.4537,-112.3883
Helena,MT,46.619712,-112.01725
Canyon Creek,MT,46.7627,-112.2795
East Helena,MT,46.5973,-111.9051
Fort Harrison,MT,46.6197,-112.1099
Lincoln,MT,46.9575,-112.6651
Marysville,MT,46.7499,-112.2994
Wolf Creek,MT,47.0856,-112.1476
Chester,MT,48.4541,-110.9798
Joplin,MT,48.6498,-110.7914
Whitlash,MT,48.911,-111.1075
Eureka,MT,48.8428,-115.0049
Fortine,MT,48.7586,-114.8809
Libby,MT,48.3773,-115.5391
Rexford,MT,48.9179,-115.2129
Stryker,MT,48.6741,-114.7702
Trego,MT,48.7052,-114.8693
Troy,MT,48.4791,-115.8817
Brockway,MT,47.2485,-105.7776
Circle,MT,47.4264,-105.6148
Vida,MT,47.832,-105.493
Alder,MT,45.1939,-112.0568
Cameron,MT,45.139,-111.6508
Ennis,MT,45.3545,-111.687
Harrison,MT,45.7423,-111.8461
Mc Allister,MT,45.408,-111.7761
Norris,MT,45.5323,-111.6943
Pony,MT,45.6585,-111.8944
Sheridan,MT,45.423,-112.1735
Silver Star,MT,45.7,-112.2535
Twin Bridges,MT,45.5311,-112.3495
Virginia City,MT,45.2938,-111.9461
Martinsdale,MT,46.4581,-110.4324
Ringling,MT,46.2716,-110.8072
White Sulphur Springs,MT,46.6332,-111.0506
Alberton,MT,46.9806,-114.4921
De Borgia,MT,47.3888,-115.3479
Haugan,MT,47.3833,-115.3996
Saint Regis,MT,47.3369,-115.1703
Saltese,MT,47.4102,-115.5096
Superior,MT,47.1721,-114.8885
Missoula,MT,46.882263,-114.0291
Bonner,MT,46.8733,-113.8645
Clinton,MT,46.7673,-113.7038
Condon,MT,47.5097,-113.7075
Frenchtown,MT,47.0471,-114.2683
Huson,MT,47.066,-114.4219
Lolo,MT,46.7585,-114.1097
Milltown,MT,46.8737,-113.8783
Seeley Lake,MT,47.1789,-113.481
Melstone,MT,46.5986,-107.8692
Musselshell,MT,46.5186,-108.0912
Roundup,MT,46.43385,-108.5428
Clyde Park,MT,45.8341,-110.6222
Cooke City,MT,45.0234,-109.907
Emigrant,MT,45.2708,-110.7921
Gardiner,MT,45.0849,-110.5715
Livingston,MT,45.6546,-110.5609
Pray,MT,45.3331,-110.7137
Silver Gate,MT,45.0046,-109.9854
Springdale,MT,45.7383,-110.2271
Wilsall,MT,45.9484,-110.6061
Teigen,MT,47.0366,-108.5968
Winnett,MT,46.9438,-108.3184
Saco,MT,48.6389,-107.4293
Dodson,MT,48.395,-108.2465
Loring,MT,48.7983,-107.8686
Malta,MT,48.3692,-107.8408
Whitewater,MT,48.7595,-107.6276
Zortman,MT,47.7698,-108.592
Brady,MT,48.0312,-111.755
Conrad,MT,48.1783,-111.9397
Dupuyer,MT,48.1925,-112.4995
Heart Butte,MT,48.2777,-112.8456
Ledger,MT,48.2643,-111.3886
Valier,MT,48.2795,-112.3033
Otter,MT,45.0903,-106.1499
Biddle,MT,45.0994,-105.3383
Broadus,MT,45.2572,-105.2568
Olive,MT,45.5506,-105.528
Powderville,MT,45.7589,-105.1153
Avon,MT,46.5972,-112.602
Deer Lodge,MT,46.3881,-112.7476
Elliston,MT,46.5034,-112.4007
Garrison,MT,46.5948,-112.7756
Gold Creek,MT,46.59,-112.9706
Helmville,MT,46.83,-112.9413
Ovando,MT,47.0067,-113.0905
Fallon,MT,46.7866,-105.1161
Mildred,MT,46.6758,-104.96
Terry,MT,46.829,-105.3706
Conner,MT,45.919,-114.059
Corvallis,MT,46.3142,-114.096
Darby,MT,46.028,-114.1938
Florence,MT,46.631,-114.0945
Grantsdale,MT,46.2035,-114.1418
Hamilton,MT,46.2395,-114.1679
Pinesdale,MT,46.3329,-114.2235
Stevensville,MT,46.5267,-114.0478
Sula,MT,45.8433,-113.8748
Victor,MT,46.4005,-114.1665
Crane,MT,47.5758,-104.2624
Fairview,MT,47.8916,-104.2302
Lambert,MT,47.7459,-104.5987
Savage,MT,47.5194,-104.2845
Sidney,MT,47.713,-104.1634
Wolf Point,MT,48.1119,-105.6293
Bainville,MT,48.158,-104.1995
Brockton,MT,48.2101,-104.8548
Culbertson,MT,48.1495,-104.5132
Froid,MT,48.3345,-104.4961
Homestead,MT,48.435,-104.4389
Poplar,MT,48.1307,-105.187
Ashland,MT,45.58855,-106.27525
Birney,MT,45.2862,-106.5095
Ingomar,MT,46.5767,-107.3723
Lame Deer,MT,45.6032,-106.5654
Sumatra,MT,46.6183,-107.5512
Angela,MT,46.73,-106.2011
Colstrip,MT,45.9344,-106.6368
Forsyth,MT,46.2819,-106.6991
Hathaway,MT,46.2761,-106.1967
Rosebud,MT,46.4352,-106.352
Dixon,MT,47.3131,-114.3056
Heron,MT,48.0537,-115.9407
Hot Springs,MT,47.5914,-114.6597
Lonepine,MT,47.7251,-114.657
Noxon,MT,48.0768,-115.8582
Paradise,MT,47.3878,-114.799
Plains,MT,47.4734,-114.893
Thompson Falls,MT,47.6016,-115.3602
Trout Creek,MT,47.8111,-115.5592
Antelope,MT,48.6968,-104.4529
Dagmar,MT,48.6093,-104.2401
Medicine Lake,MT,48.4852,-104.4375
Outlook,MT,48.8817,-104.7415
Plentywood,MT,48.7788,-104.56
Raymond,MT,48.8764,-104.5802
Redstone,MT,48.728,-104.9402
Reserve,MT,48.5905,-104.6279
Westby,MT,48.8587,-104.1247
Butte,MT,45.96312,-112.62496
Divide,MT,45.803,-112.809
Melrose,MT,45.6319,-112.6845
Ramsay,MT,46.0058,-112.6861
Absarokee,MT,45.5154,-109.4692
Columbus,MT,45.6262,-109.2571
Fishtail,MT,45.4002,-109.5821
Molt,MT,45.8615,-108.9731
Nye,MT,45.441,-109.8271
Park City,MT,45.6329,-108.9293
Rapelje,MT,45.9795,-109.2761
Reed Point,MT,45.7439,-109.5224
Big Timber,MT,45.8283,-109.9631
Greycliff,MT,45.7633,-109.7846
Mc Leod,MT,45.5963,-109.9357
Melville,MT,46.104,-109.7808
Bynum,MT,47.99,-112.2762
Choteau,MT,47.838,-112.2021
Dutton,MT,47.8601,-111.69
Fairfield,MT,47.6143,-112.0015
Pendroy,MT,48.0879,-112.3261
Power,MT,47.6798,-111.7169
Ethridge,MT,48.5578,-112.1206
Galata,MT,48.8111,-111.4704
Kevin,MT,48.7508,-111.9708
Lothair,MT,48.4717,-111.2322
Oilmont,MT,48.74,-111.8409
Shelby,MT,48.5037,-111.8391
Sunburst,MT,48.8516,-111.7442
Sweet Grass,MT,48.9961,-111.9606
Bighorn,MT,45.997,-107.31
Hysham,MT,46.2765,-107.3072
Sanders,MT,46.2914,-107.0967
Fort Peck,MT,48.0089,-106.4486
Frazer,MT,48.2959,-106.0324
Glasgow,MT,48.2034,-106.6094
Saint Marie,MT,48.4039,-106.5428
Glentana,MT,48.8481,-106.2495
Hinsdale,MT,48.4007,-107.0098
Larslan,MT,48.5822,-106.2835
Nashua,MT,48.1322,-106.3564
Opheim,MT,48.8702,-106.3658
Richland,MT,48.6507,-106.1192
Vandalia,MT,48.3547,-106.9098
Harlowton,MT,46.4477,-109.8435
Shawmut,MT,46.3869,-109.5974
Two Dot,MT,46.4242,-110.0712
Judith Gap,MT,46.6623,-109.6755
Wibaux,MT,46.9646,-104.1897
Acton,MT,45.9291,-108.6888
Ballantine,MT,45.9547,-108.1231
Broadview,MT,46.0821,-108.8091
Custer,MT,46.1302,-107.5958
Huntley,MT,45.8905,-108.285
Laurel,MT,45.6745,-108.769
Pompeys Pillar,MT,45.9838,-107.9154
Shepherd,MT,45.9461,-108.3426
Worden,MT,45.9779,-108.1533
Billings,MT,45.796836,-108.515986
Alamance,NC,36.0318,-79.4856
Altamahaw,NC,36.1855,-79.5055
Burlington,NC,36.069367,-79.46
Elon,NC,36.1029,-79.5067
Graham,NC,36.031,-79.3814
Haw River,NC,36.0915,-79.3642
Mebane,NC,36.0979,-79.2719
Saxapahaw,NC,35.9488,-79.3297
Snow Camp,NC,35.9066,-79.4279
Swepsonville,NC,36.0214,-79.3574
Hiddenite,NC,35.9504,-81.0487
Stony Point,NC,35.8661,-81.0641
Taylorsville,NC,35.901,-81.2124
Ennice,NC,36.5253,-80.9771
Glade Valley,NC,36.4429,-81.0168
Piney Creek,NC,36.5276,-81.3019
Roaring Gap,NC,36.3836,-81.0188
Sparta,NC,36.5089,-81.1384
Ansonville,NC,35.1046,-80.1092
Lilesville,NC,34.9689,-79.9721
Mc Farlan,NC,34.8136,-79.9776
Morven,NC,34.8511,-80.0025
Peachland,NC,35.0054,-80.2829
Polkton,NC,34.9823,-80.1538
Wadesboro,NC,34.9809,-80.0696
Creston,NC,36.45,-81.6506
Crumpler,NC,36.4641,-81.4039
Fleetwood,NC,36.2814,-81.514
Glendale Springs,NC,36.3405,-81.3653
Grassy Creek,NC,36.5415,-81.4468
Jefferson,NC,36.409,-81.4396
Lansing,NC,36.5176,-81.5269
Laurel Springs,NC,36.4449,-81.2606
Scottville,NC,36.4833,-81.3276
Todd,NC,36.3245,-81.5874
Warrensville,NC,36.4572,-81.5465
West Jefferson,NC,36.3776,-81.4872
Banner Elk,NC,36.1705,-81.8412
Crossnore,NC,36.0218,-81.9296
Elk Park,NC,36.1646,-81.9639
Linville,NC,36.0665,-81.8704
Minneapolis,NC,36.0993,-81.9871
Montezuma,NC,36.0651,-81.9017
Newland,NC,36.059,-81.9303
Pineola,NC,36.0285,-81.8915
Plumtree,NC,36.0441,-82.0037
Aurora,NC,35.3023,-76.7994
Bath,NC,35.4702,-76.7715
Belhaven,NC,35.4458,-76.6391
Blounts Creek,NC,35.382,-76.925
Chocowinity,NC,35.4814,-77.0868
Edward,NC,35.3236,-76.8794
Pantego,NC,35.6201,-76.6988
Pinetown,NC,35.5758,-76.8076
Washington,NC,35.5884,-77.1404
Aulander,NC,36.1475,-77.1141
Kelford,NC,36.1871,-77.1898
Lewiston Woodville,NC,36.0933,-77.1439
Roxobel,NC,36.195,-77.2602
Colerain,NC,36.1901,-76.8548
Merry Hill,NC,36.0871,-76.7776
Powellsville,NC,36.2257,-76.933
Windsor,NC,36.0159,-76.9336
Bladenboro,NC,34.5658,-78.7793
Dublin,NC,34.6568,-78.7264
Elizabethtown,NC,34.6471,-78.5747
Tar Heel,NC,34.7465,-78.8134
White Oak,NC,34.7662,-78.7301
Clarkton,NC,34.503,-78.6313
Council,NC,34.429,-78.4115
Kelly,NC,34.4591,-78.2942
Wilmington,NC,34.199792,-77.8864
Ash,NC,34.0659,-78.5056
Bolivia,NC,34.026,-78.1681
Leland,NC,34.268,-78.0578
Longwood,NC,33.9973,-78.5541
Shallotte,NC,33.94855,-78.40965
Southport,NC,33.9654,-78.0359
Supply,NC,34.0231,-78.2884
Oak Island,NC,33.9161,-78.1255
Calabash,NC,33.9047,-78.5744
Sunset Beach,NC,33.8836,-78.52
Ocean Isle Beach,NC,33.8913,-78.4298
Winnabow,NC,34.1553,-78.0558
Alexander,NC,35.7064,-82.6311
Arden,NC,35.4637,-82.5354
Barnardsville,NC,35.7748,-82.4567
Black Mountain,NC,35.5986,-82.2902
Candler,NC,35.5376,-82.7001
Enka,NC,35.4988,-82.708
Fairview,NC,35.5258,-82.3985
Leicester,NC,35.6498,-82.7106
Montreat,NC,35.6415,-82.3156
Mills River,NC,35.3906,-82.568
Ridgecrest,NC,35.6186,-82.3005
Skyland,NC,35.4835,-82.5207
Swannanoa,NC,35.6172,-82.407
Weaverville,NC,35.7126,-82.5491
Asheville,NC,35.600436,-82.544264
Connelly Springs,NC,35.7429,-81.5134
Drexel,NC,35.7579,-81.6043
Glen Alpine,NC,35.729,-81.7793
Hildebran,NC,35.718,-81.4194
Jonas Ridge,NC,35.9726,-81.8948
Linville Falls,NC,35.9593,-81.9429
Morganton,NC,35.74265,-81.69975
Icard,NC,35.7274,-81.4706
Rutherford College,NC,35.7485,-81.5226
Valdese,NC,35.7447,-81.567
Concord,NC,35.377333,-80.562433
Harrisburg,NC,35.3247,-80.6594
Kannapolis,NC,35.444367,-80.592833
Midland,NC,35.2477,-80.5319
Mount Pleasant,NC,35.4146,-80.4171
Collettsville,NC,35.9946,-81.7266
Granite Falls,NC,35.7965,-81.4306
Lenoir,NC,35.91445,-81.5394
Hudson,NC,35.8403,-81.4897
Patterson,NC,35.9973,-81.5626
Rhodhiss,NC,35.7772,-81.4302
Camden,NC,36.325,-76.15
Shiloh,NC,36.2584,-76.0432
South Mills,NC,36.4536,-76.3033
Atlantic,NC,34.8888,-76.3521
Atlantic Beach,NC,34.6991,-76.7402
Beaufort,NC,34.758,-76.6228
Cedar Island,NC,35.0082,-76.316
Davis,NC,34.7974,-76.4602
Gloucester,NC,34.7344,-76.5394
Harkers Island,NC,34.6966,-76.5583
Marshallberg,NC,34.7265,-76.5173
Morehead City,NC,34.7253,-76.7531
Newport,NC,34.7551,-76.9069
Salter Path,NC,34.6885,-76.8861
Sealevel,NC,34.8769,-76.3898
Smyrna,NC,34.7593,-76.5274
Stacy,NC,34.8412,-76.4289
Stella,NC,34.7777,-77.1308
Williston,NC,34.7893,-76.5052
Emerald Isle,NC,34.6662,-77.026
Blanch,NC,36.4664,-79.2755
Leasburg,NC,36.4151,-79.1942
Milton,NC,36.5158,-79.2087
Pelham,NC,36.4899,-79.4736
Prospect Hill,NC,36.2932,-79.2156
Providence,NC,36.4873,-79.4041
Yanceyville,NC,36.3907,-79.3465
Hickory,NC,35.708633,-81.325767
Catawba,NC,35.6757,-81.0503
Claremont,NC,35.7211,-81.1297
Conover,NC,35.7313,-81.2165
Maiden,NC,35.5759,-81.1745
Newton,NC,35.6498,-81.2425
Sherrills Ford,NC,35.5962,-81.0339
Terrell,NC,35.5836,-80.9631
Bear Creek,NC,35.6129,-79.3726
Bennett,NC,35.5673,-79.5225
Bonlee,NC,35.6482,-79.4149
Bynum,NC,35.7835,-79.1298
Goldston,NC,35.5643,-79.3385
Gulf,NC,35.5604,-79.2817
Pittsboro,NC,35.7694,-79.1755
Siler City,NC,35.7354,-79.4566
Moncure,NC,35.6306,-79.0839
Topton,NC,35.2151,-83.6461
Andrews,NC,35.1959,-83.8228
Culberson,NC,34.9917,-84.1677
Marble,NC,35.1475,-83.9381
Murphy,NC,35.1312,-84.0388
Edenton,NC,36.0908,-76.6224
Tyner,NC,36.2502,-76.6428
Brasstown,NC,35.0261,-83.9567
Hayesville,NC,35.0417,-83.7867
Warne,NC,35.0024,-83.9045
Boiling Springs,NC,35.2543,-81.667
Casar,NC,35.5145,-81.6357
Earl,NC,35.197,-81.5386
Fallston,NC,35.429,-81.5015
Grover,NC,35.1836,-81.4552
Kings Mountain,NC,35.2516,-81.3806
Lattimore,NC,35.3182,-81.6607
Lawndale,NC,35.4449,-81.5336
Mooresboro,NC,35.2295,-81.7492
Polkville,NC,35.3961,-81.6303
Shelby,NC,35.2911,-81.542033
Waco,NC,35.3615,-81.4287
Bolton,NC,34.3091,-78.3372
Brunswick,NC,34.2907,-78.6994
Cerro Gordo,NC,34.3025,-78.9216
Chadbourn,NC,34.3223,-78.8267
Clarendon,NC,34.1761,-78.7637
Delco,NC,34.2838,-78.2607
Evergreen,NC,34.4204,-78.8947
Fair Bluff,NC,34.3023,-79.0175
Hallsboro,NC,34.3181,-78.6043
Lake Waccamaw,NC,34.3394,-78.5102
Nakina,NC,34.1153,-78.657
Riegelwood,NC,34.3471,-78.2575
Tabor City,NC,34.1233,-78.8232
Whiteville,NC,34.3241,-78.716
Bridgeton,NC,35.1215,-77.0208
Cove City,NC,35.2023,-77.2963
Dover,NC,35.2554,-77.3646
Ernul,NC,35.2547,-77.0502
Havelock,NC,34.8968,-76.89
Cherry Point,NC,34.9038,-76.9
New Bern,NC,35.10926,-77.05796
Vanceboro,NC,35.3063,-77.1716
Fayetteville,NC,35.04487,-78.90589
Fort Bragg,NC,35.0961,-78.90315
Pope Army Airfield,NC,35.0635,-78.8943
Cumberland,NC,35.0049,-78.9673
Falcon,NC,35.1899,-78.6483
Godwin,NC,35.1969,-78.6625
Hope Mills,NC,34.9536,-78.9354
Linden,NC,35.2276,-78.8004
Spring Lake,NC,35.183,-78.9786
Stedman,NC,35.0347,-78.6949
Wade,NC,35.1606,-78.7249
Aydlett,NC,36.3045,-75.9029
Barco,NC,36.3588,-75.9793
Coinjock,NC,36.3751,-75.934
Corolla,NC,36.3206,-75.8132
Currituck,NC,36.4398,-76.0055
Grandy,NC,36.2339,-75.8768
Harbinger,NC,36.1025,-75.8169
Jarvisburg,NC,36.1714,-75.8621
Knotts Island,NC,36.5232,-75.9702
Maple,NC,36.3987,-76.0039
Moyock,NC,36.4871,-76.1146
Point Harbor,NC,36.0781,-75.7983
Poplar Branch,NC,36.2737,-75.9097
Powells Point,NC,36.1207,-75.8273
Shawboro,NC,36.3779,-76.0945
Avon,NC,35.3521,-75.5104
Buxton,NC,35.2677,-75.5424
Frisco,NC,35.2338,-75.6145
Hatteras,NC,35.2193,-75.6902
Kill Devil Hills,NC,36.0088,-75.6757
Kitty Hawk,NC,36.0646,-75.7057
Manns Harbor,NC,35.8238,-75.8467
Manteo,NC,35.8948,-75.6714
Nags Head,NC,35.8865,-75.6038
Rodanthe,NC,35.5935,-75.4679
Salvo,NC,35.5546,-75.4693
Stumpy Point,NC,35.6985,-75.7728
Wanchese,NC,35.8622,-75.6437
Waves,NC,35.565,-75.4663
Denton,NC,35.6196,-80.0959
Lexington,NC,35.8496,-80.2766
Linwood,NC,35.7562,-80.3749
Southmont,NC,35.6605,-80.2836
Thomasville,NC,35.8771,-80.18365
Wallburg,NC,36.0101,-80.1392
Welcome,NC,35.9029,-80.257
Advance,NC,36.0065,-80.4463
Cooleemee,NC,35.8104,-80.5559
Mocksville,NC,35.922,-80.537
Calypso,NC,35.1538,-78.1053
Faison,NC,35.1199,-78.118
Kenansville,NC,35.0152,-77.8969
Warsaw,NC,35.018,-78.031
Magnolia,NC,34.8957,-78.0432
Rose Hill,NC,34.8235,-78.0166
Teachey,NC,34.77,-78.0221
Wallace,NC,34.7542,-77.9429
Albertson,NC,35.1176,-77.8515
Beulaville,NC,34.934,-77.7697
Chinquapin,NC,34.8276,-77.7636
Bahama,NC,36.1566,-78.8903
Rougemont,NC,36.2393,-78.9019
Durham,NC,36.020494,-78.890931
Rocky Mount,NC,35.93808,-77.80338
Battleboro,NC,36.0067,-77.7074
Conetoe,NC,35.8178,-77.4533
Macclesfield,NC,35.751,-77.6706
Pinetops,NC,35.7885,-77.6378
Speed,NC,35.9679,-77.4452
Tarboro,NC,35.8983,-77.5421
Belews Creek,NC,36.2269,-80.093
Bethania,NC,36.183,-80.3387
Clemmons,NC,36.0341,-80.3962
Lewisville,NC,36.0967,-80.4206
Pfafftown,NC,36.1669,-80.3798
Rural Hall,NC,36.237625,-80.29345
Tobaccoville,NC,36.2336,-80.3915
Walkertown,NC,36.18,-80.1629
Winston-Salem,NC,36.065508,-80.241
Kernersville,NC,36.1182,-80.0784
Bunn,NC,35.9577,-78.2498
Franklinton,NC,36.0955,-78.4486
Louisburg,NC,36.0578,-78.2586
Youngsville,NC,36.0249,-78.4744
Alexis,NC,35.4069,-81.0947
Belmont,NC,35.244,-81.044
Bessemer City,NC,35.2849,-81.2863
Cherryville,NC,35.3747,-81.3509
Cramerton,NC,35.2396,-81.0831
Dallas,NC,35.3349,-81.1862
Davidson,NC,35.49255,-80.8213
Gastonia,NC,35.25414,-81.17614
High Shoals,NC,35.4041,-81.2029
Lowell,NC,35.2655,-81.096
Mc Adenville,NC,35.2578,-81.0788
Mount Holly,NC,35.3119,-81.0306
Stanley,NC,35.3516,-81.0959
Corapeake,NC,36.5179,-76.5979
Eure,NC,36.4341,-76.8463
Gates,NC,36.5036,-76.7646
Gatesville,NC,36.4072,-76.7325
Hobbsville,NC,36.3543,-76.6178
Roduco,NC,36.4618,-76.8125
Sunbury,NC,36.4316,-76.6096
Fontana Dam,NC,35.4231,-83.7795
Robbinsville,NC,35.3259,-83.7888
Bullock,NC,36.5076,-78.5646
Butner,NC,36.1359,-78.7636
Creedmoor,NC,36.1224,-78.6861
Clayton,NC,35.649333,-78.431933
Oxford,NC,36.3313,-78.6134
Roxboro,NC,36.40005,-78.98
Stem,NC,36.1999,-78.7222
Stovall,NC,36.4482,-78.5703
Walstonburg,NC,35.5882,-77.6983
Hookerton,NC,35.438,-77.5656
Maury,NC,35.4821,-77.5861
Snow Hill,NC,35.4438,-77.6956
Browns Summit,NC,36.2019,-79.7101
Climax,NC,35.9345,-79.7019
Colfax,NC,36.1003,-80.0103
Gibsonville,NC,36.1183,-79.5685
High Point,NC,35.999729,-79.9978
Jamestown,NC,35.999,-79.9293
Julian,NC,35.9543,-79.6386
Mc Leansville,NC,36.1163,-79.6684
Oak Ridge,NC,36.1673,-79.9804
Pleasant Garden,NC,35.9522,-79.7549
Sedalia,NC,36.0756,-79.6206
Stokesdale,NC,36.2552,-79.9705
Summerfield,NC,36.2245,-79.8901
Whitsett,NC,36.033,-79.5972
Greensboro,NC,36.0786,-79.803561
Enfield,NC,36.1973,-77.7129
Halifax,NC,36.3049,-77.5607
Hobgood,NC,36.0594,-77.4061
Hollister,NC,36.259,-77.9319
Littleton,NC,36.4169,-77.8528
Roanoke Rapids,NC,36.4461,-77.6731
Scotland Neck,NC,36.1301,-77.4273
Tillery,NC,36.2352,-77.5026
Weldon,NC,36.4206,-77.6035
Angier,NC,35.4897,-78.7249
Buies Creek,NC,35.4132,-78.7356
Coats,NC,35.4082,-78.6627
Kipling,NC,35.4799,-78.8211
Lillington,NC,35.332,-78.9212
Mamers,NC,35.4168,-78.9334
Bunnlevel,NC,35.3119,-78.8405
Dunn,NC,35.3114,-78.612
Erwin,NC,35.3287,-78.6859
Olivia,NC,35.3596,-79.1097
Canton,NC,35.5127,-82.8413
Clyde,NC,35.5597,-82.9216
Hazelwood,NC,35.4683,-83.0028
Lake Junaluska,NC,35.5258,-82.9704
Maggie Valley,NC,35.5201,-83.0929
Waynesville,NC,35.5174,-82.9816
Bat Cave,NC,35.4515,-82.2871
Dana,NC,35.3293,-82.3754
East Flat Rock,NC,35.2799,-82.4204
Edneyville,NC,35.394,-82.3409
Etowah,NC,35.3172,-82.5977
Flat Rock,NC,35.289,-82.3916
Fletcher,NC,35.4499,-82.4966
Gerton,NC,35.4759,-82.3505
Hendersonville,NC,35.3299,-82.48875
Horse Shoe,NC,35.3432,-82.5565
Mountain Home,NC,35.3711,-82.4938
Naples,NC,35.3817,-82.4813
Tuxedo,NC,35.2174,-82.4178
Zirconia,NC,35.2153,-82.4574
Como,NC,36.5015,-77.0094
Murfreesboro,NC,36.4319,-77.1027
Ahoskie,NC,36.2957,-76.9966
Cofield,NC,36.3333,-76.8746
Harrellsville,NC,36.2866,-76.7767
Winton,NC,36.3826,-76.936
Raeford,NC,34.989,-79.2228
Engelhard,NC,35.5149,-76.0303
Fairfield,NC,35.5659,-76.2318
Scranton,NC,35.4717,-76.4951
Swanquarter,NC,35.4222,-76.2875
Ocracoke,NC,35.1397,-75.8931
Barium Springs,NC,35.7192,-80.8991
Mooresville,NC,35.5807,-80.84555
Mount Mourne,NC,35.5432,-80.8473
Troutman,NC,35.6863,-80.8822
Statesville,NC,35.815567,-80.889033
Harmony,NC,35.958,-80.7585
Olin,NC,35.9593,-80.8511
Turnersburg,NC,35.9085,-80.8073
Union Grove,NC,36.0369,-80.8967
Scotts,NC,35.831,-81.0076
Balsam,NC,35.4268,-83.0851
Cashiers,NC,35.0971,-83.0871
Cullowhee,NC,35.2409,-83.1475
Dillsboro,NC,35.3735,-83.2592
Glenville,NC,35.1882,-83.09
Sylva,NC,35.3481,-83.2031
Tuckasegee,NC,35.2599,-83.0749
Webster,NC,35.3462,-83.2193
Whittier,NC,35.4469,-83.2872
Benson,NC,35.4037,-78.5421
Four Oaks,NC,35.404,-78.4153
Kenly,NC,35.6077,-78.1382
Micro,NC,35.5638,-78.2044
Middlesex,NC,35.7665,-78.2062
Pine Level,NC,35.5132,-78.2444
Princeton,NC,35.4558,-78.1674
Selma,NC,35.5565,-78.264
Smithfield,NC,35.5068,-78.3479
Wilsons Mills,NC,35.5907,-78.3607
Comfort,NC,35.0051,-77.5231
Maysville,NC,34.8691,-77.2315
Pollocksville,NC,35.0151,-77.2287
Trenton,NC,35.0745,-77.4595
Cumnock,NC,35.4676,-79.1653
Sanford,NC,35.465533,-79.163333
Broadway,NC,35.4181,-79.0435
Lemon Springs,NC,35.3896,-79.1945
Kinston,NC,35.266525,-77.60505
Deep Run,NC,35.163,-77.6928
La Grange,NC,35.3054,-77.7686
Pink Hill,NC,35.0573,-77.6943
Crouse,NC,35.421,-81.3054
Denver,NC,35.4837,-80.9898
Iron Station,NC,35.4657,-81.107
Lincolnton,NC,35.48495,-81.21065
Vale,NC,35.5188,-81.4589
Glenwood,NC,35.7387,-82.0595
Little Switzerland,NC,35.8493,-82.0904
Marion,NC,35.6819,-82.018
Nebo,NC,35.6732,-81.9056
Old Fort,NC,35.6169,-82.1686
Franklin,NC,35.18165,-83.385
Highlands,NC,35.0705,-83.216
Otto,NC,35.0515,-83.3854
Scaly Mountain,NC,35.0311,-83.3274
Hot Springs,NC,35.8082,-82.9005
Marshall,NC,35.8597,-82.7105
Mars Hill,NC,35.8528,-82.5254
Everetts,NC,35.8349,-77.1736
Hamilton,NC,35.9446,-77.2097
Hassell,NC,35.9086,-77.2763
Jamesville,NC,35.7839,-76.8983
Oak City,NC,35.9597,-77.3004
Parmele,NC,35.8165,-77.3141
Robersonville,NC,35.8218,-77.26
Williamston,NC,35.8212,-77.1022
Cornelius,NC,35.4733,-80.8726
Huntersville,NC,35.4059,-80.8562
Matthews,NC,35.1451,-80.735
Newell,NC,35.2768,-80.7165
Paw Creek,NC,35.26,-80.8042
Pineville,NC,35.0709,-80.8859
Charlotte,NC,35.22877,-80.823747
Bakersville,NC,36.0286,-82.1711
Penland,NC,35.9219,-82.1107
Spruce Pine,NC,35.906,-82.0705
Biscoe,NC,35.3599,-79.7798
Candor,NC,35.2234,-79.7876
Ether,NC,35.4514,-79.7834
Mount Gilead,NC,35.2274,-79.9871
Star,NC,35.4211,-79.7826
Troy,NC,35.3777,-79.9093
Eagle Springs,NC,35.336,-79.631
Highfalls,NC,35.4921,-79.479
Jackson Springs,NC,35.2259,-79.6685
Robbins,NC,35.4528,-79.582
West End,NC,35.2512,-79.536
Aberdeen,NC,35.1216,-79.445
Cameron,NC,35.3106,-79.3472
Carthage,NC,35.3061,-79.3969
Lakeview,NC,35.2438,-79.3086
Pinehurst,NC,35.2023,-79.4628
Pinebluff,NC,35.1007,-79.4663
Southern Pines,NC,35.225,-79.4142
Vass,NC,35.2171,-79.2562
Bailey,NC,35.8072,-78.0892
Castalia,NC,36.0901,-78.0705
Nashville,NC,35.9843,-77.9595
Red Oak,NC,36.0548,-77.9116
Sharpsburg,NC,35.8654,-77.8389
Spring Hope,NC,35.9302,-78.1085
Whitakers,NC,36.0758,-77.7167
Carolina Beach,NC,34.0366,-77.8963
Castle Hayne,NC,34.3236,-77.9108
Kure Beach,NC,33.9927,-77.9099
Wrightsville Beach,NC,34.2228,-77.7932
Conway,NC,36.4164,-77.2502
Garysburg,NC,36.4761,-77.5719
Gaston,NC,36.5004,-77.645
Henrico,NC,36.5274,-77.8546
Jackson,NC,36.3896,-77.4214
Margarettsville,NC,36.5245,-77.326
Pendleton,NC,36.4937,-77.1911
Pleasant Hill,NC,36.5212,-77.5192
Potecasi,NC,36.3632,-77.2391
Rich Square,NC,36.2773,-77.2969
Seaboard,NC,36.4886,-77.4113
Severn,NC,36.5152,-77.1897
Woodland,NC,36.325,-77.2107
Holly Ridge,NC,34.4954,-77.555
Sneads Ferry,NC,34.5426,-77.4038
Hubert,NC,34.6993,-77.2079
Jacksonville,NC,34.734533,-77.4107
Camp Lejeune,NC,34.67745,-77.41255
Tarawa Terrace,NC,34.7354,-77.3831
Midway Park,NC,34.727,-77.32
Mccutcheon Field,NC,34.6921,-77.3912
Richlands,NC,34.8624,-77.5863
Swansboro,NC,34.6991,-77.135
Cedar Grove,NC,36.202,-79.1666
Efland,NC,36.0912,-79.1884
Hillsborough,NC,36.0756,-79.0914
Carrboro,NC,35.9055,-79.0901
Chapel Hill,NC,35.94408,-79.06082
Alliance,NC,35.1449,-76.8022
Arapahoe,NC,35.0055,-76.8149
Bayboro,NC,35.1526,-76.7518
Grantsboro,NC,35.0668,-76.871
Hobucken,NC,35.2518,-76.5696
Lowland,NC,35.306,-76.5777
Merritt,NC,35.1224,-76.6719
Oriental,NC,35.0364,-76.7015
Stonewall,NC,35.1371,-76.7406
Vandemere,NC,35.1913,-76.6604
Elizabeth City,NC,36.2885,-76.2377
Atkinson,NC,34.5304,-78.1671
Burgaw,NC,34.5487,-77.9403
Currie,NC,34.4497,-78.0925
Hampstead,NC,34.3879,-77.6628
Maple Hill,NC,34.6594,-77.7117
Rocky Point,NC,34.4344,-77.9234
Willard,NC,34.6845,-78.0234
Belvidere,NC,36.3096,-76.5436
Hertford,NC,36.17935,-76.4196
Winfall,NC,36.2193,-76.4667
Semora,NC,36.5114,-79.0942
Hurdle Mills,NC,36.2518,-79.0827
Timberlake,NC,36.2918,-78.9353
Bellarthur,NC,35.5847,-77.5134
Bethel,NC,35.7909,-77.3748
Falkland,NC,35.6966,-77.5132
Farmville,NC,35.5806,-77.5793
Fountain,NC,35.674,-77.64
Greenville,NC,35.59102,-77.37686
Grimesland,NC,35.558,-77.2566
Simpson,NC,35.5752,-77.2786
Stokes,NC,35.7104,-77.2722
Ayden,NC,35.4565,-77.4051
Grifton,NC,35.3757,-77.4193
Winterville,NC,35.5336,-77.391
Columbus,NC,35.2532,-82.1971
Lynn,NC,35.2362,-82.2362
Mill Spring,NC,35.3338,-82.1557
Saluda,NC,35.2383,-82.3306
Tryon,NC,35.2157,-82.2394
Asheboro,NC,35.720067,-79.786933
Cedar Falls,NC,35.8028,-79.8797
Franklinville,NC,35.7917,-79.7132
Liberty,NC,35.8729,-79.5821
Ramseur,NC,35.7143,-79.6469
Randleman,NC,35.8488,-79.8018
Seagrove,NC,35.5283,-79.6979
Sophia,NC,35.8298,-79.8986
Staley,NC,35.796,-79.5514
Trinity,NC,35.8429,-79.9902
Cordova,NC,34.9129,-79.822
Ellerbe,NC,35.0914,-79.7524
Hamlet,NC,34.8894,-79.7022
Hoffman,NC,35.0326,-79.56
Marston,NC,34.9882,-79.5823
Norman,NC,35.1704,-79.7228
Rockingham,NC,34.9639,-79.76695
Barnesville,NC,34.4088,-79.0467
Fairmont,NC,34.472,-79.1407
Lumber Bridge,NC,34.8762,-79.0664
Lumberton,NC,34.635567,-79.0437
Marietta,NC,34.3791,-79.1279
Maxton,NC,34.7334,-79.3097
Orrum,NC,34.4473,-79.031
Parkton,NC,34.9006,-78.9969
Pembroke,NC,34.6902,-79.1834
Proctorville,NC,34.4713,-79.0414
Red Springs,NC,34.8083,-79.1636
Rex,NC,34.8543,-79.0642
Rowland,NC,34.5887,-79.2618
Saint Pauls,NC,34.801,-78.9731
Shannon,NC,34.8988,-79.1806
Madison,NC,36.3695,-79.9654
Mayodan,NC,36.4277,-79.9567
Stoneville,NC,36.4705,-79.9013
Eden,NC,36.44605,-79.76605
Reidsville,NC,36.36765,-79.71865
Ruffin,NC,36.4428,-79.5606
Wentworth,NC,36.3921,-79.7731
Cleveland,NC,35.7374,-80.7113
Woodleaf,NC,35.7901,-80.6051
China Grove,NC,35.5669,-80.59
East Spencer,NC,35.6805,-80.4354
Faith,NC,35.5817,-80.4581
Gold Hill,NC,35.5498,-80.3346
Granite Quarry,NC,35.6109,-80.4361
Landis,NC,35.5435,-80.6129
Mount Ulla,NC,35.6389,-80.7239
Rockwell,NC,35.5494,-80.4226
Salisbury,NC,35.65865,-80.482425
Spencer,NC,35.6917,-80.4327
Bostic,NC,35.4533,-81.8118
Caroleen,NC,35.281,-81.7962
Cliffside,NC,35.2416,-81.7755
Ellenboro,NC,35.3344,-81.7707
Forest City,NC,35.325,-81.846
Harris,NC,35.2247,-81.8851
Henrietta,NC,35.2579,-81.7962
Rutherfordton,NC,35.3706,-81.9781
Spindale,NC,35.3601,-81.9251
Union Mills,NC,35.4732,-81.9685
Chimney Rock,NC,35.4369,-82.2417
Lake Lure,NC,35.4464,-82.1752
Autryville,NC,35.0997,-78.6021
Clinton,NC,35.0065,-78.32465
Newton Grove,NC,35.2301,-78.3594
Roseboro,NC,34.9639,-78.5133
Salemburg,NC,35.0515,-78.4714
Turkey,NC,34.9857,-78.2121
Garland,NC,34.7897,-78.4309
Harrells,NC,34.6769,-78.243
Ivanhoe,NC,34.6233,-78.2342
Gibson,NC,34.7549,-79.5839
Laurel Hill,NC,34.8238,-79.5491
Laurinburg,NC,34.77085,-79.47485
Wagram,NC,34.9044,-79.3959
Albemarle,NC,35.3537,-80.20225
Badin,NC,35.406,-80.1167
Locust,NC,35.2704,-80.4211
Misenheimer,NC,35.4849,-80.2884
New London,NC,35.4285,-80.2057
Norwood,NC,35.2275,-80.1433
Oakboro,NC,35.246,-80.3413
Richfield,NC,35.4541,-80.2838
Stanfield,NC,35.2106,-80.4407
Danbury,NC,36.4559,-80.2194
Germanton,NC,36.2725,-80.2254
King,NC,36.295,-80.356
Lawsonville,NC,36.5132,-80.2103
Pine Hall,NC,36.3482,-80.0495
Pinnacle,NC,36.3339,-80.4391
Sandy Ridge,NC,36.49,-80.0859
Walnut Cove,NC,36.3189,-80.1484
Ararat,NC,36.3859,-80.5895
Dobson,NC,36.3698,-80.7101
Lowgap,NC,36.503,-80.7889
Mount Airy,NC,36.5007,-80.6119
White Plains,NC,36.3994,-80.7081
Pilot Mountain,NC,36.4109,-80.4921
Siloam,NC,36.3002,-80.5772
Toast,NC,36.5004,-80.6265
Westfield,NC,36.4674,-80.3677
Elkin,NC,36.2872,-80.8554
State Road,NC,36.3422,-80.8653
Almond,NC,35.3698,-83.5652
Bryson City,NC,35.4241,-83.4392
Cherokee,NC,35.5094,-83.3144
Balsam Grove,NC,35.2298,-82.8779
Brevard,NC,35.2208,-82.7404
Cedar Mountain,NC,35.1508,-82.6374
Lake Toxaway,NC,35.1451,-82.9191
Penrose,NC,35.2524,-82.6222
Pisgah Forest,NC,35.2599,-82.6695
Rosman,NC,35.1437,-82.8212
Sapphire,NC,35.0666,-83.0019
Columbia,NC,35.9057,-76.2345
Indian Trail,NC,35.0831,-80.6597
Marshville,NC,35.0167,-80.3781
Mineral Springs,NC,34.9379,-80.6687
Monroe,NC,34.974533,-80.549967
Waxhaw,NC,34.9251,-80.7278
Wingate,NC,34.9847,-80.4476
Henderson,NC,36.34505,-78.39435
Kittrell,NC,36.2042,-78.4241
Manson,NC,36.4603,-78.2952
Middleburg,NC,36.3996,-78.3225
Townsville,NC,36.4946,-78.4236
Apex,NC,35.7225,-78.8408
Cary,NC,35.78104,-78.81454
Fuquay Varina,NC,35.58,-78.7908
Garner,NC,35.6813,-78.5975
Holly Springs,NC,35.6263,-78.8458
Knightdale,NC,35.7789,-78.4898
Morrisville,NC,35.8344,-78.8466
New Hill,NC,35.6809,-78.9365
Rolesville,NC,35.9156,-78.4658
Wake Forest,NC,35.9773,-78.495
Wendell,NC,35.798,-78.3926
Willow Spring,NC,35.547,-78.6717
Zebulon,NC,35.8321,-78.3174
Raleigh,NC,35.808798,-78.633634
Macon,NC,36.507,-77.9975
Norlina,NC,36.4754,-78.1895
Ridgeway,NC,36.4357,-78.2367
Vaughan,NC,36.4265,-78.0036
Warrenton,NC,36.3539,-78.1594
Wise,NC,36.4865,-78.1708
Creswell,NC,35.8653,-76.4196
Plymouth,NC,35.8508,-76.7431
Roper,NC,35.8994,-76.5809
Blowing Rock,NC,36.1355,-81.6996
Boone,NC,36.2155,-81.6703
Deep Gap,NC,36.2136,-81.5163
Sugar Grove,NC,36.2627,-81.8441
Valle Crucis,NC,36.2092,-81.7789
Vilas,NC,36.2574,-81.7652
Zionville,NC,36.3194,-81.7476
Goldsboro,NC,35.36434,-78.01684
Fremont,NC,35.5553,-77.958
Pikeville,NC,35.4929,-77.9578
Dudley,NC,35.2926,-78.0273
Mount Olive,NC,35.2109,-78.0983
Seven Springs,NC,35.2105,-77.9146
Boomer,NC,36.0552,-81.3137
Ferguson,NC,36.1283,-81.3864
Hays,NC,36.31,-81.1161
Mc Grady,NC,36.3103,-81.1912
Millers Creek,NC,36.2119,-81.2485
Moravian Falls,NC,36.0788,-81.1781
North Wilkesboro,NC,36.22005,-81.0873
Purlear,NC,36.1964,-81.3528
Roaring River,NC,36.1916,-81.0004
Ronda,NC,36.2059,-80.927
Thurmond,NC,36.3562,-80.9317
Traphill,NC,36.3301,-81.0151
Wilkesboro,NC,36.1359,-81.1573
Black Creek,NC,35.6352,-77.933
Elm City,NC,35.811,-77.856
Lucama,NC,35.6415,-78.0197
Saratoga,NC,35.6538,-77.7755
Sims,NC,35.7435,-78.0859
Stantonsburg,NC,35.594,-77.8378
Wilson,NC,35.73355,-77.931675
Boonville,NC,36.234,-80.6357
East Bend,NC,36.2032,-80.5284
Hamptonville,NC,36.1242,-80.8137
Yadkinville,NC,36.1277,-80.653
Jonesville,NC,36.2286,-80.787
Burnsville,NC,35.903,-82.2876
Green Mountain,NC,35.9937,-82.259
Micaville,NC,35.9096,-82.2132
Hettinger,ND,46.0578,-102.7851
Reeder,ND,46.1116,-102.9405
Fingal,ND,46.7728,-97.7812
Kathryn,ND,46.7177,-97.9763
Nome,ND,46.6748,-97.7911
Oriska,ND,46.9433,-97.7853
Pillsbury,ND,47.1862,-97.7605
Valley City,ND,46.9268,-98.0033
Dazey,ND,47.1828,-98.1616
Litchville,ND,46.6536,-98.1943
Rogers,ND,47.0741,-98.2136
Sanborn,ND,46.9271,-98.2336
Wimbledon,ND,47.1438,-98.4329
Esmond,ND,48.0419,-99.7617
Fort Totten,ND,47.9811,-99.0264
Knox,ND,48.3388,-99.6713
Leeds,ND,48.2889,-99.4376
Maddock,ND,47.9625,-99.5301
Minnewaukan,ND,48.0698,-99.2743
Oberon,ND,47.9487,-99.1401
Saint Michael,ND,47.985,-98.8721
Tokio,ND,47.9247,-98.8162
Warwick,ND,47.8913,-98.681
York,ND,48.2565,-99.6025
Fairfield,ND,47.2329,-103.3056
Medora,ND,46.9387,-103.5632
Bottineau,ND,48.8451,-100.4329
Willow City,ND,48.6062,-100.2968
Antler,ND,48.9585,-101.3338
Kramer,ND,48.6867,-100.6716
Lansford,ND,48.6254,-101.3858
Maxbass,ND,48.7722,-101.2563
Newburg,ND,48.6982,-100.9681
Souris,ND,48.8738,-100.7359
Westhope,ND,48.9051,-101.0338
Bowman,ND,46.1733,-103.402
Rhame,ND,46.1664,-103.7079
Scranton,ND,46.0916,-103.1354
Bowbells,ND,48.8378,-102.2839
Columbus,ND,48.8434,-102.798
Flaxton,ND,48.8772,-102.3823
Lignite,ND,48.8481,-102.5542
Portal,ND,48.9758,-102.548
Powers Lake,ND,48.6551,-102.6795
Regan,ND,47.1527,-100.5224
Wing,ND,47.1519,-100.3072
Bismarck,ND,46.813229,-100.753686
Baldwin,ND,46.9543,-100.7615
Driscoll,ND,46.8511,-100.1441
Menoken,ND,46.8205,-100.5312
Moffit,ND,46.6757,-100.2975
Sterling,ND,46.8436,-100.2744
Absaraka,ND,46.9763,-97.4069
Amenia,ND,47.0194,-97.2048
Argusville,ND,47.1066,-96.9058
Arthur,ND,47.1048,-97.2097
Ayr,ND,47.0139,-97.4629
Buffalo,ND,46.9264,-97.5352
Casselton,ND,46.8992,-97.2138
Davenport,ND,46.6968,-97.0871
Erie,ND,47.1128,-97.3849
Gardner,ND,47.1252,-96.9901
Grandin,ND,47.2158,-97.0207
Harwood,ND,46.9565,-96.9654
Horace,ND,46.7101,-96.8851
Hunter,ND,47.1905,-97.217
Kindred,ND,46.6543,-97.0049
Leonard,ND,46.6593,-97.2725
Mapleton,ND,46.8614,-97.1157
Page,ND,47.1515,-97.5967
Tower City,ND,46.9119,-97.6594
West Fargo,ND,46.8907,-96.9258
Wheatland,ND,46.8326,-97.3461
Fargo,ND,46.869769,-96.801908
Hannah,ND,48.9594,-98.7237
Langdon,ND,48.7866,-98.3566
Maida,ND,48.9986,-98.3648
Milton,ND,48.617,-98.0183
Osnabrock,ND,48.6689,-98.1512
Wales,ND,48.9216,-98.5596
Alsen,ND,48.6525,-98.5795
Calvin,ND,48.851,-98.8808
Munich,ND,48.6694,-98.8355
Nekoma,ND,48.5772,-98.3704
Sarles,ND,48.9458,-98.996
Ellendale,ND,46.0073,-98.5138
Forbes,ND,46.0109,-98.8124
Fullerton,ND,46.1951,-98.3882
Oakes,ND,46.1095,-98.2257
Crosby,ND,48.8836,-103.274
Noonan,ND,48.8856,-103.0098
Ambrose,ND,48.8165,-103.4673
Fortuna,ND,48.8813,-103.7415
Dodge,ND,47.3049,-102.1985
Dunn Center,ND,47.3536,-102.6205
Halliday,ND,47.3517,-102.3368
Killdeer,ND,47.4109,-102.7762
Manning,ND,47.1258,-102.6806
Marshall,ND,47.1381,-102.333
New Rockford,ND,47.7174,-98.8987
Sheyenne,ND,47.8184,-99.0583
Braddock,ND,46.5603,-100.1075
Hague,ND,46.0589,-99.9745
Hazelton,ND,46.4875,-100.2733
Kintyre,ND,46.5736,-99.9705
Linton,ND,46.1855,-100.2331
Strasburg,ND,46.0979,-100.2119
Carrington,ND,47.4573,-98.8933
Glenfield,ND,47.4569,-98.6916
Grace City,ND,47.5536,-98.8095
Mchenry,ND,47.5604,-98.5726
Beach,ND,46.9324,-103.9843
Golva,ND,46.7075,-103.9575
Sentinel Butte,ND,46.8305,-103.8001
Grand Forks,ND,47.920933,-97.047333
Grand Forks Afb,ND,47.9597,-97.37325
Arvilla,ND,47.9093,-97.4871
Emerado,ND,47.9214,-97.263
Gilby,ND,48.0853,-97.4706
Inkster,ND,48.1514,-97.6443
Larimore,ND,47.9115,-97.6264
Manvel,ND,48.0853,-97.1943
Mekinock,ND,48.0074,-97.4305
Niagara,ND,47.9848,-97.8334
Northwood,ND,47.7591,-97.6038
Reynolds,ND,47.7068,-97.2092
Thompson,ND,47.7766,-97.0962
Carson,ND,46.4624,-101.5387
Elgin,ND,46.3679,-101.7558
New Leipzig,ND,46.3823,-101.9619
Raleigh,ND,46.3352,-101.2827
Shields,ND,46.1838,-101.2589
Binford,ND,47.5739,-98.3546
Cooperstown,ND,47.4527,-98.1533
Hannaford,ND,47.3786,-98.3502
Jessie,ND,47.5422,-98.2382
Sutton,ND,47.3854,-98.432
Mott,ND,46.3696,-102.327
New England,ND,46.5128,-102.8358
Regent,ND,46.4235,-102.5684
Dawson,ND,46.8686,-99.7515
Pettibone,ND,47.12,-99.5279
Robinson,ND,47.1749,-99.7457
Steele,ND,46.8524,-99.9336
Tappen,ND,46.8336,-99.6019
Tuttle,ND,47.1626,-99.9873
Berlin,ND,46.3786,-98.4898
Dickey,ND,46.5426,-98.4682
Edgeley,ND,46.3591,-98.7157
Jud,ND,46.5511,-98.8667
Kulm,ND,46.3073,-98.9427
Lamoure,ND,46.3844,-98.3587
Marion,ND,46.5514,-98.369
Verona,ND,46.3712,-98.0895
Fredonia,ND,46.3701,-99.1733
Gackle,ND,46.5913,-99.2191
Napoleon,ND,46.4867,-99.7725
Anamoose,ND,47.8703,-100.2529
Balfour,ND,47.9685,-100.5209
Bantry,ND,48.5351,-100.5954
Deering,ND,48.4057,-101.0337
Drake,ND,47.9024,-100.379
Granville,ND,48.2566,-100.8082
Karlsruhe,ND,48.1009,-100.5742
Norwich,ND,48.2491,-100.9712
Towner,ND,48.3636,-100.4854
Upham,ND,48.5816,-100.7323
Velva,ND,48.0675,-100.9346
Voltaire,ND,47.986,-100.7988
Ashley,ND,46.0537,-99.3164
Lehr,ND,46.2586,-99.3491
Wishek,ND,46.1917,-99.6131
Zeeland,ND,46.0055,-99.7725
Grassy Butte,ND,47.4431,-103.2944
Mandaree,ND,47.7292,-102.676
Alexander,ND,47.7947,-103.6546
Arnegard,ND,47.8088,-103.4538
Cartwright,ND,47.7992,-103.9487
Keene,ND,47.9405,-102.8906
Watford City,ND,47.8043,-103.2582
Coleharbor,ND,47.5442,-101.2238
Garrison,ND,47.6675,-101.6142
Mercer,ND,47.4858,-100.7171
Riverdale,ND,47.4975,-101.3713
Turtle Lake,ND,47.5414,-100.8814
Underwood,ND,47.4602,-101.1898
Washburn,ND,47.3114,-101.0116
Wilton,ND,47.1709,-100.7944
Benedict,ND,47.7865,-101.0579
Butte,ND,47.8119,-100.6604
Max,ND,47.8156,-101.2932
Roseglen,ND,47.696,-101.822
Ruso,ND,47.7622,-100.8754
Beulah,ND,47.2707,-101.8075
Golden Valley,ND,47.2938,-102.0612
Hazen,ND,47.3271,-101.6107
Stanton,ND,47.3128,-101.3899
Zap,ND,47.2897,-101.9256
Almont,ND,46.7046,-101.5221
Flasher,ND,46.5998,-101.3166
Mandan,ND,46.8306,-100.9092
New Salem,ND,46.806,-101.4291
Saint Anthony,ND,46.5888,-100.8972
Glen Ullin,ND,46.8233,-101.8223
Hebron,ND,46.8936,-102.0367
New Town,ND,47.9718,-102.4716
Palermo,ND,48.3396,-102.24
Parshall,ND,47.956,-102.1427
Plaza,ND,48.0242,-101.9643
Ross,ND,48.3111,-102.5466
Stanley,ND,48.3458,-102.4185
White Earth,ND,48.2994,-102.7701
Aneta,ND,47.6993,-97.9814
Dahlen,ND,48.1599,-97.9573
Mcville,ND,47.7639,-98.1773
Michigan,ND,48.0204,-98.1186
Petersburg,ND,47.998,-97.984
Lakota,ND,47.972,-98.3246
Pekin,ND,47.7696,-98.326
Tolna,ND,47.8462,-98.4512
Center,ND,47.1459,-101.1594
Bathgate,ND,48.8686,-97.4832
Cavalier,ND,48.7935,-97.7143
Crystal,ND,48.5924,-97.6738
Drayton,ND,48.6104,-97.2156
Glasston,ND,48.7201,-97.4696
Hamilton,ND,48.7942,-97.4693
Hensel,ND,48.7203,-97.6993
Mountain,ND,48.6931,-97.8841
Neche,ND,48.9796,-97.5427
Pembina,ND,48.859,-97.2886
Saint Thomas,ND,48.6252,-97.4545
Walhalla,ND,48.8808,-97.7974
Balta,ND,48.1667,-100.0371
Rugby,ND,48.2545,-99.9899
Wolford,ND,48.4809,-99.6628
Devils Lake,ND,48.1132,-98.8616
Brocket,ND,48.2255,-98.3559
Churchs Ferry,ND,48.2862,-99.1412
Crary,ND,48.091,-98.5731
Edmore,ND,48.4308,-98.4458
Hampden,ND,48.5229,-98.6543
Lawton,ND,48.3033,-98.4142
Penn,ND,48.2271,-99.0655
Starkweather,ND,48.4488,-98.8539
Webster,ND,48.3229,-98.8739
Enderlin,ND,46.6079,-97.6106
Fort Ransom,ND,46.4494,-97.9091
Lisbon,ND,46.456,-97.6369
Mcleod,ND,46.4103,-97.3139
Sheldon,ND,46.5548,-97.4543
Glenburn,ND,48.4718,-101.2297
Mohall,ND,48.7269,-101.6058
Sherwood,ND,48.9576,-101.697
Tolley,ND,48.7969,-101.8559
Abercrombie,ND,46.4479,-96.7278
Barney,ND,46.2496,-96.9708
Christine,ND,46.5736,-96.8017
Colfax,ND,46.4574,-96.8737
Fairmount,ND,46.0427,-96.6308
Hankinson,ND,46.0558,-96.8991
Lidgerwood,ND,46.0641,-97.1799
Mantador,ND,46.1599,-96.957
Mooreton,ND,46.2686,-96.8762
Wahpeton,ND,46.2912,-96.6687
Walcott,ND,46.5835,-97.0014
Wyndmere,ND,46.2891,-97.1289
Agate,ND,48.6228,-99.4932
Belcourt,ND,48.8379,-99.7688
Dunseith,ND,48.8561,-100.0241
Mylo,ND,48.6329,-99.5957
Rolette,ND,48.7009,-99.8785
Rolla,ND,48.8594,-99.6134
Saint John,ND,48.9366,-99.7648
Cayuga,ND,46.1326,-97.4059
Cogswell,ND,46.0659,-97.8207
Forman,ND,46.0721,-97.6986
Gwinner,ND,46.2258,-97.6626
Havana,ND,45.9644,-97.6094
Milnor,ND,46.2007,-97.4772
Rutland,ND,46.0738,-97.5483
Stirum,ND,46.2519,-97.8326
Denhoff,ND,47.5709,-100.263
Goodrich,ND,47.471,-100.119
Mcclusky,ND,47.4896,-100.452
Martin,ND,47.7781,-100.1225
Cannon Ball,ND,46.3874,-100.5975
Fort Yates,ND,46.0905,-100.6516
Selfridge,ND,46.0351,-101.1502
Solen,ND,46.3656,-100.7831
Amidon,ND,46.456,-103.2647
Marmarth,ND,46.3254,-103.88
Dickinson,ND,46.84245,-102.77305
Belfield,ND,46.8198,-103.1261
Gladstone,ND,46.8152,-102.5274
Lefor,ND,46.6684,-102.4986
Richardton,ND,46.8426,-102.292
South Heart,ND,46.8127,-103.0162
Taylor,ND,46.9284,-102.3756
Hope,ND,47.3237,-97.7134
Luverne,ND,47.2319,-97.9314
Finley,ND,47.5306,-97.7442
Sharon,ND,47.6062,-97.9051
Jamestown,ND,46.9377,-98.8017
Buchanan,ND,47.0051,-98.9007
Cleveland,ND,46.8931,-99.1288
Courtenay,ND,47.2272,-98.5489
Kensal,ND,47.2726,-98.7206
Medina,ND,46.892,-99.3106
Montpelier,ND,46.6816,-98.6604
Pingree,ND,47.2038,-99.0144
Spiritwood,ND,46.9865,-98.5219
Streeter,ND,46.695,-99.2971
Woodworth,ND,47.1636,-99.3406
Ypsilanti,ND,46.7719,-98.4876
Bisbee,ND,48.6258,-99.3779
Cando,ND,48.4867,-99.2099
Egeland,ND,48.6355,-99.1115
Hansboro,ND,48.9001,-99.4278
Perth,ND,48.7546,-99.4384
Rocklake,ND,48.8216,-99.1796
Blanchard,ND,47.3277,-97.2466
Clifford,ND,47.3569,-97.41
Galesburg,ND,47.27,-97.4065
Hillsboro,ND,47.3835,-97.0603
Buxton,ND,47.6163,-97.0893
Caledonia,ND,47.4776,-96.879
Cummings,ND,47.537,-96.9913
Hatton,ND,47.638,-97.4325
Mayville,ND,47.5014,-97.3176
Portland,ND,47.5015,-97.3843
Adams,ND,48.4223,-98.0867
Edinburg,ND,48.4997,-97.8932
Fairdale,ND,48.4819,-98.2066
Fordville,ND,48.2212,-97.8022
Forest River,ND,48.2251,-97.4605
Grafton,ND,48.4122,-97.4106
Hoople,ND,48.5198,-97.6183
Lankin,ND,48.2952,-98.007
Minto,ND,48.26,-97.3144
Park River,ND,48.4039,-97.7439
Pisek,ND,48.2971,-97.7029
Minot,ND,48.259375,-101.3029
Minot Afb,ND,48.42275,-101.32535
Berthold,ND,48.3064,-101.6866
Burlington,ND,48.2735,-101.4282
Carpio,ND,48.4323,-101.7119
Des Lacs,ND,48.2557,-101.5672
Donnybrook,ND,48.49,-101.896
Douglas,ND,47.8659,-101.5112
Kenmare,ND,48.7182,-102.0852
Makoti,ND,47.9611,-101.8046
Ryder,ND,47.9788,-101.6683
Sawyer,ND,48.0858,-101.0674
Surrey,ND,48.2365,-101.1216
Harvey,ND,47.7035,-99.7478
Bowdon,ND,47.4343,-99.7015
Cathay,ND,47.6289,-99.4049
Chaseley,ND,47.449,-99.8241
Fessenden,ND,47.6286,-99.6434
Hurdsfield,ND,47.4387,-99.9416
Sykeston,ND,47.4369,-99.3975
Mcgregor,ND,48.595,-102.9288
Wildrose,ND,48.5678,-103.1536
Williston,ND,48.180433,-103.6279
Alamo,ND,48.5817,-103.4699
Epping,ND,48.2764,-103.3763
Grenora,ND,48.5252,-103.9176
Ray,ND,48.3217,-103.1654
Tioga,ND,48.3646,-102.9576
Trenton,ND,48.0706,-103.8369
Zahl,ND,48.5787,-103.6599
Hastings,NE,40.58865,-98.39415
Ayr,NE,40.4411,-98.439
Holstein,NE,40.4542,-98.6538
Juniata,NE,40.5867,-98.515
Kenesaw,NE,40.6165,-98.6572
Roseland,NE,40.4591,-98.5551
Elgin,NE,41.9732,-98.0751
Brunswick,NE,42.3459,-98.0123
Clearwater,NE,42.1266,-98.1868
Neligh,NE,42.1389,-98.0151
Oakdale,NE,42.0697,-97.9692
Orchard,NE,42.3399,-98.2409
Royal,NE,42.3648,-98.1235
Arthur,NE,41.574,-101.6931
Harrisburg,NE,41.5531,-103.7111
Brewster,NE,41.9467,-99.8292
Dunning,NE,41.8131,-100.0873
Purdum,NE,42.065,-100.2585
Albion,NE,41.7049,-97.9991
Cedar Rapids,NE,41.5564,-98.1554
Petersburg,NE,41.859,-98.0848
Primrose,NE,41.6405,-98.2355
Saint Edward,NE,41.5708,-97.8801
Alliance,NE,42.1149,-102.888
Hemingford,NE,42.3312,-103.0644
Bristow,NE,42.9484,-98.5721
Butte,NE,42.9124,-98.8459
Lynch,NE,42.8373,-98.4504
Naper,NE,42.9521,-99.071
Spencer,NE,42.8849,-98.7059
Ainsworth,NE,42.5403,-99.8615
Johnstown,NE,42.5717,-100.0582
Long Pine,NE,42.5364,-99.7007
Amherst,NE,40.8495,-99.2609
Elm Creek,NE,40.7301,-99.3728
Gibbon,NE,40.7444,-98.8543
Kearney,NE,40.7502,-99.0876
Miller,NE,40.9422,-99.374
Odessa,NE,40.7017,-99.2568
Pleasanton,NE,40.9818,-99.1283
Ravenna,NE,41.0233,-98.9041
Riverdale,NE,40.8524,-99.1611
Shelton,NE,40.7717,-98.7435
Craig,NE,41.7715,-96.3924
Decatur,NE,41.9966,-96.2595
Lyons,NE,41.9442,-96.4661
Oakland,NE,41.8384,-96.4671
Tekamah,NE,41.7819,-96.2281
Abie,NE,41.3479,-96.9563
Bruno,NE,41.2718,-96.9646
Linwood,NE,41.4129,-96.9399
Bellwood,NE,41.3474,-97.2747
Brainard,NE,41.1832,-96.9882
David City,NE,41.2528,-97.13
Dwight,NE,41.0894,-96.9931
Rising City,NE,41.2082,-97.3032
Surprise,NE,41.1086,-97.3112
Ulysses,NE,41.0791,-97.1984
Cedar Creek,NE,41.0425,-96.1044
Louisville,NE,40.9967,-96.1948
Plattsmouth,NE,40.9992,-95.9139
South Bend,NE,41.0067,-96.2462
Alvo,NE,40.8992,-96.4036
Avoca,NE,40.8159,-96.0957
Eagle,NE,40.8169,-96.429
Elmwood,NE,40.8378,-96.2944
Greenwood,NE,40.9706,-96.4258
Manley,NE,40.9207,-96.168
Murdock,NE,40.919,-96.2848
Murray,NE,40.92,-95.9227
Nehawka,NE,40.833,-95.993
Union,NE,40.8245,-95.9037
Weeping Water,NE,40.8731,-96.1528
Belden,NE,42.4022,-97.1956
Coleridge,NE,42.5061,-97.2037
Fordyce,NE,42.7309,-97.3567
Hartington,NE,42.6235,-97.2837
Laurel,NE,42.427,-97.0874
Magnet,NE,42.455,-97.4701
Randolph,NE,42.3798,-97.3464
Saint Helena,NE,42.8046,-97.3047
Wynot,NE,42.7393,-97.1678
Champion,NE,40.46,-101.7485
Enders,NE,40.4655,-101.5222
Imperial,NE,40.5251,-101.6468
Wauneta,NE,40.4409,-101.3812
Elsmere,NE,42.2403,-100.2595
Valentine,NE,42.8062,-100.6215
Cody,NE,42.825,-101.2913
Crookston,NE,42.9255,-100.7735
Kilgore,NE,42.9146,-100.9884
Merriman,NE,42.6419,-101.7583
Nenzel,NE,42.9278,-101.1029
Sparks,NE,42.9411,-100.256
Wood Lake,NE,42.6264,-100.2872
Dalton,NE,41.4068,-102.9726
Gurley,NE,41.315,-102.9835
Lodgepole,NE,41.1697,-102.657
Potter,NE,41.2347,-103.3061
Sidney,NE,41.17925,-102.99075
Ong,NE,40.3968,-97.861
Clay Center,NE,40.5113,-98.0386
Deweese,NE,40.354,-98.14
Edgar,NE,40.3652,-97.9727
Fairfield,NE,40.4285,-98.1063
Glenvil,NE,40.4931,-98.2465
Harvard,NE,40.6265,-98.0846
Inland,NE,40.5899,-98.2234
Saronville,NE,40.6021,-97.9388
Sutton,NE,40.6056,-97.8592
Trumbull,NE,40.6795,-98.2734
Clarkson,NE,41.6961,-97.1051
Howells,NE,41.725,-97.0028
Leigh,NE,41.7053,-97.2381
Rogers,NE,41.4653,-96.915
Schuyler,NE,41.4591,-97.0628
Bancroft,NE,42.0267,-96.6171
Beemer,NE,41.9374,-96.815
West Point,NE,41.845,-96.7318
Wisner,NE,41.998,-96.917
Anselmo,NE,41.6208,-99.8644
Ansley,NE,41.3019,-99.3645
Broken Bow,NE,41.4126,-99.6355
Callaway,NE,41.2485,-99.9932
Comstock,NE,41.5606,-99.2504
Mason City,NE,41.1853,-99.3049
Merna,NE,41.4435,-99.8036
Oconto,NE,41.1411,-99.7632
Sargent,NE,41.6508,-99.3816
Westerville,NE,41.4193,-99.3844
Arnold,NE,41.4456,-100.1567
Homer,NE,42.3322,-96.4656
Dakota City,NE,42.3807,-96.4536
Emerson,NE,42.2852,-96.7159
Hubbard,NE,42.3576,-96.6031
Jackson,NE,42.4529,-96.5743
South Sioux City,NE,42.4656,-96.4182
Chadron,NE,42.8193,-102.9953
Crawford,NE,42.6758,-103.4053
Marsland,NE,42.4439,-103.2985
Whitney,NE,42.7559,-103.2396
Eddyville,NE,41.0079,-99.681
Lexington,NE,40.785,-99.7515
Overton,NE,40.7519,-99.5278
Sumner,NE,40.9504,-99.52
Farnam,NE,40.7129,-100.2069
Cozad,NE,40.8619,-99.9921
Gothenburg,NE,40.94,-100.1547
Willow Island,NE,40.8925,-100.0703
Big Springs,NE,41.0696,-102.0933
Chappell,NE,41.0966,-102.4523
Allen,NE,42.4437,-96.8574
Concord,NE,42.382,-96.981
Dixon,NE,42.4185,-96.9774
Maskell,NE,42.6905,-96.9809
Newcastle,NE,42.6207,-96.8709
Ponca,NE,42.5693,-96.7128
Wakefield,NE,42.2733,-96.8776
Waterbury,NE,42.4604,-96.7448
Fremont,NE,41.43745,-96.4963
Hooper,NE,41.6414,-96.5232
Nickerson,NE,41.5491,-96.4441
Scribner,NE,41.663,-96.6441
Uehling,NE,41.7369,-96.5037
Winslow,NE,41.6102,-96.5033
Ames,NE,41.4613,-96.6463
Dodge,NE,41.7052,-96.8969
North Bend,NE,41.4689,-96.7813
Snyder,NE,41.7039,-96.7886
Bennington,NE,41.3623,-96.1575
Boys Town,NE,41.2587,-96.133
Elkhorn,NE,41.2756,-96.2431
Valley,NE,41.3186,-96.3463
Waterloo,NE,41.2702,-96.3063
Omaha,NE,41.25625,-96.00621
Benkelman,NE,40.098,-101.5344
Haigler,NE,40.0642,-101.9371
Max,NE,40.198,-101.4116
Parks,NE,40.1398,-101.7399
Exeter,NE,40.6341,-97.4424
Fairmont,NE,40.6404,-97.5873
Geneva,NE,40.5277,-97.6096
Grafton,NE,40.6402,-97.7403
Milligan,NE,40.4952,-97.3997
Ohiowa,NE,40.4065,-97.4427
Shickley,NE,40.4077,-97.7143
Strang,NE,40.4156,-97.587
Bloomington,NE,40.1383,-99.0094
Campbell,NE,40.2967,-98.737
Franklin,NE,40.1052,-98.9469
Hildreth,NE,40.3217,-99.0571
Naponee,NE,40.1258,-99.1277
Riverton,NE,40.1016,-98.7858
Upland,NE,40.3171,-98.8966
Curtis,NE,40.6131,-100.5104
Eustis,NE,40.6625,-100.0296
Maywood,NE,40.6575,-100.6221
Moorefield,NE,40.5786,-100.3108
Stockville,NE,40.4948,-100.3849
Arapahoe,NE,40.3027,-99.8997
Beaver City,NE,40.129,-99.8065
Edison,NE,40.2802,-99.786
Hendley,NE,40.1063,-99.9715
Holbrook,NE,40.3019,-100.0136
Oxford,NE,40.256,-99.6302
Cambridge,NE,40.2808,-100.1676
Wilsonville,NE,40.1089,-100.1211
Adams,NE,40.4576,-96.5396
Barneston,NE,40.0483,-96.577
Beatrice,NE,40.2705,-96.7435
Blue Springs,NE,40.1407,-96.659
Clatonia,NE,40.4724,-96.8555
Cortland,NE,40.4976,-96.7166
Filley,NE,40.2946,-96.5301
Liberty,NE,40.0801,-96.4804
Odell,NE,40.0451,-96.8019
Pickrell,NE,40.3821,-96.7344
Virginia,NE,40.2309,-96.5121
Wymore,NE,40.113,-96.6613
Lewellen,NE,41.3435,-102.1396
Lisco,NE,41.5114,-102.5498
Oshkosh,NE,41.405,-102.3444
Burwell,NE,41.808,-99.0995
Elwood,NE,40.5747,-99.8258
Smithfield,NE,40.5832,-99.7285
Ashby,NE,41.9776,-101.9636
Hyannis,NE,42.007,-101.7483
Whitman,NE,41.9584,-101.5216
Spalding,NE,41.6874,-98.3715
Greeley,NE,41.5526,-98.53
Scotia,NE,41.4837,-98.6893
Wolbach,NE,41.4244,-98.3995
Grand Island,NE,40.907667,-98.410167
Alda,NE,40.8711,-98.4681
Cairo,NE,41.0002,-98.6165
Doniphan,NE,40.77,-98.379
Wood River,NE,40.8106,-98.6065
Aurora,NE,40.8528,-98.0201
Giltner,NE,40.7654,-98.1434
Hampton,NE,40.9236,-97.8841
Hordville,NE,41.0813,-97.8881
Marquette,NE,41.01,-98.0
Phillips,NE,40.8982,-98.2129
Alma,NE,40.1189,-99.3601
Orleans,NE,40.1484,-99.4572
Ragan,NE,40.3103,-99.2898
Republican City,NE,40.1034,-99.2322
Stamford,NE,40.1163,-99.5814
Hayes Center,NE,40.5173,-101.0252
Culbertson,NE,40.2237,-100.85
Palisade,NE,40.3387,-101.1295
Stratton,NE,40.1445,-101.2183
Trenton,NE,40.1681,-101.0201
Amelia,NE,42.1809,-99.008
Atkinson,NE,42.5483,-98.9761
Chambers,NE,42.1916,-98.7378
Emmet,NE,42.4747,-98.8238
Ewing,NE,42.1851,-98.3981
Inman,NE,42.3761,-98.5384
Oneill,NE,42.4857,-98.6456
Page,NE,42.4119,-98.3964
Stuart,NE,42.5713,-99.1396
Mullen,NE,42.0163,-101.0542
Boelus,NE,41.1003,-98.6976
Dannebrog,NE,41.1192,-98.5546
Elba,NE,41.2864,-98.5756
Farwell,NE,41.2204,-98.6481
Saint Libory,NE,41.0867,-98.3589
Saint Paul,NE,41.2242,-98.444
Daykin,NE,40.3192,-97.3043
Diller,NE,40.1192,-96.9495
Endicott,NE,40.0496,-97.0813
Fairbury,NE,40.1488,-97.1839
Jansen,NE,40.2074,-97.0244
Plymouth,NE,40.3039,-97.0012
Steele City,NE,40.0378,-97.0248
Cook,NE,40.4986,-96.1526
Crab Orchard,NE,40.3166,-96.4116
Elk Creek,NE,40.2977,-96.1421
Sterling,NE,40.4637,-96.3867
Tecumseh,NE,40.3697,-96.205
Axtell,NE,40.5269,-99.1169
Heartwell,NE,40.5716,-98.7851
Minden,NE,40.5091,-98.9383
Wilcox,NE,40.3735,-99.1539
Brule,NE,41.1002,-101.9099
Keystone,NE,41.2621,-101.6282
Lemoyne,NE,41.3236,-101.7673
Ogallala,NE,41.1275,-101.7107
Paxton,NE,41.1268,-101.3585
Mills,NE,42.9225,-99.4466
Newport,NE,42.6001,-99.3359
Springview,NE,42.8488,-99.8061
Bushnell,NE,41.2139,-103.9075
Dix,NE,41.227,-103.4796
Kimball,NE,41.2321,-103.6602
Bloomfield,NE,42.5978,-97.6545
Center,NE,42.5973,-97.867
Creighton,NE,42.4681,-97.8932
Crofton,NE,42.737,-97.5406
Niobrara,NE,42.7391,-97.9248
Verdigre,NE,42.6101,-98.0793
Wausa,NE,42.4973,-97.5576
Winnetoon,NE,42.5334,-98.005
Bennet,NE,40.68,-96.5064
Davey,NE,40.9639,-96.688
Denton,NE,40.7378,-96.8445
Firth,NE,40.5586,-96.614
Hallam,NE,40.5739,-96.7998
Hickman,NE,40.6119,-96.6247
Malcolm,NE,40.9091,-96.86
Martell,NE,40.6514,-96.7442
Panama,NE,40.5998,-96.5129
Raymond,NE,40.9342,-96.7866
Roca,NE,40.6702,-96.6391
Sprague,NE,40.6267,-96.7456
Walton,NE,40.7975,-96.5359
Waverly,NE,40.9222,-96.526
Lincoln,NE,40.817555,-96.688931
North Platte,NE,41.0895,-100.76075
Brady,NE,41.0515,-100.3736
Dickens,NE,40.8041,-101.0149
Hershey,NE,41.2102,-101.0392
Maxwell,NE,41.0588,-100.527
Sutherland,NE,41.1557,-101.136
Wallace,NE,40.8304,-101.1738
Wellfleet,NE,40.7988,-100.7119
Stapleton,NE,41.4888,-100.4831
Taylor,NE,41.9141,-99.4543
Tryon,NE,41.5732,-101.0175
Norfolk,NE,42.0306,-97.41995
Battle Creek,NE,41.9943,-97.5982
Madison,NE,41.8308,-97.472
Meadow Grove,NE,42.0102,-97.7334
Newman Grove,NE,41.7498,-97.774
Tilden,NE,42.0496,-97.8223
Clarks,NE,41.2328,-97.8461
Silver Creek,NE,41.319,-97.6671
Archer,NE,41.1782,-98.1182
Central City,NE,41.1213,-98.0017
Chapman,NE,40.9856,-98.2217
Palmer,NE,41.1788,-98.2411
Broadwater,NE,41.5825,-102.8225
Angora,NE,41.8934,-103.085
Bayard,NE,41.7579,-103.3019
Bridgeport,NE,41.6766,-103.0701
Belgrade,NE,41.4611,-98.0866
Fullerton,NE,41.3633,-97.9692
Genoa,NE,41.4468,-97.764
Auburn,NE,40.3789,-95.8526
Brock,NE,40.4772,-95.9801
Brownville,NE,40.3994,-95.6935
Johnson,NE,40.4016,-95.9883
Julian,NE,40.5199,-95.8674
Nemaha,NE,40.3198,-95.6913
Peru,NE,40.4766,-95.7312
Hardy,NE,40.0285,-97.9271
Lawrence,NE,40.2767,-98.2402
Nelson,NE,40.2011,-98.0684
Oak,NE,40.2378,-97.903
Ruskin,NE,40.1383,-97.872
Superior,NE,40.0315,-98.0779
Burr,NE,40.5601,-96.2384
Douglas,NE,40.5838,-96.397
Dunbar,NE,40.6592,-96.0136
Lorton,NE,40.5973,-96.0241
Nebraska City,NE,40.6747,-95.8619
Otoe,NE,40.7355,-96.1329
Palmyra,NE,40.705,-96.3999
Syracuse,NE,40.6614,-96.1824
Talmage,NE,40.5586,-96.0138
Unadilla,NE,40.6917,-96.2825
Burchard,NE,40.1475,-96.3503
Du Bois,NE,40.0375,-96.0575
Lewiston,NE,40.2309,-96.4049
Pawnee City,NE,40.1093,-96.1509
Steinauer,NE,40.2169,-96.2302
Table Rock,NE,40.1874,-96.0818
Elsie,NE,40.8596,-101.37
Grant,NE,40.8511,-101.7196
Madrid,NE,40.8544,-101.5371
Venango,NE,40.8073,-101.9839
Atlanta,NE,40.3667,-99.4732
Bertrand,NE,40.5608,-99.5759
Funk,NE,40.502,-99.245
Holdrege,NE,40.4475,-99.3672
Loomis,NE,40.4792,-99.4979
Hadar,NE,42.105,-97.4492
Mclean,NE,42.3921,-97.4751
Osmond,NE,42.3539,-97.582
Pierce,NE,42.1943,-97.5256
Plainview,NE,42.3467,-97.7786
Columbus,NE,41.4297,-97.3684
Creston,NE,41.7067,-97.3625
Duncan,NE,41.3895,-97.4948
Humphrey,NE,41.6702,-97.4986
Lindsay,NE,41.6926,-97.6711
Monroe,NE,41.4783,-97.6061
Platte Center,NE,41.5375,-97.4884
Osceola,NE,41.1966,-97.5571
Polk,NE,41.0767,-97.7839
Shelby,NE,41.1922,-97.4253
Stromsburg,NE,41.1118,-97.5742
Mc Cook,NE,40.2049,-100.6279
Bartley,NE,40.2581,-100.2908
Danbury,NE,40.0377,-100.4242
Indianola,NE,40.2357,-100.4298
Lebanon,NE,40.0506,-100.2763
Dawson,NE,40.1377,-95.8341
Falls City,NE,40.0742,-95.5931
Humboldt,NE,40.1566,-95.9311
Rulo,NE,40.0536,-95.4292
Salem,NE,40.062,-95.7273
Shubert,NE,40.2325,-95.6895
Stella,NE,40.2303,-95.768
Verdon,NE,40.1425,-95.7162
Bassett,NE,42.5763,-99.5387
Crete,NE,40.6193,-96.9567
De Witt,NE,40.3944,-96.9338
Dorchester,NE,40.6499,-97.1056
Friend,NE,40.6368,-97.2739
Swanton,NE,40.3844,-97.0806
Tobias,NE,40.4262,-97.3184
Western,NE,40.4152,-97.1976
Wilber,NE,40.4821,-96.9757
Bellevue,NE,41.147033,-95.934833
Gretna,NE,41.1345,-96.2458
Papillion,NE,41.14695,-96.0251
St Columbans,NE,41.0927,-96.0905
Springfield,NE,41.0765,-96.1438
Offutt Afb,NE,41.2563,-95.9404
La Vista,NE,41.1814,-96.0658
Ashland,NE,41.0541,-96.3904
Cedar Bluffs,NE,41.3835,-96.5691
Ceresco,NE,41.0681,-96.6398
Colon,NE,41.2883,-96.6141
Ithaca,NE,41.1748,-96.5298
Malmo,NE,41.2984,-96.7327
Mead,NE,41.2393,-96.4961
Memphis,NE,41.0946,-96.4306
Prague,NE,41.3036,-96.8301
Valparaiso,NE,41.0843,-96.8091
Wahoo,NE,41.2117,-96.6219
Weston,NE,41.1811,-96.7691
Yutan,NE,41.234,-96.3932
Morse Bluff,NE,41.4178,-96.7862
Gering,NE,41.822,-103.6629
Lyman,NE,41.8918,-104.0066
Mcgrew,NE,41.7469,-103.4164
Melbeta,NE,41.7816,-103.5177
Minatare,NE,41.8493,-103.489
Mitchell,NE,41.9459,-103.796
Morrill,NE,41.9681,-103.9182
Scottsbluff,NE,41.8693,-103.66455
Beaver Crossing,NE,40.7887,-97.2914
Bee,NE,41.0007,-97.0745
Cordova,NE,40.7185,-97.3407
Garland,NE,40.9412,-96.9702
Goehner,NE,40.8322,-97.2212
Milford,NE,40.7632,-97.0576
Pleasant Dale,NE,40.8133,-96.9513
Seward,NE,40.9066,-97.0966
Staplehurst,NE,40.9845,-97.1859
Utica,NE,40.9168,-97.3344
Bingham,NE,42.0211,-102.0885
Ellsworth,NE,42.0586,-102.2807
Gordon,NE,42.8068,-102.2049
Hay Springs,NE,42.6401,-102.6756
Lakeside,NE,42.0496,-102.4437
Rushville,NE,42.7379,-102.4657
Whiteclay,NE,42.9969,-102.5546
Ashton,NE,41.2672,-98.8034
Hazard,NE,41.0934,-99.0719
Litchfield,NE,41.1686,-99.1415
Loup City,NE,41.2845,-98.9751
Rockville,NE,41.1108,-98.8578
Harrison,NE,42.6872,-103.8827
Pilger,NE,41.9761,-97.0779
Stanton,NE,41.9076,-97.214
Alexandria,NE,40.2614,-97.4039
Belvidere,NE,40.251,-97.5554
Bruning,NE,40.3302,-97.5573
Byron,NE,40.0269,-97.7612
Carleton,NE,40.3005,-97.6719
Chester,NE,40.029,-97.6197
Davenport,NE,40.3108,-97.805
Deshler,NE,40.1387,-97.73
Gilead,NE,40.147,-97.4271
Hebron,NE,40.1728,-97.6052
Hubbell,NE,40.0456,-97.4735
Reynolds,NE,40.0598,-97.3806
Halsey,NE,41.9291,-100.2955
Seneca,NE,42.0433,-100.8329
Thedford,NE,41.9794,-100.5574
Macy,NE,42.1177,-96.3589
Pender,NE,42.1177,-96.7189
Rosalie,NE,42.0574,-96.4929
Thurston,NE,42.1882,-96.6904
Walthill,NE,42.1485,-96.4803
Winnebago,NE,42.2339,-96.4685
Arcadia,NE,41.4293,-99.1205
Elyria,NE,41.6808,-99.0062
North Loup,NE,41.4972,-98.7858
Ord,NE,41.5962,-98.9418
Arlington,NE,41.4417,-96.307
Blair,NE,41.54185,-96.172
Fort Calhoun,NE,41.4373,-96.0324
Herman,NE,41.6524,-96.2869
Kennard,NE,41.4526,-96.1903
Washington,NE,41.3975,-96.2081
Carroll,NE,42.277,-97.1926
Hoskins,NE,42.1408,-97.3084
Wayne,NE,42.2304,-97.0186
Winside,NE,42.1678,-97.1825
Bladen,NE,40.299,-98.6046
Blue Hill,NE,40.311,-98.427
Guide Rock,NE,40.0812,-98.3391
Inavale,NE,40.0959,-98.6612
Red Cloud,NE,40.0952,-98.5187
Bartlett,NE,41.8697,-98.5567
Ericson,NE,41.7828,-98.6453
Benedict,NE,41.0033,-97.6029
Bradshaw,NE,40.9207,-97.7607
Gresham,NE,41.021,-97.4079
Henderson,NE,40.7814,-97.7979
Mc Cool Junction,NE,40.7442,-97.5937
Waco,NE,40.9198,-97.4534
York,NE,40.8667,-97.5825
Barnstead,NH,43.3349,-71.2887
Belmont,NH,43.4512,-71.489
Center Barnstead,NH,43.3566,-71.2424
Center Harbor,NH,43.7107,-71.4797
Gilmanton,NH,43.4175,-71.4121
Laconia,NH,43.58085,-71.4618
Gilford,NH,43.5475,-71.4072
Lochmere,NH,43.4686,-71.5371
Meredith,NH,43.6311,-71.4997
New Hampton,NH,43.6184,-71.6435
Sanbornton,NH,43.5496,-71.6003
Tilton,NH,43.503367,-71.489667
Winnisquam,NH,43.4964,-71.5197
Alton,NH,43.463,-71.2297
Alton Bay,NH,43.4845,-71.2489
Gilmanton Iron Works,NH,43.4466,-71.2995
Center Sandwich,NH,43.8162,-71.4506
Moultonborough,NH,43.7281,-71.3922
North Sandwich,NH,43.8452,-71.385
Bartlett,NH,44.0802,-71.292
Center Conway,NH,43.9878,-71.0607
Center Ossipee,NH,43.7682,-71.1349
Center Tuftonboro,NH,43.6849,-71.2551
Chocorua,NH,43.8909,-71.2407
Conway,NH,43.9742,-71.1503
East Wakefield,NH,43.6142,-71.0051
Eaton Center,NH,43.9092,-71.0837
Freedom,NH,43.8172,-71.0628
Glen,NH,44.1018,-71.1925
Intervale,NH,44.0955,-71.1194
Jackson,NH,44.167,-71.1878
Kearsarge,NH,44.0753,-71.1176
Madison,NH,43.9152,-71.1254
Melvin Village,NH,43.7077,-71.3017
Mirror Lake,NH,43.6366,-71.2729
North Conway,NH,44.0336,-71.1238
Lee,NH,43.1192,-70.9969
Ossipee,NH,43.6945,-71.1129
Sanbornville,NH,43.5513,-71.02
Silver Lake,NH,43.879,-71.1905
Effingham,NH,43.7012,-70.9834
South Tamworth,NH,43.8077,-71.308
Tamworth,NH,43.862,-71.2645
West Ossipee,NH,43.8118,-71.1946
Wolfeboro,NH,43.595,-71.1908
Wolfeboro Falls,NH,43.5892,-71.2189
Wonalancet,NH,43.9073,-71.3506
Keene,NH,42.9482,-72.2868
Ashuelot,NH,42.7851,-72.4349
Chesterfield,NH,42.8839,-72.4548
Dublin,NH,42.8972,-72.0505
Sullivan,NH,42.9982,-72.2019
Swanzey,NH,42.8411,-72.3301
Fitzwilliam,NH,42.7611,-72.145
Gilsum,NH,43.0399,-72.2719
Harrisville,NH,42.9399,-72.0972
Hinsdale,NH,42.8027,-72.5015
Jaffrey,NH,42.8178,-72.0275
Marlborough,NH,42.8988,-72.2013
Marlow,NH,43.1326,-72.2109
Nelson,NH,42.9906,-72.1309
Rindge,NH,42.7544,-72.019
Spofford,NH,42.912,-72.4103
Stoddard,NH,43.0739,-72.1088
Troy,NH,42.827,-72.1848
West Chesterfield,NH,42.8956,-72.5097
Westmoreland,NH,42.969,-72.4358
West Swanzey,NH,42.8734,-72.3151
Winchester,NH,42.7788,-72.344
Alstead,NH,43.1265,-72.3281
Drewsville,NH,43.1281,-72.392
Walpole,NH,43.0765,-72.4155
North Walpole,NH,43.1428,-72.4483
Berlin,NH,44.4811,-71.1892
Bretton Woods,NH,44.2581,-71.4412
Colebrook,NH,44.9078,-71.4793
Errol,NH,44.8003,-71.1436
Gorham,NH,44.4048,-71.1548
Groveton,NH,44.5984,-71.5064
Jefferson,NH,44.3999,-71.4518
Lancaster,NH,44.4921,-71.5591
Milan,NH,44.587,-71.181
Mount Washington,NH,44.6956,-71.3874
North Stratford,NH,44.7149,-71.5644
Pittsburg,NH,45.0866,-71.3636
Randolph,NH,44.3753,-71.2798
Twin Mountain,NH,44.2689,-71.5471
West Stewartstown,NH,44.6956,-71.3874
Whitefield,NH,44.3681,-71.6035
Waterville Valley,NH,43.9501,-71.4995
Ashland,NH,43.7034,-71.6121
Bristol,NH,43.612,-71.7507
Campton,NH,43.8418,-71.6652
Glencliff,NH,43.9828,-71.8934
Grafton,NH,43.5727,-71.9634
Hebron,NH,43.7186,-71.827
Holderness,NH,43.7378,-71.6044
Lincoln,NH,44.0582,-71.6727
Chichester,NH,43.244,-71.4105
North Woodstock,NH,44.0354,-71.6863
Plymouth,NH,43.757,-71.6881
Rumney,NH,43.8044,-71.848
Warren,NH,43.9447,-71.8901
Wentworth,NH,43.8685,-71.9097
Thornton,NH,43.905,-71.647
Woodstock,NH,43.9776,-71.6851
Littleton,NH,44.3112,-71.7768
Bethlehem,NH,44.2808,-71.6829
Franconia,NH,44.2053,-71.7518
Lisbon,NH,44.2148,-71.8966
Sugar Hill,NH,44.2203,-71.7964
Bath,NH,44.1808,-71.9828
Canaan,NH,43.6601,-72.0297
Enfield,NH,43.6256,-72.127
Enfield Center,NH,43.5796,-72.0854
Etna,NH,43.7113,-72.2125
Hanover,NH,43.7045,-72.285
Lebanon,NH,43.6435,-72.2473
Haverhill,NH,44.0394,-72.0573
Lyme,NH,43.7913,-72.162
Lyme Center,NH,43.7863,-72.1205
Monroe,NH,44.2734,-72.025
North Haverhill,NH,44.0978,-72.0191
Orford,NH,43.8941,-72.0978
Piermont,NH,43.9906,-72.0813
Pike,NH,44.0255,-72.0096
West Lebanon,NH,43.644,-72.3007
Woodsville,NH,44.1523,-72.0373
Amherst,NH,42.8569,-71.6075
Brookline,NH,42.7384,-71.6663
Francestown,NH,42.992,-71.8113
Goffstown,NH,43.0201,-71.5697
Greenfield,NH,42.9493,-71.8728
Greenville,NH,42.7482,-71.7619
Hollis,NH,42.7485,-71.5772
Hudson,NH,42.769,-71.4121
Litchfield,NH,42.843,-71.455
Merrimack,NH,42.8667,-71.5128
Milford,NH,42.8285,-71.6606
Mont Vernon,NH,42.8976,-71.6762
Nashua,NH,42.7592,-71.48232
New Boston,NH,42.9722,-71.6864
New Ipswich,NH,42.7511,-71.8703
Pelham,NH,42.7288,-71.3046
Lyndeborough,NH,42.8954,-71.7744
Temple,NH,42.82,-71.8523
Wilton,NH,42.8368,-71.7541
Manchester,NH,42.989787,-71.453388
Bedford,NH,42.9403,-71.5213
Hillsborough,NH,43.1141,-71.8992
Weare,NH,43.0714,-71.7038
Antrim,NH,43.0595,-71.9387
Bennington,NH,43.0103,-71.9153
Hancock,NH,42.9768,-71.9819
Peterborough,NH,42.8856,-71.947
West Peterborough,NH,42.8908,-71.9334
Dunbarton,NH,43.1025,-71.6169
Hooksett,NH,43.0617,-71.4444
Andover,NH,43.4287,-71.783
Bradford,NH,43.2517,-71.9617
Canterbury,NH,43.357,-71.557
Contoocook,NH,43.1978,-71.6968
Danbury,NH,43.5115,-71.8691
East Andover,NH,43.4595,-71.7476
Elkins,NH,43.4209,-71.9373
Epsom,NH,43.2174,-71.3546
Franklin,NH,43.4426,-71.6491
Henniker,NH,43.1791,-71.8159
Hill,NH,43.5274,-71.7292
Newbury,NH,43.3217,-72.0118
New London,NH,43.4145,-71.9857
North Sutton,NH,43.3653,-71.9341
Pittsfield,NH,43.2874,-71.333
Salisbury,NH,43.4067,-71.7045
South Newbury,NH,43.2956,-71.9967
South Sutton,NH,43.3042,-71.9289
Suncook,NH,43.1604,-71.4179
Warner,NH,43.3035,-71.8353
Wilmot,NH,43.4485,-71.9158
Concord,NH,43.255975,-71.591825
Bow,NH,43.1388,-71.5448
Loudon,NH,43.3193,-71.467
Auburn,NH,42.9925,-71.3449
Candia,NH,43.0585,-71.3049
Chester,NH,42.9678,-71.245
Deerfield,NH,43.1378,-71.2513
Derry,NH,42.8874,-71.302
East Candia,NH,43.0481,-71.2487
East Derry,NH,42.8945,-71.2912
Epping,NH,43.0411,-71.0764
Fremont,NH,42.984,-71.1218
Londonderry,NH,42.8656,-71.3772
North Salem,NH,42.837,-71.2206
Raymond,NH,43.0325,-71.1912
Salem,NH,42.7846,-71.2176
Windham,NH,42.8051,-71.3067
Northwood,NH,43.207,-71.2004
Nottingham,NH,43.1196,-71.111
West Nottingham,NH,43.1823,-71.1396
Portsmouth,NH,43.072075,-70.77325
Atkinson,NH,42.837,-71.1603
Danville,NH,42.9234,-71.121
East Hampstead,NH,42.8877,-71.128
East Kingston,NH,42.907,-70.9876
Exeter,NH,42.9815,-70.9478
Greenland,NH,43.0353,-70.8475
Hampstead,NH,42.882,-71.1758
Hampton,NH,42.9709,-70.91875
Hampton Falls,NH,42.9263,-70.8876
Kingston,NH,42.9133,-71.0639
New Castle,NH,43.0681,-70.7199
Newfields,NH,43.0374,-70.9782
Newmarket,NH,43.0726,-70.9553
Newton,NH,42.8678,-71.042
Newton Junction,NH,42.8619,-71.04
North Hampton,NH,42.9776,-70.8267
Plaistow,NH,42.8356,-71.0934
Rye,NH,43.0095,-70.7652
Rye Beach,NH,42.9806,-70.7719
Sandown,NH,42.9308,-71.1861
Seabrook,NH,42.8854,-70.8646
Stratham,NH,43.0194,-70.8997
Center Strafford,NH,43.2629,-71.1071
Dover,NH,43.194867,-70.878067
Madbury,NH,43.1729,-70.9412
Durham,NH,43.1174,-70.9197
Barrington,NH,43.2027,-71.0377
Farmington,NH,43.3884,-71.0647
Rochester,NH,43.29775,-70.96905
Milton,NH,43.4229,-71.0114
Milton Mills,NH,43.5025,-70.9697
New Durham,NH,43.443,-71.1408
Rollinsford,NH,43.2269,-70.8332
Somersworth,NH,43.2525,-70.8756
Strafford,NH,43.2506,-71.1625
Union,NH,43.4861,-71.063
Washington,NH,43.1747,-72.0824
Springfield,NH,43.4938,-72.047
Acworth,NH,43.196,-72.3001
Charlestown,NH,43.2573,-72.4064
Lempster,NH,43.2136,-72.1968
South Acworth,NH,43.1956,-72.2686
Claremont,NH,43.3679,-72.3422
Cornish,NH,43.4963,-72.3394
Cornish Flat,NH,43.4973,-72.2795
Georges Mills,NH,43.4317,-72.0673
Goshen,NH,43.3026,-72.1241
Grantham,NH,43.5103,-72.1334
Guild,NH,43.3767,-72.1381
Meriden,NH,43.5299,-72.2756
Newport,NH,43.3532,-72.1838
Plainfield,NH,43.5519,-72.2704
Sunapee,NH,43.3868,-72.095
Hammonton,NJ,39.638,-74.7728
Absecon,NJ,39.44815,-74.4762
Brigantine,NJ,39.4101,-74.3646
Cologne,NJ,39.5092,-74.6086
Egg Harbor City,NJ,39.5331,-74.6177
Elwood,NJ,39.5737,-74.72
Leeds Point,NJ,39.4921,-74.429
Linwood,NJ,39.3469,-74.5807
Northfield,NJ,39.3703,-74.5552
Oceanville,NJ,39.4712,-74.4604
Pleasantville,NJ,39.3876,-74.5149
Egg Harbor Township,NJ,39.3741,-74.6118
Pomona,NJ,39.4877,-74.5543
Port Republic,NJ,39.5272,-74.4903
Somers Point,NJ,39.3223,-74.6008
Buena,NJ,39.537,-74.8895
Dorothy,NJ,39.4031,-74.8316
Estell Manor,NJ,39.3783,-74.8165
Landisville,NJ,39.5239,-74.9377
Mays Landing,NJ,39.432,-74.6962
Milmay,NJ,39.4451,-74.8667
Minotola,NJ,39.5155,-74.9467
Mizpah,NJ,39.5021,-74.8335
Newtonville,NJ,39.5645,-74.859
Richland,NJ,39.485,-74.8776
Atlantic City,NJ,39.365,-74.425833
Margate City,NJ,39.3286,-74.509
Longport,NJ,39.3194,-74.5356
Ventnor City,NJ,39.346,-74.4723
Cliffside Park,NJ,40.8222,-73.988
Edgewater,NJ,40.8317,-73.9738
Fairview,NJ,40.817,-74.0
Fort Lee,NJ,40.8503,-73.9745
Garfield,NJ,40.8789,-74.1081
North Arlington,NJ,40.7898,-74.1343
Wallington,NJ,40.8536,-74.1079
Rutherford,NJ,40.8292,-74.1121
Lyndhurst,NJ,40.8094,-74.1245
Carlstadt,NJ,40.8403,-74.0925
East Rutherford,NJ,40.8385,-74.1041
Moonachie,NJ,40.8394,-74.0566
Wood Ridge,NJ,40.8493,-74.0878
Allendale,NJ,41.0327,-74.1342
Elmwood Park,NJ,40.9069,-74.1209
Fair Lawn,NJ,40.9343,-74.1166
Franklin Lakes,NJ,41.0081,-74.2113
Ho Ho Kus,NJ,41.0004,-74.1025
Mahwah,NJ,41.0928,-74.17525
Midland Park,NJ,40.9957,-74.1409
Oakland,NJ,41.0294,-74.2338
Ramsey,NJ,41.0577,-74.1445
Ridgewood,NJ,40.98065,-74.1148
Glen Rock,NJ,40.9602,-74.1254
Saddle River,NJ,41.0443,-74.0981
Waldwick,NJ,41.013,-74.1243
Wyckoff,NJ,40.9978,-74.166
Hackensack,NJ,40.88705,-74.0469
Bogota,NJ,40.8744,-74.0281
Hasbrouck Heights,NJ,40.8623,-74.0756
Leonia,NJ,40.8629,-73.9879
South Hackensack,NJ,40.8634,-74.0456
Maywood,NJ,40.9024,-74.0629
Teterboro,NJ,40.85515,-74.05835
Alpine,NJ,40.9511,-73.9308
Bergenfield,NJ,40.9238,-73.9989
Closter,NJ,40.9721,-73.959
Cresskill,NJ,40.9418,-73.9652
Demarest,NJ,40.9548,-73.9602
Dumont,NJ,40.9447,-73.9921
Emerson,NJ,40.9755,-74.0285
Englewood,NJ,40.8943,-73.9772
Englewood Cliffs,NJ,40.882,-73.9544
Harrington Park,NJ,40.9918,-73.98
Haworth,NJ,40.9608,-73.9874
Hillsdale,NJ,41.0069,-74.0426
Little Ferry,NJ,40.8493,-74.0405
Lodi,NJ,40.8764,-74.0838
Montvale,NJ,41.0495,-74.0384
New Milford,NJ,40.9331,-74.0195
Northvale,NJ,41.0086,-73.9389
Norwood,NJ,40.9952,-73.9582
Oradell,NJ,40.9535,-74.0335
Palisades Park,NJ,40.8462,-73.9954
Paramus,NJ,40.9479,-74.0752
Park Ridge,NJ,41.0343,-74.0396
Ridgefield,NJ,40.8326,-74.0015
Ridgefield Park,NJ,40.8562,-74.023
River Edge,NJ,40.9265,-74.0392
Rochelle Park,NJ,40.9057,-74.079
Saddle Brook,NJ,40.9031,-74.0955
Teaneck,NJ,40.8915,-74.0119
Tenafly,NJ,40.9216,-73.9659
Westwood,NJ,41.0092,-74.0041
Township Of Washington,NJ,40.9883,-74.0635
Woodcliff Lake,NJ,41.0234,-74.0603
Beverly,NJ,40.0565,-74.9114
Birmingham,NJ,39.976,-74.7114
Browns Mills,NJ,39.9597,-74.5655
Burlington,NJ,40.068,-74.8454
Chatsworth,NJ,39.8019,-74.5256
Columbus,NJ,40.0642,-74.6899
Hainesport,NJ,39.9872,-74.8293
Jobstown,NJ,40.0387,-74.6873
Juliustown,NJ,40.0123,-74.6646
Willingboro,NJ,40.029,-74.8835
Lumberton,NJ,39.9651,-74.8067
Maple Shade,NJ,39.9511,-74.9946
Marlton,NJ,39.8845,-74.9067
Mount Laurel,NJ,39.9478,-74.9036
Medford,NJ,39.8637,-74.8223
Moorestown,NJ,39.9683,-74.9533
Mount Holly,NJ,40.0086,-74.7896
New Lisbon,NJ,39.9582,-74.6279
Palmyra,NJ,40.0037,-75.0257
Pemberton,NJ,39.9712,-74.6676
Rancocas,NJ,40.0095,-74.8668
Riverside,NJ,40.0293,-74.9497
Riverton,NJ,40.00675,-75.00505
Vincentown,NJ,39.8604,-74.6693
New Gretna,NJ,39.5923,-74.451
Bordentown,NJ,40.1431,-74.7032
Cookstown,NJ,40.0481,-74.5595
Chesterfield,NJ,40.1151,-74.6393
Florence,NJ,40.118,-74.8055
Roebling,NJ,40.1154,-74.7772
Wrightstown,NJ,40.072,-74.5731
Joint Base Mdl,NJ,40.2171,-74.7429
Cherry Hill,NJ,39.906233,-74.9963
Atco,NJ,39.76,-74.8665
Barrington,NJ,39.8651,-75.0564
Berlin,NJ,39.7788,-74.9308
Blackwood,NJ,39.7901,-75.0367
Cedar Brook,NJ,39.7154,-74.9007
Clementon,NJ,39.8036,-75.0058
Gibbsboro,NJ,39.8365,-74.971
Glendora,NJ,39.8404,-75.0697
Gloucester City,NJ,39.8911,-75.117
Bellmawr,NJ,39.86825,-75.0945
Haddonfield,NJ,39.8954,-75.0417
Haddon Heights,NJ,39.8788,-75.0664
Voorhees,NJ,39.8504,-74.9646
Lawnside,NJ,39.8676,-75.0317
Magnolia,NJ,39.8538,-75.0393
Mount Ephraim,NJ,39.8827,-75.0929
Runnemede,NJ,39.8508,-75.0742
Sicklerville,NJ,39.7354,-74.9864
Somerdale,NJ,39.84,-75.0309
Stratford,NJ,39.8288,-75.0147
Waterford Works,NJ,39.7215,-74.8609
West Berlin,NJ,39.8051,-74.9255
Winslow,NJ,39.6549,-74.8685
Camden,NJ,39.93584,-75.10882
Audubon,NJ,39.891,-75.0724
Oaklyn,NJ,39.908,-75.0849
Collingswood,NJ,39.9157,-75.0634
Merchantville,NJ,39.9519,-75.0482
Pennsauken,NJ,39.9723,-75.0607
Avalon,NJ,39.0951,-74.7262
Cape May,NJ,38.9711,-74.9214
Cape May Court House,NJ,39.1378,-74.7806
Cape May Point,NJ,38.9372,-74.9654
Dennisville,NJ,39.1932,-74.8252
Goshen,NJ,39.1415,-74.8529
Green Creek,NJ,39.0462,-74.9013
Marmora,NJ,39.2586,-74.6593
Ocean City,NJ,39.2709,-74.5875
Ocean View,NJ,39.2154,-74.7075
Rio Grande,NJ,39.0196,-74.8756
Sea Isle City,NJ,39.154,-74.7005
South Dennis,NJ,39.1,-74.8487
South Seaville,NJ,39.179,-74.7599
Stone Harbor,NJ,39.0533,-74.762
Strathmere,NJ,39.1992,-74.6554
Tuckahoe,NJ,39.2901,-74.7538
Villas,NJ,39.0219,-74.9354
Whitesboro,NJ,39.0421,-74.8618
Wildwood,NJ,38.9949,-74.838
Woodbine,NJ,39.2716,-74.7968
Bridgeton,NJ,39.3762,-75.1617
Cedarville,NJ,39.337,-75.1994
Deerfield Street,NJ,39.5293,-75.2249
Delmont,NJ,39.2023,-74.9705
Dividing Creek,NJ,39.2732,-75.095
Dorchester,NJ,39.2679,-74.9791
Fairton,NJ,39.3799,-75.2217
Fortescue,NJ,39.2189,-75.1403
Greenwich,NJ,39.4055,-75.3209
Heislerville,NJ,39.224,-74.9942
Leesburg,NJ,39.2568,-74.9874
Mauricetown,NJ,39.2853,-74.9983
Millville,NJ,39.3673,-75.0293
Newport,NJ,39.2832,-75.1716
Port Elizabeth,NJ,39.3131,-74.9807
Port Norris,NJ,39.2563,-75.0506
Rosenhayn,NJ,39.4782,-75.1313
Shiloh,NJ,39.4594,-75.297
Vineland,NJ,39.477833,-75.000033
Bloomfield,NJ,40.8035,-74.1891
Fairfield,NJ,40.8822,-74.296
Caldwell,NJ,40.84715,-74.2777
Cedar Grove,NJ,40.8534,-74.2297
East Orange,NJ,40.764233,-74.2108
Essex Fells,NJ,40.8279,-74.2797
Glen Ridge,NJ,40.804,-74.2055
Livingston,NJ,40.7896,-74.3202
Maplewood,NJ,40.7279,-74.2656
Millburn,NJ,40.7228,-74.3015
Montclair,NJ,40.82805,-74.2088
Verona,NJ,40.8319,-74.2428
Orange,NJ,40.7805,-74.24035
West Orange,NJ,40.7859,-74.2568
Roseland,NJ,40.8203,-74.3047
Short Hills,NJ,40.7368,-74.3271
South Orange,NJ,40.7465,-74.2575
Newark,NJ,40.746235,-74.198195
Belleville,NJ,40.7946,-74.1631
Nutley,NJ,40.8185,-74.1589
Irvington,NJ,40.7261,-74.2313
Bridgeport,NJ,39.8016,-75.3478
Clarksboro,NJ,39.7992,-75.2237
Ewan,NJ,39.7015,-75.1629
Gibbstown,NJ,39.8231,-75.2751
Glassboro,NJ,39.7068,-75.1172
Grenloch,NJ,39.7788,-75.0601
Harrisonville,NJ,39.6931,-75.2711
Mantua,NJ,39.787,-75.1785
Mickleton,NJ,39.7857,-75.2498
Mount Royal,NJ,39.8097,-75.2082
Mullica Hill,NJ,39.7252,-75.2065
National Park,NJ,39.8664,-75.1794
Paulsboro,NJ,39.8312,-75.2242
Pitman,NJ,39.7312,-75.1297
Richwood,NJ,39.7206,-75.1681
Sewell,NJ,39.7473,-75.0899
Swedesboro,NJ,39.7529,-75.3362
Thorofare,NJ,39.8457,-75.1943
Wenonah,NJ,39.7993,-75.1536
Westville,NJ,39.8605,-75.1323
Williamstown,NJ,39.665,-74.971
Deptford,NJ,39.7539,-74.996
Woodbury Heights,NJ,39.8142,-75.153
Clayton,NJ,39.659,-75.0942
Franklinville,NJ,39.6156,-75.0409
Malaga,NJ,39.5755,-75.0582
Monroeville,NJ,39.6442,-75.1568
Newfield,NJ,39.5553,-75.0276
Bayonne,NJ,40.6664,-74.1192
Harrison,NJ,40.7445,-74.1508
Hoboken,NJ,40.7445,-74.0329
Kearny,NJ,40.74875,-74.1113
North Bergen,NJ,40.7939,-74.0258
Weehawken,NJ,40.7681,-74.0208
Union City,NJ,40.7674,-74.0323
West New York,NJ,40.7888,-74.0115
Secaucus,NJ,40.7619,-74.06945
Jersey City,NJ,40.728808,-74.068792
Califon,NJ,40.7162,-74.8152
Pottersville,NJ,40.7026,-74.7276
Lambertville,NJ,40.3731,-74.9266
Ringoes,NJ,40.4459,-74.8288
Rosemont,NJ,40.42,-74.9886
Sergeantsville,NJ,40.4459,-74.9435
Stockton,NJ,40.4397,-74.9554
Annandale,NJ,40.6287,-74.8855
Baptistown,NJ,40.5218,-75.006
Bloomsbury,NJ,40.6437,-75.0966
Clinton,NJ,40.6412,-74.9088
Flemington,NJ,40.518,-74.8453
Frenchtown,NJ,40.5208,-75.0325
Glen Gardner,NJ,40.7134,-74.9162
Hampton,NJ,40.6774,-74.9622
High Bridge,NJ,40.6684,-74.8937
Lebanon,NJ,40.6466,-74.829
Little York,NJ,40.5637,-74.9494
Milford,NJ,40.5929,-75.1025
Oldwick,NJ,40.6726,-74.7474
Pittstown,NJ,40.5992,-74.9576
Quakertown,NJ,40.5655,-74.9389
Readington,NJ,40.5687,-74.7377
Stanton,NJ,40.5764,-74.8311
Three Bridges,NJ,40.5206,-74.7946
Whitehouse,NJ,40.6194,-74.7406
Whitehouse Station,NJ,40.6156,-74.7724
Hightstown,NJ,40.2669,-74.525
Hopewell,NJ,40.3902,-74.771
Pennington,NJ,40.3339,-74.7944
Princeton,NJ,40.3397,-74.6648
Princeton Junction,NJ,40.2669,-74.6511
Titusville,NJ,40.3077,-74.8655
Windsor,NJ,40.2423,-74.5787
Trenton,NJ,40.253478,-74.716796
Lawrence Township,NJ,40.2171,-74.7429
Avenel,NJ,40.5826,-74.2785
Carteret,NJ,40.5823,-74.2313
Port Reading,NJ,40.5709,-74.2466
Colonia,NJ,40.5937,-74.3164
Sewaren,NJ,40.5542,-74.2607
South Plainfield,NJ,40.5839,-74.4147
Woodbridge,NJ,40.556,-74.2845
Cranbury,NJ,40.3039,-74.5065
Plainsboro,NJ,40.3324,-74.5688
Dayton,NJ,40.3825,-74.5111
Dunellen,NJ,40.5897,-74.4639
East Brunswick,NJ,40.4284,-74.4064
Edison,NJ,40.51558,-74.3863
Kendall Park,NJ,40.4208,-74.5529
Helmetta,NJ,40.3777,-74.4204
Iselin,NJ,40.5716,-74.3167
Monroe Township,NJ,40.3192,-74.4285
Keasbey,NJ,40.5192,-74.3021
Metuchen,NJ,40.5449,-74.3517
Middlesex,NJ,40.5759,-74.5008
Milltown,NJ,40.4493,-74.439
Monmouth Junction,NJ,40.3869,-74.5558
Piscataway,NJ,40.49075,-74.43815
Old Bridge,NJ,40.398,-74.3236
Parlin,NJ,40.4587,-74.305
Perth Amboy,NJ,40.4738,-74.34635
Fords,NJ,40.5393,-74.3117
Sayreville,NJ,40.445,-74.38255
South Amboy,NJ,40.464,-74.2742
South River,NJ,40.4444,-74.3801
Spotswood,NJ,40.3847,-74.3894
New Brunswick,NJ,40.48108,-74.44284
North Brunswick,NJ,40.4538,-74.4823
Highland Park,NJ,40.4991,-74.4266
Red Bank,NJ,40.3584,-74.0681
Shrewsbury,NJ,40.3282,-74.0589
Fort Monmouth,NJ,40.3177,-74.039
Fair Haven,NJ,40.3599,-74.0389
Adelphia,NJ,40.2182,-74.2563
Allenhurst,NJ,40.2367,-74.0067
Asbury Park,NJ,40.2507,-74.0486
Belmar,NJ,40.1736,-74.0469
Atlantic Highlands,NJ,40.4015,-74.0309
Avon By The Sea,NJ,40.1918,-74.0167
Belford,NJ,40.4173,-74.0889
Bradley Beach,NJ,40.2023,-74.0132
Cliffwood,NJ,40.4353,-74.2358
Colts Neck,NJ,40.3012,-74.178
Deal,NJ,40.2506,-74.002
Eatontown,NJ,40.30275,-74.15955
Englishtown,NJ,40.2825,-74.3424
Farmingdale,NJ,40.2043,-74.1779
Freehold,NJ,40.2458,-74.2768
Hazlet,NJ,40.4226,-74.1799
Howell,NJ,40.1481,-74.2137
Highlands,NJ,40.4037,-73.9915
Holmdel,NJ,40.3859,-74.174
Keansburg,NJ,40.4414,-74.1306
Keyport,NJ,40.4332,-74.1996
Leonardo,NJ,40.4177,-74.0623
Lincroft,NJ,40.3369,-74.1205
Little Silver,NJ,40.3354,-74.0413
Long Branch,NJ,40.2992,-73.9912
Marlboro,NJ,40.3182,-74.2639
Matawan,NJ,40.4109,-74.238
Middletown,NJ,40.3944,-74.1157
Monmouth Beach,NJ,40.333,-73.9809
Morganville,NJ,40.3529,-74.2779
Navesink,NJ,40.4023,-74.0273
Neptune,NJ,40.20485,-74.04965
Oakhurst,NJ,40.2648,-74.0184
Ocean Grove,NJ,40.2116,-74.0093
Oceanport,NJ,40.3157,-74.0164
Port Monmouth,NJ,40.4289,-74.1083
Rumson,NJ,40.3707,-74.0084
Spring Lake,NJ,40.1542,-74.0379
Tennent,NJ,40.2796,-74.3343
West Long Branch,NJ,40.2878,-74.0162
Wickatunk,NJ,40.3501,-74.2479
Allentown,NJ,40.1589,-74.5909
Millstone Township,NJ,40.21045,-74.6626
Cream Ridge,NJ,40.1399,-74.465
Imlaystown,NJ,40.1623,-74.4759
Roosevelt,NJ,40.2214,-74.4747
Allenwood,NJ,40.1389,-74.1122
Brielle,NJ,40.1077,-74.0635
Manasquan,NJ,40.1217,-74.0611
Sea Girt,NJ,40.1345,-74.0436
Boonton,NJ,40.9115,-74.414
Lake Hiawatha,NJ,40.8825,-74.383
Lincoln Park,NJ,40.9208,-74.2995
Montville,NJ,40.9049,-74.3646
Mountain Lakes,NJ,40.8904,-74.4415
Parsippany,NJ,40.8621,-74.4117
Pine Brook,NJ,40.8742,-74.35
Towaco,NJ,40.9277,-74.3428
Butler,NJ,40.9988,-74.4261
Pequannock,NJ,40.9473,-74.296
Pompton Plains,NJ,40.9655,-74.3016
Riverdale,NJ,40.9931,-74.3088
Dover,NJ,40.89245,-74.5625
Mine Hill,NJ,40.8771,-74.5845
Picatinny Arsenal,NJ,40.8673,-74.5783
Budd Lake,NJ,40.8731,-74.7426
Denville,NJ,40.8897,-74.4844
Flanders,NJ,40.8453,-74.7019
Hibernia,NJ,40.944,-74.4927
Ironia,NJ,40.8229,-74.6257
Kenvil,NJ,40.8819,-74.621
Lake Hopatcong,NJ,40.9506,-74.6129
Landing,NJ,40.9087,-74.6554
Ledgewood,NJ,40.878,-74.6554
Long Valley,NJ,40.7878,-74.787
Mount Arlington,NJ,40.9283,-74.6363
Netcong,NJ,40.8985,-74.6985
Rockaway,NJ,40.9229,-74.5094
Randolph,NJ,40.8456,-74.5725
Schooleys Mountain,NJ,40.7993,-74.8138
Succasunna,NJ,40.8539,-74.6536
Mount Tabor,NJ,40.8711,-74.4777
Wharton,NJ,40.9139,-74.5863
Brookside,NJ,40.8004,-74.5718
Cedar Knolls,NJ,40.8223,-74.4569
Chatham,NJ,40.7305,-74.4017
Chester,NJ,40.7892,-74.6776
Florham Park,NJ,40.7757,-74.3928
Gillette,NJ,40.6877,-74.4681
Green Village,NJ,40.7416,-74.4517
East Hanover,NJ,40.8192,-74.3636
Madison,NJ,40.7599,-74.4179
Mendham,NJ,40.7789,-74.6
Millington,NJ,40.6727,-74.5183
Morris Plains,NJ,40.8445,-74.4824
Morristown,NJ,40.819767,-74.5157
Convent Station,NJ,40.7968,-74.4815
Mount Freedom,NJ,40.8055,-74.5738
New Vernon,NJ,40.7347,-74.4845
Stirling,NJ,40.6774,-74.4968
Whippany,NJ,40.8446,-74.49915
Barnegat,NJ,39.7552,-74.247
Barnegat Light,NJ,39.7512,-74.1146
Beach Haven,NJ,39.6411,-74.1922
Manahawkin,NJ,39.705,-74.2604
Tuckerton,NJ,39.5881,-74.3646
West Creek,NJ,39.6627,-74.2885
Jackson,NJ,40.121,-74.3017
New Egypt,NJ,40.0713,-74.5067
Lakewood,NJ,40.085,-74.2042
Bayville,NJ,39.9093,-74.1549
Beachwood,NJ,39.9302,-74.1961
Brick,NJ,40.06315,-74.11305
Forked River,NJ,39.8444,-74.1973
Island Heights,NJ,39.9432,-74.1468
Lakehurst,NJ,40.0263,-74.3254
Lanoka Harbor,NJ,39.862,-74.1668
Lavallette,NJ,39.9775,-74.0704
Mantoloking,NJ,40.0261,-74.0562
Normandy Beach,NJ,40.0026,-74.0604
Ocean Gate,NJ,39.926,-74.1351
Pine Beach,NJ,39.9347,-74.168
Point Pleasant Beach,NJ,40.0806,-74.0595
Seaside Heights,NJ,39.9466,-74.0765
Seaside Park,NJ,39.9222,-74.0795
Toms River,NJ,39.94746,-74.21418
Waretown,NJ,39.7896,-74.1954
Manchester Township,NJ,39.9515,-74.1521
Clifton,NJ,40.85796,-74.15526
Passaic,NJ,40.8601,-74.1283
Bloomingdale,NJ,41.0128,-74.3338
Haskell,NJ,41.0301,-74.2965
Hewitt,NJ,41.1709,-74.3686
Little Falls,NJ,40.8835,-74.2144
Newfoundland,NJ,41.0647,-74.4359
Oak Ridge,NJ,41.0302,-74.5198
Pompton Lakes,NJ,40.9993,-74.2876
Ringwood,NJ,41.0928,-74.2659
Wanaque,NJ,41.0544,-74.279
Wayne,NJ,40.9476,-74.2458
West Milford,NJ,41.0915,-74.375
Paterson,NJ,40.936836,-74.194857
Hawthorne,NJ,40.95285,-74.15535
Haledon,NJ,40.9407,-74.18445
Totowa,NJ,40.9581,-74.2608
Alloway,NJ,39.5591,-75.3506
Deepwater,NJ,39.6815,-75.4934
Hancocks Bridge,NJ,39.4716,-75.4902
Pedricktown,NJ,39.7435,-75.412
Penns Grove,NJ,39.6994,-75.4495
Pennsville,NJ,39.6491,-75.5155
Quinton,NJ,39.5459,-75.4124
Salem,NJ,39.5591,-75.4521
Woodstown,NJ,39.6457,-75.3248
Elmer,NJ,39.5691,-75.163
Norma,NJ,39.4998,-75.082
Warren,NJ,40.6318,-74.5105
Basking Ridge,NJ,40.6789,-74.5605
Bedminster,NJ,40.6571,-74.6432
Bernardsville,NJ,40.7225,-74.5778
Far Hills,NJ,40.6996,-74.6536
Gladstone,NJ,40.7219,-74.6707
Liberty Corner,NJ,40.6554,-74.5862
Lyons,NJ,40.6674,-74.5539
Peapack,NJ,40.7079,-74.6541
Pluckemin,NJ,40.6425,-74.6396
Belle Mead,NJ,40.4483,-74.6557
Blawenburg,NJ,40.4076,-74.7027
Kingston,NJ,40.3828,-74.6096
Rocky Hill,NJ,40.401,-74.64
Skillman,NJ,40.4173,-74.6938
Bound Brook,NJ,40.5681,-74.5397
Bridgewater,NJ,40.5904,-74.6267
Flagtown,NJ,40.517,-74.6843
Franklin Park,NJ,40.4421,-74.5369
Manville,NJ,40.5399,-74.5934
Martinsville,NJ,40.6,-74.5572
Hillsborough,NJ,40.4775,-74.6272
Neshanic Station,NJ,40.5293,-74.7401
Raritan,NJ,40.5711,-74.6377
Somerset,NJ,40.49915,-74.4949
Somerville,NJ,40.588,-74.6874
South Bound Brook,NJ,40.5523,-74.5311
Zarephath,NJ,40.5361,-74.5789
Franklin,NJ,41.1164,-74.5865
Glenwood,NJ,41.2356,-74.4885
Hamburg,NJ,41.1467,-74.5874
Highland Lakes,NJ,41.1826,-74.4564
Mc Afee,NJ,41.2065,-74.5381
Ogdensburg,NJ,41.0767,-74.5982
Stockholm,NJ,41.0992,-74.5283
Sussex,NJ,41.2292,-74.5992
Vernon,NJ,41.185,-74.5332
Andover,NJ,40.9614,-74.7524
Augusta,NJ,41.1451,-74.6848
Branchville,NJ,41.1585,-74.7512
Montague,NJ,41.3023,-74.754
Glasser,NJ,41.1283,-74.679
Greendell,NJ,40.974,-74.821
Hopatcong,NJ,40.939,-74.6616
Lafayette,NJ,41.0761,-74.6912
Layton,NJ,41.2299,-74.8466
Middleville,NJ,41.0559,-74.8629
Newton,NJ,41.0695,-74.8069
Sparta,NJ,41.0277,-74.6407
Stanhope,NJ,40.9217,-74.7004
Stillwater,NJ,41.0439,-74.872
Swartswood,NJ,41.1029,-74.8508
Tranquility,NJ,40.9559,-74.7881
Wallpack Center,NJ,41.1256,-74.9177
Cranford,NJ,40.6554,-74.3057
Fanwood,NJ,40.6419,-74.3868
Garwood,NJ,40.6512,-74.3239
Kenilworth,NJ,40.6759,-74.2944
Linden,NJ,40.6354,-74.2556
Plainfield,NJ,40.6295,-74.389275
Rahway,NJ,40.6087,-74.2819
Clark,NJ,40.6203,-74.3106
Watchung,NJ,40.6378,-74.4514
Scotch Plains,NJ,40.6379,-74.3682
Springfield,NJ,40.7015,-74.3227
Union,NJ,40.6952,-74.2677
Vauxhall,NJ,40.7179,-74.2829
Westfield,NJ,40.6568,-74.3224
Mountainside,NJ,40.6785,-74.3588
Elizabeth,NJ,40.666725,-74.2151
Roselle,NJ,40.653,-74.261
Roselle Park,NJ,40.6651,-74.267
Hillside,NJ,40.6968,-74.2281
Elizabethport,NJ,40.6501,-74.1871
Summit,NJ,40.71525,-74.36445
Berkeley Heights,NJ,40.6752,-74.4346
New Providence,NJ,40.7004,-74.4023
Allamuchy,NJ,40.9218,-74.8102
Belvidere,NJ,40.8308,-75.0503
Blairstown,NJ,40.9674,-74.9651
Buttzville,NJ,40.8434,-74.9859
Changewater,NJ,40.7394,-74.9448
Columbia,NJ,40.9388,-75.055
Delaware,NJ,40.8929,-75.0646
Great Meadows,NJ,40.852,-74.9418
Hackettstown,NJ,40.8529,-74.8343
Hope,NJ,40.9197,-74.9846
Johnsonburg,NJ,40.9645,-74.8785
Oxford,NJ,40.8105,-75.0019
Port Murray,NJ,40.7906,-74.9167
Vienna,NJ,40.8648,-74.897
Washington,NJ,40.7582,-74.9914
Asbury,NJ,40.695,-75.0281
Broadway,NJ,40.732,-75.0516
Phillipsburg,NJ,40.7079,-75.1507
Stewartsville,NJ,40.6937,-75.111
Cedar Crest,NM,35.1285,-106.3617
Isleta,NM,34.9073,-106.6892
Sandia Park,NM,35.1683,-106.3238
Tijeras,NM,35.0446,-106.3062
Albuquerque,NM,35.077348,-106.644838
Kirtland Afb,NM,35.0203,-106.5503
Rio Rancho,NM,35.205867,-106.6882
Aragon,NM,33.8859,-108.5466
Datil,NM,34.0427,-108.0183
Luna,NM,33.8189,-108.9545
Pie Town,NM,34.3243,-108.3682
Quemado,NM,34.2652,-108.7578
Reserve,NM,33.7131,-108.7578
Glenwood,NM,33.3048,-108.7743
Roswell,NM,33.438433,-104.445
Dexter,NM,33.191,-104.3833
Hagerman,NM,33.1076,-104.3298
Lake Arthur,NM,32.9982,-104.3666
Bluewater,NM,35.255,-107.9856
Casa Blanca,NM,35.0456,-107.4714
Cubero,NM,35.0859,-107.5181
Grants,NM,35.1476,-107.8526
Milan,NM,35.1698,-107.8909
Laguna,NM,34.9625,-107.2325
New Laguna,NM,35.0409,-107.422
Paguate,NM,35.1387,-107.3789
San Fidel,NM,35.0823,-107.5992
San Rafael,NM,35.1125,-107.8826
Fence Lake,NM,34.7344,-108.6934
Pinehill,NM,34.9992,-108.4112
Angel Fire,NM,36.3849,-105.2439
Cimarron,NM,36.4574,-105.0697
Eagle Nest,NM,36.5326,-105.2756
Maxwell,NM,36.5434,-104.564
Miami,NM,36.35,-104.7931
Raton,NM,36.8952,-104.4349
Springer,NM,36.3767,-104.5927
Ute Park,NM,36.5581,-105.115
Clovis,NM,34.4087,-103.2133
Cannon Afb,NM,34.3841,-103.3154
Broadview,NM,34.804,-103.1292
Grady,NM,34.8107,-103.298
Melrose,NM,34.4479,-103.6325
Saint Vrain,NM,34.4756,-103.4669
Texico,NM,34.3958,-103.0615
Fort Sumner,NM,34.46,-104.2317
Taiban,NM,34.3271,-104.0159
Yeso,NM,34.455,-104.7452
Garfield,NM,32.7557,-107.2704
Hatch,NM,32.6583,-107.159
Rincon,NM,32.6597,-107.0643
Salem,NM,32.7093,-107.2157
Las Cruces,NM,32.379678,-106.769089
White Sands Missile Range,NM,32.3839,-106.4937
Santa Teresa,NM,31.8394,-106.6821
Anthony,NM,32.004,-106.6058
Berino,NM,32.0682,-106.631
Chamberino,NM,32.0401,-106.6856
Dona Ana,NM,32.3895,-106.8139
Fairacres,NM,32.2984,-106.8812
La Mesa,NM,32.1383,-106.7999
Mesilla,NM,32.268,-106.8059
Mesilla Park,NM,32.21,-106.7147
Mesquite,NM,32.146,-106.6676
Organ,NM,32.4259,-106.6136
Radium Springs,NM,32.4888,-106.9146
San Miguel,NM,32.1554,-106.735
Sunland Park,NM,31.8186,-106.5997
Vado,NM,32.1187,-106.649
Artesia,NM,32.796,-104.36775
Carlsbad,NM,32.37695,-104.2666
Hope,NM,32.8156,-104.7299
Lakewood,NM,32.6362,-104.365
Loco Hills,NM,32.819,-103.9777
Loving,NM,32.274,-104.0914
Malaga,NM,32.1813,-104.0668
Whites City,NM,32.1757,-104.3766
Arenas Valley,NM,32.7839,-108.1854
Bayard,NM,32.7617,-108.1306
Buckhorn,NM,33.0633,-108.6956
Santa Clara,NM,32.7795,-108.1503
Cliff,NM,32.9623,-108.6112
Faywood,NM,32.5642,-108.0242
Fort Bayard,NM,32.7574,-108.0075
Gila,NM,32.9659,-108.5767
Hachita,NM,31.8904,-108.3316
Hanover,NM,32.8045,-107.9545
Hurley,NM,32.648,-108.1516
Mimbres,NM,32.909,-108.0332
Mule Creek,NM,33.1071,-108.9032
Pinos Altos,NM,32.8614,-108.2192
Redrock,NM,32.6862,-108.7381
Silver City,NM,32.7591,-108.2064
Tyrone,NM,32.7098,-108.302
Anton Chico,NM,35.2001,-105.1422
La Loma,NM,35.1734,-105.0775
Vaughn,NM,34.6241,-105.1926
Cuervo,NM,35.0312,-104.4086
Newkirk,NM,35.0847,-104.2433
Santa Rosa,NM,34.8526,-104.5899
Mills,NM,36.1281,-104.2277
Mosquero,NM,35.8041,-103.9021
Roy,NM,35.9522,-104.1497
Solano,NM,35.8484,-104.0675
Playas,NM,32.055,-108.6291
Animas,NM,32.053,-108.9069
Lordsburg,NM,32.316,-108.723
Rodeo,NM,31.8358,-109.0322
Crossroads,NM,33.5272,-103.3564
Caprock,NM,33.3939,-103.639
Eunice,NM,32.4392,-103.1594
Hobbs,NM,32.7457,-103.1621
Jal,NM,32.1128,-103.1997
Lovington,NM,32.9512,-103.3488
Mcdonald,NM,33.1407,-103.3174
Maljamar,NM,32.8562,-103.7627
Monument,NM,32.5874,-103.2703
Tatum,NM,33.26,-103.314
Carrizozo,NM,33.6496,-105.8696
Alto,NM,33.4314,-105.6776
Capitan,NM,33.5602,-105.5269
Corona,NM,34.1693,-105.5339
Fort Stanton,NM,33.4959,-105.523
Glencoe,NM,33.3898,-105.4391
Hondo,NM,33.3876,-105.2708
Lincoln,NM,33.4869,-105.382
Nogal,NM,33.4996,-105.7036
Picacho,NM,33.3518,-105.145
Ruidoso,NM,33.33895,-105.67215
Ruidoso Downs,NM,33.3577,-105.5383
San Patricio,NM,33.3877,-105.3498
Tinnie,NM,33.3706,-105.2264
Los Alamos,NM,35.8651,-106.28145
White Rock,NM,35.8275,-106.2039
Columbus,NM,31.8276,-107.64
Deming,NM,32.2358,-107.7435
Prewitt,NM,35.3547,-108.1038
Gallup,NM,35.494833,-108.7515
Brimhall,NM,35.8005,-108.5815
Church Rock,NM,35.5339,-108.5998
Continental Divide,NM,35.4226,-108.323
Crownpoint,NM,35.7206,-108.0271
Fort Wingate,NM,35.5191,-108.4864
Gamerco,NM,35.5763,-108.7626
Mentmore,NM,35.5042,-108.8317
Mexican Springs,NM,35.7837,-108.819
Ramah,NM,35.1324,-108.492
Rehoboth,NM,35.5289,-108.6548
Thoreau,NM,35.3976,-108.1604
Tohatchi,NM,36.0021,-108.6229
Vanderwagen,NM,35.3509,-108.6985
Zuni,NM,35.0684,-108.8336
Navajo,NM,35.8942,-109.0226
Jamestown,NM,35.4809,-108.1767
Smith Lake,NM,35.4809,-108.1767
Yatahey,NM,35.4809,-108.1767
Buena Vista,NM,35.9136,-105.2492
Chacon,NM,36.1388,-105.3854
Cleveland,NM,35.9898,-105.4326
Guadalupita,NM,36.1375,-105.2386
Holman,NM,36.0384,-105.3836
Mora,NM,35.9742,-105.33
Ocate,NM,36.1037,-105.066
Ojo Feliz,NM,36.0578,-105.1183
Rainsville,NM,35.9786,-105.2092
Valmora,NM,35.8164,-104.9231
Wagon Mound,NM,35.9814,-104.691
Watrous,NM,35.7906,-104.9817
Chaparral,NM,32.2239,-106.2631
Alamogordo,NM,32.89635,-105.9544
Bent,NM,33.148,-105.8635
Cloudcroft,NM,32.8897,-105.6744
High Rolls Mountain Park,NM,32.9396,-105.8189
Holloman Air Force Base,NM,32.8366,-106.0774
La Luz,NM,32.9774,-105.9534
Mayhill,NM,32.907,-105.5181
Mescalero,NM,33.2164,-105.7743
Orogrande,NM,32.3712,-106.0844
Pinon,NM,32.6396,-105.4157
Sacramento,NM,32.8052,-105.6211
Sunspot,NM,32.8672,-105.7811
Timberon,NM,32.6295,-105.6945
Tularosa,NM,33.065,-106.0108
Weed,NM,32.8052,-105.5063
House,NM,34.6952,-103.9203
Tucumcari,NM,35.168,-103.7179
Bard,NM,35.1303,-103.1605
Logan,NM,35.3681,-103.4383
Mcalister,NM,34.6923,-103.7764
Nara Visa,NM,35.618,-103.1317
Quay,NM,34.9167,-103.7782
San Jon,NM,35.1198,-103.2846
Coyote,NM,36.1018,-106.6692
Gallina,NM,36.3202,-106.7687
Lindrith,NM,36.3249,-107.0495
Youngsville,NM,36.1875,-106.5564
Abiquiu,NM,36.1769,-106.2449
Alcalde,NM,36.0889,-106.0536
Canjilon,NM,36.4795,-106.4378
Canones,NM,36.1814,-106.4376
Cebolla,NM,36.4654,-106.5785
Chama,NM,36.8962,-106.5829
Chimayo,NM,36.0039,-105.947
Cordova,NM,36.0072,-105.8606
Dixon,NM,36.179,-105.8615
Dulce,NM,36.8598,-107.0602
El Rito,NM,36.3647,-106.2192
Embudo,NM,36.2153,-105.8901
Espanola,NM,35.9869,-106.06855
Hernandez,NM,36.0738,-106.1396
La Madera,NM,36.4654,-106.5785
Medanales,NM,36.1756,-106.1834
Los Ojos,NM,36.7292,-106.57
Petaca,NM,36.5084,-106.0106
Ohkay Owingeh,NM,36.0508,-106.069
Tierra Amarilla,NM,36.6805,-106.557
Truchas,NM,36.0444,-105.8129
Vallecitos,NM,36.5286,-106.1448
Velarde,NM,36.1589,-105.9747
Causey,NM,33.7781,-103.0865
Dora,NM,33.9387,-103.3366
Elida,NM,33.9405,-103.6323
Floyd,NM,34.252,-103.5827
Kenna,NM,33.8423,-103.7719
Lingo,NM,33.7176,-103.1451
Milnesand,NM,33.605,-103.2782
Pep,NM,33.8362,-103.3355
Portales,NM,34.1799,-103.3363
Rogers,NM,33.9216,-103.1898
Algodones,NM,35.389,-106.3517
Bernalillo,NM,35.3285,-106.5309
Cuba,NM,36.0482,-107.1885
Counselor,NM,36.2092,-107.4578
Jemez Pueblo,NM,35.6243,-106.7219
Jemez Springs,NM,35.8927,-106.7714
La Jara,NM,36.1194,-106.9923
Pena Blanca,NM,35.5709,-106.3381
Placitas,NM,35.3092,-106.5293
Ponderosa,NM,35.66,-106.6675
Regina,NM,36.1842,-106.9567
Corrales,NM,35.2339,-106.62
Santo Domingo Pueblo,NM,35.5269,-106.3445
San Ysidro,NM,35.5634,-106.7706
Cochiti Pueblo,NM,35.6089,-106.3518
Cochiti Lake,NM,35.6485,-106.3428
Nageezi,NM,36.1598,-107.7664
Sheep Springs,NM,36.142,-108.7064
Farmington,NM,36.7614,-108.132233
Aztec,NM,36.8205,-108.011
Blanco,NM,36.7242,-107.8253
Bloomfield,NM,36.6955,-107.9784
Flora Vista,NM,36.8028,-108.0827
Fruitland,NM,36.6933,-108.4218
Kirtland,NM,36.741,-108.351
La Plata,NM,36.9576,-108.1792
Navajo Dam,NM,36.8689,-107.6528
Shiprock,NM,36.656,-108.7355
Waterflow,NM,36.7637,-108.5186
Newcomb,NM,36.2847,-108.7059
Sanostee,NM,36.4247,-108.8743
Ilfeld,NM,35.4212,-105.5589
Pecos,NM,35.571,-105.6701
Ribera,NM,35.3344,-105.4652
Rowe,NM,35.4917,-105.6753
San Jose,NM,35.4569,-105.4383
Serafina,NM,35.3975,-105.3236
Tererro,NM,35.7727,-105.6713
Villanueva,NM,35.2667,-105.3608
Las Vegas,NM,35.5949,-105.2272
Montezuma,NM,35.6523,-105.2764
Rociada,NM,35.8226,-105.3147
Sapello,NM,35.762,-105.1077
Conchas Dam,NM,35.3786,-104.2052
Garita,NM,35.3502,-104.4419
Trementina,NM,35.4563,-104.6796
Cerrillos,NM,35.423,-106.1317
Edgewood,NM,35.0776,-106.1872
Stanley,NM,35.1295,-106.0283
Santa Fe,NM,35.632155,-105.958136
Glorieta,NM,35.5288,-105.7477
Lamy,NM,35.4311,-105.9409
Santa Cruz,NM,35.986,-106.0318
Tesuque,NM,35.7874,-105.9157
Spaceport City,NM,32.9903,-106.9697
Truth Or Consequences,NM,33.1606,-107.2669
Arrey,NM,32.8487,-107.3192
Caballo,NM,32.9641,-107.4102
Derry,NM,32.7881,-107.2822
Elephant Butte,NM,33.209,-107.2212
Monticello,NM,33.397,-107.4509
Williamsburg,NM,33.1171,-107.2915
Winston,NM,33.3061,-107.6675
Hillsboro,NM,32.9239,-107.6276
Claunch,NM,34.0646,-105.9496
La Joya,NM,34.3813,-106.815
Veguita,NM,34.485,-106.7591
Socorro,NM,34.0479,-106.8907
Lemitar,NM,34.156,-106.9044
Magdalena,NM,34.1114,-107.2409
Polvadera,NM,34.2059,-106.9167
San Acacia,NM,34.2283,-106.9049
San Antonio,NM,33.819,-106.8285
Amalia,NM,36.942,-105.4545
Arroyo Hondo,NM,36.5796,-105.6873
Arroyo Seco,NM,36.52,-105.534
Carson,NM,36.3645,-105.7653
Cerro,NM,36.7539,-105.6128
Chamisal,NM,36.1311,-105.7385
Costilla,NM,36.9324,-105.6723
Taos Ski Valley,NM,36.596,-105.4545
El Prado,NM,36.4317,-105.5747
Llano,NM,36.14,-105.6817
Ojo Caliente,NM,36.3313,-106.0028
Penasco,NM,36.1763,-105.7105
Questa,NM,36.7039,-105.595
Ranchos De Taos,NM,36.3357,-105.6086
Red River,NM,36.6659,-105.4694
San Cristobal,NM,36.6116,-105.636
Taos,NM,36.3953,-105.5847
Trampas,NM,36.1311,-105.7589
Tres Piedras,NM,36.647,-105.9672
Vadito,NM,36.1338,-105.5712
Valdez,NM,36.5701,-105.5658
Cedarvale,NM,34.3706,-105.702
Estancia,NM,34.77,-106.135
Mcintosh,NM,34.8648,-106.0517
Moriarty,NM,34.9889,-106.0609
Mountainair,NM,34.5158,-106.2577
Torreon,NM,34.6948,-106.3247
Willard,NM,34.5754,-106.0307
Clines Corners,NM,35.0095,-105.6692
Encino,NM,34.615,-105.4839
Amistad,NM,35.8983,-103.213
Capulin,NM,36.7785,-103.9986
Clayton,NM,36.4414,-103.1888
Des Moines,NM,36.7291,-103.8739
Folsom,NM,36.869,-103.8399
Gladstone,NM,36.3048,-103.973
Grenville,NM,36.3698,-103.5055
Sedan,NM,36.226,-103.1449
Belen,NM,34.6511,-106.6952
Bosque,NM,34.4996,-106.8038
Jarales,NM,34.592,-106.7611
Los Lunas,NM,34.7806,-106.7115
Pueblo Of Acoma,NM,34.8964,-107.5817
Peralta,NM,34.8332,-106.6872
Tome,NM,34.7426,-106.7328
Bosque Farms,NM,34.8764,-106.6975
Fallon,NV,39.472433,-118.7803
The Lakes,NV,36.1418,-114.976333
Henderson,NV,35.99695,-115.020883
Blue Diamond,NV,36.0464,-115.4039
Boulder City,NV,35.9503,-114.90325
Bunkerville,NV,36.7684,-114.1281
Indian Springs,NV,36.5697,-115.6706
Jean,NV,35.75785,-115.4322
Logandale,NV,36.5935,-114.4683
Mesquite,NV,36.810133,-114.084933
Moapa,NV,36.67535,-114.6585
Laughlin,NV,35.14625,-114.6916
North Las Vegas,NV,36.25226,-115.14526
Coyote Springs,NV,36.1579,-114.934
Cal Nev Ari,NV,35.2522,-114.8714
Overton,NV,36.5703,-114.4732
Searchlight,NV,35.5132,-114.8866
Sloan,NV,35.935,-115.2058
Las Vegas,NV,36.160013,-115.187527
Nellis Afb,NV,36.2395,-115.0257
Gardnerville,NV,38.89345,-119.66935
Genoa,NV,39.0341,-119.8228
Glenbrook,NV,39.0509,-119.9428
Minden,NV,39.0218,-119.7314
Zephyr Cove,NV,39.0204,-119.9114
Stateline,NV,38.9643,-119.9068
Carson City,NV,39.15535,-119.77234
Elko,NV,40.8568,-115.686867
Spring Creek,NV,40.7519,-115.5956
Carlin,NV,40.7172,-116.1082
Deeth,NV,41.0655,-115.2748
Jackpot,NV,41.8882,-114.7233
Jarbidge,NV,41.8873,-115.3813
Lamoille,NV,40.7505,-115.3631
Montello,NV,41.2613,-114.1942
Mountain City,NV,41.8385,-115.9654
Owyhee,NV,41.9477,-116.0987
Ruby Valley,NV,40.3995,-115.2312
Tuscarora,NV,41.3141,-116.2218
Wells,NV,41.1116,-114.9645
West Wendover,NV,40.7391,-114.0733
Dyer,NV,37.7776,-118.084
Goldfield,NV,37.7085,-117.2356
Silverpeak,NV,37.7225,-117.7965
Eureka,NV,39.5897,-115.9943
Crescent Valley,NV,40.4138,-116.5813
Denio,NV,41.9899,-118.6343
Golconda,NV,40.9532,-117.4893
Mc Dermitt,NV,41.9708,-117.6737
Orovada,NV,41.6654,-117.9083
Paradise Valley,NV,41.5057,-117.5728
Valmy,NV,40.7927,-117.1268
Winnemucca,NV,41.0214,-117.75345
Austin,NV,39.508,-117.0811
Battle Mountain,NV,40.622,-116.9554
Alamo,NV,37.3259,-115.308
Caliente,NV,37.6128,-114.5097
Hiko,NV,37.5926,-115.2262
Panaca,NV,37.7905,-114.3894
Pioche,NV,37.8981,-114.3968
Dayton,NV,39.2806,-119.5287
Fernley,NV,39.6019,-119.235
Silver City,NV,39.2652,-119.6388
Silver Springs,NV,39.38,-119.2705
Smith,NV,38.7733,-119.3029
Wellington,NV,38.8447,-119.3523
Yerington,NV,38.9866,-119.1596
Hawthorne,NV,38.5347,-118.6411
Luning,NV,38.5063,-118.1815
Mina,NV,38.387,-118.1096
Schurz,NV,38.9575,-118.7756
Beatty,NV,36.8199,-116.6094
Amargosa Valley,NV,36.539,-116.5496
Manhattan,NV,38.5388,-117.0734
Mercury,NV,36.6605,-115.9945
Pahrump,NV,36.189325,-115.991925
Round Mountain,NV,38.711,-117.0676
Tonopah,NV,38.0672,-117.2301
Gabbs,NV,38.8688,-117.9221
Imlay,NV,40.5484,-118.0344
Lovelock,NV,40.1819,-118.4689
Virginia City,NV,39.2965,-119.6587
Crystal Bay,NV,39.226,-120.0041
Empire,NV,40.6132,-119.3485
Gerlach,NV,40.6525,-119.3565
Nixon,NV,39.8272,-119.3605
Sparks,NV,39.582757,-119.7272
Sun Valley,NV,39.5955,-119.7754
Verdi,NV,39.5165,-119.9833
Wadsworth,NV,39.6481,-119.2918
Incline Village,NV,39.2573,-119.9517
Reno,NV,39.53615,-119.814625
Washoe Valley,NV,39.2669,-119.8174
Ely,NV,39.29,-114.85655
Baker,NV,38.9559,-114.2438
Duckwater,NV,38.9324,-115.7145
Lund,NV,38.8641,-115.0069
Mc Gill,NV,39.4034,-114.7791
Ruth,NV,39.2783,-114.9892
Alcove,NY,42.4561,-73.9277
Altamont,NY,42.7063,-74.0193
Berne,NY,42.6108,-74.1466
Clarksville,NY,42.5759,-73.964
Coeymans,NY,42.4757,-73.7977
Coeymans Hollow,NY,42.4865,-73.9206
Cohoes,NY,42.7754,-73.7124
Delmar,NY,42.6158,-73.8373
Dormansville,NY,42.6149,-73.9708
East Berne,NY,42.6191,-74.0555
Feura Bush,NY,42.555,-73.9237
Glenmont,NY,42.5971,-73.7959
Guilderland,NY,42.6973,-73.8975
Guilderland Center,NY,42.702,-73.9662
Knox,NY,42.66,-74.1168
Latham,NY,42.7462,-73.763
Medusa,NY,42.4515,-74.1315
Newtonville,NY,42.725,-73.7643
Ravena,NY,42.4754,-73.822
Rensselaerville,NY,42.5133,-74.1474
Selkirk,NY,42.5486,-73.8129
Slingerlands,NY,42.6485,-73.8711
South Bethlehem,NY,42.5317,-73.8473
Troy,NY,42.749075,-73.675325
Voorheesville,NY,42.6431,-73.9448
Watervliet,NY,42.7298,-73.7123
Westerlo,NY,42.5156,-74.0394
Albany,NY,42.658598,-73.763798
Preston Hollow,NY,42.4563,-74.242
Centerville,NY,42.4743,-78.2474
Allentown,NY,42.0737,-78.0594
Alma,NY,42.0126,-78.0578
Angelica,NY,42.3263,-77.9947
Belfast,NY,42.32,-78.0943
Black Creek,NY,42.2855,-78.2312
Bolivar,NY,42.0704,-78.1448
Caneadea,NY,42.364,-78.184
Ceres,NY,42.0137,-78.2648
Cuba,NY,42.1882,-78.2751
Fillmore,NY,42.4508,-78.1043
Friendship,NY,42.1907,-78.1359
Houghton,NY,42.4228,-78.2063
Hume,NY,42.4777,-78.1403
Little Genesee,NY,42.0319,-78.2097
Richburg,NY,42.0884,-78.1533
Rushford,NY,42.3923,-78.2536
West Clarksville,NY,42.1227,-78.2213
Alfred,NY,42.2534,-77.7893
Alfred Station,NY,42.2558,-77.7781
Almond,NY,42.316,-77.778
Andover,NY,42.1575,-77.792
Belmont,NY,42.2334,-78.011
Canaseraga,NY,42.4585,-77.7954
Scio,NY,42.1697,-77.99
Swain,NY,42.4773,-77.889
Wellsville,NY,42.1108,-77.9419
Whitesville,NY,42.0456,-77.8106
Bronx,NY,40.848988,-73.878148
Bible School Park,NY,42.0805,-76.0973
Castle Creek,NY,42.2568,-75.9087
Chenango Bridge,NY,42.1738,-75.8728
Chenango Forks,NY,42.2778,-75.8462
Conklin,NY,42.0454,-75.8076
Corbettsville,NY,42.0156,-75.7905
Deposit,NY,42.0666,-75.4287
Endicott,NY,42.1158,-76.0513
Endwell,NY,42.1129,-76.021
Glen Aubrey,NY,42.2573,-75.9805
Harpursville,NY,42.1823,-75.6545
Johnson City,NY,42.1267,-75.9685
Killawog,NY,42.4006,-76.0208
Kirkwood,NY,42.0695,-75.7967
Lisle,NY,42.3409,-76.0302
Maine,NY,42.2538,-76.0464
Nineveh,NY,42.1625,-75.5484
Ouaquaga,NY,42.1262,-75.6471
Port Crane,NY,42.1958,-75.7591
Tunnel,NY,42.2147,-75.7277
Vestal,NY,42.0811,-76.0328
Whitney Point,NY,42.3384,-75.9522
Windsor,NY,42.0759,-75.6405
Binghamton,NY,42.113,-75.8936
Dayton,NY,42.4086,-78.9844
Delevan,NY,42.4926,-78.4793
Farmersville Station,NY,42.4276,-78.3608
Freedom,NY,42.4897,-78.3501
Gowanda,NY,42.4712,-78.9339
Machias,NY,42.4083,-78.5059
Perrysburg,NY,42.4723,-78.9981
Sandusky,NY,42.4891,-78.367
South Dayton,NY,42.3718,-79.0501
Versailles,NY,42.5189,-78.9959
West Valley,NY,42.4315,-78.628
Yorkshire,NY,42.5247,-78.4755
Allegany,NY,42.0918,-78.4999
Cattaraugus,NY,42.3333,-78.8885
Conewango Valley,NY,42.2625,-79.022
East Otto,NY,42.3971,-78.7432
East Randolph,NY,42.1747,-78.9473
Ellicottville,NY,42.2959,-78.6606
Franklinville,NY,42.3388,-78.44
Great Valley,NY,42.2083,-78.6208
Hinsdale,NY,42.1979,-78.4159
Kill Buck,NY,42.145,-78.6466
Leon,NY,42.2983,-79.0062
Limestone,NY,42.0639,-78.632
Little Valley,NY,42.2541,-78.8093
Olean,NY,42.0821,-78.426
Otto,NY,42.3575,-78.8073
Portville,NY,42.0273,-78.3314
Randolph,NY,42.1631,-78.96
Saint Bonaventure,NY,42.0803,-78.475
Salamanca,NY,42.1604,-78.7304
Steamburg,NY,42.082,-78.9177
Westons Mills,NY,42.0621,-78.378
Auburn,NY,42.931133,-76.564933
Aurora,NY,42.7472,-76.6775
Cato,NY,43.1794,-76.5648
Cayuga,NY,42.9142,-76.7024
Genoa,NY,42.6746,-76.5418
King Ferry,NY,42.6635,-76.6216
Locke,NY,42.6558,-76.4154
Martville,NY,43.2661,-76.6289
Meridian,NY,43.1656,-76.5369
Montezuma,NY,43.0101,-76.7033
Moravia,NY,42.7355,-76.399
Poplar Ridge,NY,42.7421,-76.6285
Port Byron,NY,43.0427,-76.6449
Scipio Center,NY,42.7708,-76.5862
Sterling,NY,43.3296,-76.6747
Union Springs,NY,42.8335,-76.674
Weedsport,NY,43.0489,-76.5425
Dunkirk,NY,42.4877,-79.3283
Forestville,NY,42.4482,-79.1607
Fredonia,NY,42.4333,-79.3339
Irving,NY,42.5739,-79.0596
Sheridan,NY,42.489,-79.239
Silver Creek,NY,42.5357,-79.1628
Van Buren Point,NY,42.4511,-79.4154
Jamestown,NY,42.0949,-79.23965
Ashville,NY,42.1084,-79.4056
Bemus Point,NY,42.1513,-79.3581
Brocton,NY,42.394,-79.4344
Cassadaga,NY,42.3504,-79.2993
Celoron,NY,42.1095,-79.2831
Chautauqua,NY,42.2098,-79.4667
Cherry Creek,NY,42.3127,-79.1203
Clymer,NY,42.0557,-79.6685
Dewittville,NY,42.2394,-79.4193
Ellington,NY,42.2291,-79.1135
Falconer,NY,42.1239,-79.1895
Findley Lake,NY,42.1204,-79.7349
Frewsburg,NY,42.0528,-79.1318
Gerry,NY,42.2147,-79.1649
Greenhurst,NY,42.1205,-79.3096
Kennedy,NY,42.1508,-79.0964
Lakewood,NY,42.0973,-79.3291
Lily Dale,NY,42.3524,-79.3235
Maple Springs,NY,42.1967,-79.4239
Mayville,NY,42.2409,-79.4963
Niobe,NY,42.0126,-79.4495
Panama,NY,42.057,-79.4815
Portland,NY,42.3858,-79.4589
Ripley,NY,42.2482,-79.7121
Sherman,NY,42.1631,-79.5857
Sinclairville,NY,42.2455,-79.2673
Stockton,NY,42.3182,-79.3758
Stow,NY,42.1557,-79.4122
Westfield,NY,42.322,-79.5726
Big Flats,NY,42.1455,-76.9527
Breesport,NY,42.1939,-76.7361
Chemung,NY,42.0392,-76.6202
Erin,NY,42.1859,-76.6819
Horseheads,NY,42.1805,-76.8345
Lowman,NY,42.0694,-76.693
Millport,NY,42.2581,-76.8392
Pine City,NY,42.0419,-76.8815
Pine Valley,NY,42.2348,-76.8652
Van Etten,NY,42.2085,-76.5717
Wellsburg,NY,42.0273,-76.7723
Elmira,NY,42.10554,-76.8188
North Pitcher,NY,42.6372,-75.8164
Pitcher,NY,42.5969,-75.8465
South Otselic,NY,42.6626,-75.7669
Earlville,NY,42.7197,-75.5589
New Berlin,NY,42.6224,-75.3474
Sherburne,NY,42.6859,-75.483
Smyrna,NY,42.6896,-75.6121
Afton,NY,42.2417,-75.5366
Bainbridge,NY,42.312,-75.4894
East Pharsalia,NY,42.5835,-75.7219
Greene,NY,42.3401,-75.7342
Guilford,NY,42.4269,-75.4823
Mc Donough,NY,42.5068,-75.7623
Mount Upton,NY,42.4081,-75.4003
North Norwich,NY,42.6036,-75.5282
Norwich,NY,42.5414,-75.5274
Oxford,NY,42.4379,-75.5673
Plymouth,NY,42.6336,-75.6172
Smithville Flats,NY,42.3989,-75.8237
South New Berlin,NY,42.5295,-75.3852
South Plymouth,NY,42.6053,-75.633
Plattsburgh,NY,44.68905,-73.4567
Altona,NY,44.8816,-73.6408
Keeseville,NY,44.4942,-73.512967
Au Sable Forks,NY,44.4499,-73.6857
Cadyville,NY,44.6862,-73.6702
Champlain,NY,44.9773,-73.4466
Chazy,NY,44.8884,-73.4501
Churubusco,NY,44.9432,-73.9355
Dannemora,NY,44.72,-73.7192
Ellenburg,NY,44.8939,-73.8365
Ellenburg Center,NY,44.8444,-73.8685
Ellenburg Depot,NY,44.9163,-73.7876
Lyon Mountain,NY,44.7649,-73.94625
Mooers,NY,44.9592,-73.5834
Mooers Forks,NY,44.9602,-73.673
Morrisonville,NY,44.6894,-73.5772
Peru,NY,44.5851,-73.5293
Redford,NY,44.6164,-73.8087
Rouses Point,NY,44.9884,-73.3691
Saranac,NY,44.7032,-73.7481
Schuyler Falls,NY,44.6287,-73.5579
West Chazy,NY,44.797,-73.5112
Austerlitz,NY,42.3223,-73.455
Canaan,NY,42.4132,-73.4159
Chatham,NY,42.3496,-73.5873
Columbiaville,NY,42.3172,-73.7486
East Chatham,NY,42.433,-73.4903
Ghent,NY,42.3036,-73.6486
Kinderhook,NY,42.3767,-73.7183
Malden Bridge,NY,42.4725,-73.5807
New Lebanon,NY,42.4759,-73.3773
Niverville,NY,42.44,-73.6663
North Chatham,NY,42.4705,-73.63
Old Chatham,NY,42.4357,-73.5545
Spencertown,NY,42.3091,-73.5008
Stottville,NY,42.2857,-73.7335
Stuyvesant,NY,42.3596,-73.7613
Stuyvesant Falls,NY,42.344,-73.7348
Valatie,NY,42.4321,-73.6683
West Lebanon,NY,42.4862,-73.4662
Ancram,NY,42.0851,-73.6424
Ancramdale,NY,42.0381,-73.5819
Claverack,NY,42.2251,-73.7346
Copake,NY,42.1113,-73.5526
Copake Falls,NY,42.1367,-73.5108
Craryville,NY,42.176,-73.6571
Elizaville,NY,42.0902,-73.7818
Germantown,NY,42.1219,-73.8625
Hillsdale,NY,42.1868,-73.5483
Hollowville,NY,42.2054,-73.6912
Hudson,NY,42.247,-73.7552
Livingston,NY,42.1421,-73.7574
Mellenville,NY,42.2596,-73.668
Philmont,NY,42.2485,-73.6463
Cincinnatus,NY,42.5385,-75.903
Cortland,NY,42.5952,-76.1857
East Homer,NY,42.6772,-76.1052
Homer,NY,42.6726,-76.1878
Little York,NY,42.707,-76.1561
Mc Graw,NY,42.5948,-76.082
Preble,NY,42.795,-76.2141
Truxton,NY,42.7085,-76.0189
Blodgett Mills,NY,42.5673,-76.1238
Harford,NY,42.4262,-76.2266
Marathon,NY,42.4527,-76.0395
Willet,NY,42.452,-75.9014
Stamford,NY,42.4174,-74.6098
Arkville,NY,42.1417,-74.5721
Denver,NY,42.2522,-74.5407
Fleischmanns,NY,42.1772,-74.5473
Grand Gorge,NY,42.362,-74.494
Halcottsville,NY,42.2079,-74.6012
Margaretville,NY,42.1852,-74.6178
New Kingston,NY,42.2094,-74.6837
Roxbury,NY,42.2957,-74.5631
Andes,NY,42.1569,-74.7887
Bloomville,NY,42.3522,-74.8071
Bovina Center,NY,42.2709,-74.7661
Davenport,NY,42.4711,-74.8357
Davenport Center,NY,42.4508,-74.9013
Delancey,NY,42.2884,-75.1051
Delhi,NY,42.2937,-74.9207
Downsville,NY,42.0716,-75.0152
East Branch,NY,42.0039,-75.1226
East Meredith,NY,42.4101,-74.8987
Fishs Eddy,NY,41.9654,-75.1594
Franklin,NY,42.3421,-75.1485
Hamden,NY,42.1787,-74.9984
Hancock,NY,41.9914,-75.2647
Harpersfield,NY,42.4499,-74.6871
Hobart,NY,42.3594,-74.6759
Masonville,NY,42.2102,-75.3739
Meridale,NY,42.3734,-74.965
Sidney,NY,42.3074,-75.3908
Sidney Center,NY,42.2441,-75.2871
South Kortright,NY,42.377,-74.7259
Treadwell,NY,42.363,-75.0588
Trout Creek,NY,42.2037,-75.2793
Walton,NY,42.1756,-75.1532
West Davenport,NY,42.4459,-74.9632
Amenia,NY,41.8447,-73.5542
Annandale On Hudson,NY,42.0129,-73.9082
Bangall,NY,41.8756,-73.6912
Barrytown,NY,42.0005,-73.9199
Beacon,NY,41.5097,-73.9634
Billings,NY,41.6712,-73.7632
Castle Point,NY,41.5462,-73.9596
Chelsea,NY,41.5528,-73.9682
Clinton Corners,NY,41.8693,-73.7659
Dover Plains,NY,41.7351,-73.587
Fishkill,NY,41.5404,-73.8979
Glenham,NY,41.5202,-73.9333
Holmes,NY,41.5325,-73.6628
Hopewell Junction,NY,41.5603,-73.7939
Hughsonville,NY,41.5824,-73.9363
Hyde Park,NY,41.7887,-73.9063
Lagrangeville,NY,41.6615,-73.745
Millbrook,NY,41.7803,-73.6885
Millerton,NY,41.9536,-73.5287
Pawling,NY,41.5749,-73.5948
Pine Plains,NY,41.9896,-73.6602
Pleasant Valley,NY,41.747,-73.8143
Poughquag,NY,41.6194,-73.6783
Red Hook,NY,42.0064,-73.8546
Rhinebeck,NY,41.9272,-73.8888
Rhinecliff,NY,41.9151,-73.9517
Salt Point,NY,41.805,-73.8013
Staatsburg,NY,41.8502,-73.8988
Stanfordville,NY,41.8877,-73.6945
Stormville,NY,41.5512,-73.7255
Tivoli,NY,42.0579,-73.9025
Verbank,NY,41.7227,-73.7184
Wappingers Falls,NY,41.595,-73.8876
Wassaic,NY,41.7759,-73.5544
Wingdale,NY,41.6538,-73.5556
Poughkeepsie,NY,41.7285,-73.8153
Akron,NY,43.0249,-78.5084
Alden,NY,42.8984,-78.5257
Angola,NY,42.6366,-79.0497
Athol Springs,NY,42.7684,-78.8871
Boston,NY,42.6314,-78.7391
Bowmansville,NY,42.941,-78.688
Brant,NY,42.5707,-79.0308
Chaffee,NY,42.5605,-78.5025
Clarence,NY,42.981,-78.6162
Clarence Center,NY,43.0362,-78.639
Colden,NY,42.6551,-78.6921
Collins,NY,42.5001,-78.893
Collins Center,NY,42.4906,-78.8499
Crittenden,NY,42.9473,-78.4744
Depew,NY,42.905,-78.7041
Derby,NY,42.6974,-78.9834
East Amherst,NY,43.0429,-78.6988
East Aurora,NY,42.7701,-78.602
East Concord,NY,42.5466,-78.611
Eden,NY,42.6506,-78.8781
Elma,NY,42.834,-78.6343
Farnham,NY,42.5946,-79.084
Getzville,NY,43.024,-78.7532
Glenwood,NY,42.6001,-78.6386
Grand Island,NY,43.0183,-78.9591
Hamburg,NY,42.7334,-78.8389
Holland,NY,42.6396,-78.5439
Lake View,NY,42.7215,-78.9327
Lancaster,NY,42.9017,-78.6631
Lawtons,NY,42.5404,-78.9212
Marilla,NY,42.8332,-78.5587
North Boston,NY,42.6856,-78.7767
North Collins,NY,42.5896,-78.9107
North Evans,NY,42.697,-78.9414
Orchard Park,NY,42.7639,-78.7518
Sardinia,NY,42.5323,-78.5172
South Wales,NY,42.7063,-78.5452
Spring Brook,NY,42.8072,-78.6676
Springville,NY,42.52,-78.6847
Tonawanda,NY,43.01155,-78.8675
Wales Center,NY,42.7684,-78.53
West Falls,NY,42.7053,-78.6779
Buffalo,NY,42.869418,-78.845336
Minerva,NY,43.7811,-73.9835
Newcomb,NY,43.95785,-74.14805
North Hudson,NY,43.9869,-73.7121
Olmstedville,NY,43.7799,-73.9335
Paradox,NY,43.8914,-73.645
Schroon Lake,NY,43.8412,-73.7674
Severance,NY,43.8759,-73.7304
Ticonderoga,NY,43.8463,-73.4426
Bloomingdale,NY,44.3985,-74.0829
Crown Point,NY,43.9526,-73.4665
Elizabethtown,NY,44.2245,-73.6011
Essex,NY,44.2807,-73.3731
Jay,NY,44.3734,-73.7247
Keene,NY,44.2555,-73.7915
Keene Valley,NY,44.2024,-73.7731
Lake Placid,NY,44.2796,-73.982
Lewis,NY,44.3075,-73.5491
Mineville,NY,44.0876,-73.5236
Moriah,NY,44.0438,-73.5079
Moriah Center,NY,44.0612,-73.5098
New Russia,NY,44.1595,-73.6059
Port Henry,NY,44.0465,-73.4705
Port Kent,NY,44.5264,-73.4092
Ray Brook,NY,44.2802,-74.0795
Upper Jay,NY,44.3364,-73.7757
Westport,NY,44.205,-73.4702
Willsboro,NY,44.3604,-73.3963
Wilmington,NY,44.3755,-73.8431
Witherbee,NY,44.0827,-73.5306
Bombay,NY,44.9479,-74.5947
Brainardsville,NY,44.8578,-74.0335
Brushton,NY,44.8282,-74.5223
Burke,NY,44.9177,-74.1731
Chateaugay,NY,44.9088,-74.0741
Constable,NY,44.9417,-74.3297
Dickinson Center,NY,44.7233,-74.5523
Fort Covington,NY,44.9731,-74.4929
Gabriels,NY,44.432,-74.181
Lake Clear,NY,44.3375,-74.2381
Malone,NY,44.8482,-74.2928
Moira,NY,44.8504,-74.5603
North Bangor,NY,44.8532,-74.4191
Owls Head,NY,44.7308,-74.1342
Paul Smiths,NY,44.445,-74.2664
Rainbow Lake,NY,44.467,-74.1729
Saint Regis Falls,NY,44.6578,-74.5155
Saranac Lake,NY,44.3243,-74.133
Tupper Lake,NY,44.232,-74.4905
Vermontville,NY,44.4601,-74.0573
Whippleville,NY,44.8057,-74.2523
Hogansburg,NY,44.9825,-74.6626
Broadalbin,NY,43.0727,-74.1684
Caroga Lake,NY,43.1922,-74.5169
Gloversville,NY,43.0616,-74.3375
Johnstown,NY,43.0069,-74.3715
Mayfield,NY,43.1411,-74.2444
Northville,NY,43.2662,-74.2288
Stratford,NY,43.1791,-74.6768
Alexander,NY,42.9159,-78.2589
Basom,NY,43.0807,-78.3951
Batavia,NY,42.9992,-78.18885
Corfu,NY,42.9777,-78.3929
Darien Center,NY,42.8948,-78.3878
East Bethany,NY,42.9166,-78.1342
East Pembroke,NY,42.9912,-78.3122
Elba,NY,43.0897,-78.1704
Oakfield,NY,43.0717,-78.2702
Stafford,NY,42.9829,-78.0898
Bergen,NY,43.0869,-77.9603
Byron,NY,43.0738,-78.0629
Le Roy,NY,42.9774,-77.9851
Linwood,NY,42.8943,-77.9216
Pavilion,NY,42.9102,-78.0269
South Byron,NY,43.0416,-78.0573
Athens,NY,42.2736,-73.8152
Climax,NY,42.3659,-73.851
Coxsackie,NY,42.3501,-73.8199
Earlton,NY,42.3527,-73.9062
Greenville,NY,42.4113,-74.0222
Hannacroix,NY,42.429,-73.8093
New Baltimore,NY,42.4442,-73.7882
Surprise,NY,42.3851,-73.9587
West Coxsackie,NY,42.4029,-73.8283
Acra,NY,42.3304,-74.0857
Ashland,NY,42.3037,-74.3335
Cairo,NY,42.3096,-74.0115
Catskill,NY,42.2276,-73.8985
Cornwallville,NY,42.3629,-74.1631
Durham,NY,42.402,-74.1849
East Durham,NY,42.386,-74.1117
East Jewett,NY,42.2469,-74.1353
Elka Park,NY,42.1643,-74.1245
Freehold,NY,42.3815,-74.0623
Haines Falls,NY,42.1955,-74.1023
Hensonville,NY,42.2898,-74.2165
Hunter,NY,42.2333,-74.2416
Jewett,NY,42.2694,-74.2793
Lanesville,NY,42.1332,-74.2443
Leeds,NY,42.3045,-73.9457
Lexington,NY,42.2404,-74.3654
Maplecrest,NY,42.2995,-74.1655
Oak Hill,NY,42.4098,-74.1524
Palenville,NY,42.1729,-74.0167
Prattsville,NY,42.2979,-74.3895
Purling,NY,42.2959,-74.0773
Round Top,NY,42.2678,-74.0523
South Cairo,NY,42.2681,-73.9554
Tannersville,NY,42.1956,-74.1338
West Kill,NY,42.2046,-74.362
Windham,NY,42.3175,-74.262
Lake Pleasant,NY,43.6676,-74.4569
Piseco,NY,43.4481,-74.5263
Speculator,NY,43.5042,-74.3667
Wells,NY,43.4012,-74.2886
Blue Mountain Lake,NY,43.8553,-74.4435
Indian Lake,NY,43.7606,-74.2766
Long Lake,NY,43.9477,-74.4662
Sabael,NY,43.7284,-74.3057
Hoffmeister,NY,43.3915,-74.74
Inlet,NY,43.748,-74.7846
Raquette Lake,NY,43.8131,-74.6574
Cold Brook,NY,43.3024,-74.9977
Dolgeville,NY,43.1042,-74.7643
Eagle Bay,NY,43.8167,-74.8862
Frankfort,NY,43.044,-75.1072
Herkimer,NY,43.0307,-74.9876
Ilion,NY,43.0064,-75.0484
Jordanville,NY,42.9148,-74.9515
Little Falls,NY,43.0474,-74.8606
Middleville,NY,43.1369,-74.924
Mohawk,NY,42.99,-74.9853
Newport,NY,43.18,-74.9861
Old Forge,NY,43.7435,-74.8935
Poland,NY,43.2115,-75.0731
Salisbury Center,NY,43.1625,-74.7809
Thendara,NY,43.7001,-75.0018
Van Hornesville,NY,42.8951,-74.8276
West Winfield,NY,42.8826,-75.1835
Watertown,NY,43.9415,-75.90445
Fort Drum,NY,44.0354,-75.754
Adams,NY,43.8062,-76.049
Adams Center,NY,43.8631,-76.0041
Alexandria Bay,NY,44.3359,-75.9177
Antwerp,NY,44.2358,-75.6005
Belleville,NY,43.778,-76.1259
Black River,NY,44.0042,-75.7958
Brownville,NY,44.007,-75.9841
Calcium,NY,44.0265,-75.8499
Cape Vincent,NY,44.1244,-76.3164
Carthage,NY,43.9791,-75.6013
Chaumont,NY,44.0848,-76.1232
Clayton,NY,44.1442,-76.062
Deferiet,NY,44.0356,-75.6838
Depauville,NY,44.1395,-76.0616
Dexter,NY,44.0069,-76.065
Ellisburg,NY,43.7434,-76.1165
Evans Mills,NY,44.0817,-75.8305
Felts Mills,NY,44.0204,-75.7524
Wellesley Island,NY,44.3213,-76.0172
Fishers Landing,NY,44.2752,-76.0049
Great Bend,NY,44.0342,-75.7188
Henderson,NY,43.8467,-76.2352
Henderson Harbor,NY,43.8708,-76.1809
La Fargeville,NY,44.1987,-75.9569
Limerick,NY,44.0292,-76.043
Lorraine,NY,43.7568,-75.9053
Mannsville,NY,43.7179,-76.082
Natural Bridge,NY,44.063,-75.5039
Oxbow,NY,44.2873,-75.623
Philadelphia,NY,44.1589,-75.7099
Pierrepont Manor,NY,43.7334,-76.0543
Plessis,NY,44.2774,-75.8496
Redwood,NY,44.3211,-75.815
Rodman,NY,43.8622,-75.8719
Sackets Harbor,NY,43.9398,-76.105
Theresa,NY,44.2113,-75.8014
Thousand Island Park,NY,44.2898,-76.0262
Three Mile Bay,NY,44.0551,-76.2689
Brooklyn,NY,40.651551,-73.954526
Beaver Falls,NY,43.887,-75.4274
Brantingham,NY,43.6887,-75.2921
Constableville,NY,43.563,-75.4584
Croghan,NY,43.9095,-75.3542
Glenfield,NY,43.7323,-75.3669
Greig,NY,43.6886,-75.3302
Lowville,NY,43.7893,-75.4156
Lyons Falls,NY,43.6262,-75.3553
Martinsburg,NY,43.7376,-75.4696
Port Leyden,NY,43.5802,-75.3263
Turin,NY,43.6441,-75.4132
West Leyden,NY,43.4597,-75.5127
Castorland,NY,43.8843,-75.4604
Copenhagen,NY,43.8801,-75.6839
Deer River,NY,43.9298,-75.5891
Denmark,NY,43.8998,-75.5824
Harrisville,NY,44.1613,-75.3252
Avon,NY,42.903,-77.7274
Caledonia,NY,42.9567,-77.8493
Conesus,NY,42.7216,-77.6747
Dansville,NY,42.57,-77.7109
Geneseo,NY,42.7938,-77.7996
Groveland,NY,42.676,-77.7573
Hemlock,NY,42.78,-77.582
Lakeville,NY,42.8296,-77.7149
Leicester,NY,42.7739,-77.899
Lima,NY,42.9012,-77.6083
Livonia,NY,42.8135,-77.6635
Livonia Center,NY,42.8215,-77.6386
Mount Morris,NY,42.6835,-77.8664
Nunda,NY,42.5867,-77.918
Piffard,NY,42.8435,-77.8962
Retsof,NY,42.8343,-77.8779
Scottsburg,NY,42.6649,-77.701
Sonyea,NY,42.679,-77.8272
South Lima,NY,42.8554,-77.6876
Springwater,NY,42.6776,-77.5775
York,NY,42.8757,-77.8835
Dalton,NY,42.5449,-77.9289
Hunt,NY,42.5388,-77.9818
Canastota,NY,43.0878,-75.7602
Cazenovia,NY,42.938,-75.8392
Chittenango,NY,43.0552,-75.8768
Clockville,NY,43.042,-75.7408
De Ruyter,NY,42.7494,-75.8582
Erieville,NY,42.8562,-75.7543
Georgetown,NY,42.7631,-75.7443
New Woodstock,NY,42.8441,-75.8635
Peterboro,NY,42.9686,-75.6794
Wampsville,NY,43.0753,-75.7069
Bouckville,NY,42.894,-75.5678
Brookfield,NY,42.8128,-75.3177
Eaton,NY,42.8484,-75.6314
Hamilton,NY,42.8231,-75.5434
Hubbardsville,NY,42.8237,-75.4367
Leonardsville,NY,42.8087,-75.2527
Madison,NY,42.8969,-75.5076
Morrisville,NY,42.9108,-75.6487
Munnsville,NY,42.9863,-75.594
North Brookfield,NY,42.8501,-75.3815
Oneida,NY,43.0862,-75.6508
Solsville,NY,42.9106,-75.5177
West Eaton,NY,42.8545,-75.656
Adams Basin,NY,43.1953,-77.8559
Brockport,NY,43.2128,-77.9368
Churchville,NY,43.0749,-77.835
Clarkson,NY,43.2331,-77.9275
East Rochester,NY,43.1128,-77.4906
Fairport,NY,43.0892,-77.436
Hamlin,NY,43.3076,-77.927
Henrietta,NY,43.0483,-77.6122
Hilton,NY,43.2923,-77.7905
Honeoye Falls,NY,42.9695,-77.5781
Mendon,NY,42.9953,-77.5001
Mumford,NY,42.9928,-77.8603
North Chili,NY,43.1186,-77.8005
North Greece,NY,43.2578,-77.7351
Penfield,NY,43.1396,-77.456
Pittsford,NY,43.0695,-77.5141
Rush,NY,42.9966,-77.6665
Scottsville,NY,43.0246,-77.7743
Spencerport,NY,43.1895,-77.8043
Webster,NY,43.2196,-77.4616
West Henrietta,NY,43.0397,-77.6871
Rochester,NY,43.198102,-77.636595
Amsterdam,NY,42.9387,-74.1882
Auriesville,NY,42.9295,-74.3165
Esperance,NY,42.7717,-74.2882
Fonda,NY,42.9571,-74.4021
Fort Hunter,NY,42.9423,-74.2851
Fort Johnson,NY,42.9765,-74.2484
Fultonville,NY,42.9036,-74.3598
Hagaman,NY,42.9695,-74.1556
Sprakers,NY,42.8484,-74.4536
Tribes Hill,NY,42.9554,-74.2851
Canajoharie,NY,42.8671,-74.5956
Fort Plain,NY,42.9372,-74.6433
Nelliston,NY,42.9379,-74.6117
Palatine Bridge,NY,42.9221,-74.5708
Saint Johnsville,NY,43.017,-74.646
Floral Park,NY,40.7348,-73.709633
Elmont,NY,40.6976,-73.7049
Franklin Square,NY,40.701,-73.6758
Great Neck,NY,40.783943,-73.693414
Manhasset,NY,40.7934,-73.6888
New Hyde Park,NY,40.7448,-73.6889
Port Washington,NY,40.768167,-73.617567
Inwood,NY,40.6205,-73.7474
Mineola,NY,40.7469,-73.6398
Albertson,NY,40.7703,-73.6514
Atlantic Beach,NY,40.5887,-73.7255
Baldwin,NY,40.6548,-73.6097
Carle Place,NY,40.7512,-73.6119
Cedarhurst,NY,40.6236,-73.7264
East Rockaway,NY,40.6404,-73.6674
Freeport,NY,40.6536,-73.5866
Garden City,NY,40.726033,-73.6391
Glen Cove,NY,40.865,-73.6277
Glen Head,NY,40.8281,-73.6076
Glenwood Landing,NY,40.8307,-73.6387
Greenvale,NY,40.8125,-73.6261
Hempstead,NY,40.709433,-73.613
West Hempstead,NY,40.6929,-73.6539
Uniondale,NY,40.719067,-73.595567
East Meadow,NY,40.7149,-73.5561
Hewlett,NY,40.6404,-73.6957
Island Park,NY,40.604,-73.6554
Lawrence,NY,40.614,-73.733
Locust Valley,NY,40.8817,-73.5927
Long Beach,NY,40.5877,-73.6595
Lynbrook,NY,40.6571,-73.6741
Malverne,NY,40.675,-73.6731
Merrick,NY,40.6685,-73.5536
Old Westbury,NY,40.7882,-73.5875
Point Lookout,NY,40.5905,-73.5808
Rockville Centre,NY,40.6612,-73.6396
Oceanside,NY,40.6362,-73.6375
Roosevelt,NY,40.6802,-73.5867
Roslyn,NY,40.7984,-73.6477
Roslyn Heights,NY,40.7845,-73.6403
Sea Cliff,NY,40.846,-73.6436
Valley Stream,NY,40.6636,-73.708667
Westbury,NY,40.7557,-73.5723
Williston Park,NY,40.7592,-73.6449
Woodmere,NY,40.6326,-73.7141
Bayville,NY,40.9074,-73.5601
Bellmore,NY,40.6729,-73.5365
Bethpage,NY,40.74,-73.4857
East Norwich,NY,40.8472,-73.5349
Farmingdale,NY,40.73205,-73.43905
Jericho,NY,40.79005,-73.53645
Levittown,NY,40.7254,-73.5166
Massapequa,NY,40.6682,-73.4588
Massapequa Park,NY,40.6807,-73.4444
Mill Neck,NY,40.8857,-73.5526
Oyster Bay,NY,40.866,-73.5272
Syosset,NY,40.8204,-73.50225
Seaford,NY,40.6795,-73.491
Wantagh,NY,40.685,-73.5103
Woodbury,NY,40.8154,-73.4716
Hicksville,NY,40.763475,-73.54375
Plainview,NY,40.7781,-73.4816
Old Bethpage,NY,40.765,-73.4575
New York,NY,40.759186,-73.981724
Appleton,NY,43.3105,-78.6372
Barker,NY,43.3368,-78.542
Burt,NY,43.3221,-78.7141
Gasport,NY,43.2106,-78.5745
Lewiston,NY,43.1722,-79.0215
Lockport,NY,43.1653,-78.6913
Middleport,NY,43.2183,-78.4841
Model City,NY,43.1851,-78.9837
Newfane,NY,43.2724,-78.707
Niagara University,NY,43.138,-79.0342
North Tonawanda,NY,43.0498,-78.851
Olcott,NY,43.3378,-78.7148
Ransomville,NY,43.2286,-78.8982
Sanborn,NY,43.1419,-78.8785
Stella Niagara,NY,43.1995,-79.0425
Wilson,NY,43.2968,-78.8244
Youngstown,NY,43.2461,-79.0245
Niagara Falls,NY,43.09664,-79.02746
Durhamville,NY,43.1579,-75.6714
North Bay,NY,43.2364,-75.7769
Sylvan Beach,NY,43.1965,-75.7305
Verona Beach,NY,43.1885,-75.7126
Alder Creek,NY,43.4157,-75.2137
Ava,NY,43.3445,-75.4509
Barneveld,NY,43.2237,-75.1612
Blossvale,NY,43.2303,-75.6873
Boonville,NY,43.4786,-75.344
Bridgewater,NY,42.8792,-75.2672
Camden,NY,43.3392,-75.7543
Cassville,NY,42.9069,-75.2607
Chadwicks,NY,43.0226,-75.2656
Clark Mills,NY,43.0923,-75.3796
Clayville,NY,42.9801,-75.251
Clinton,NY,43.0586,-75.3808
Deansboro,NY,42.9818,-75.4383
Forestport,NY,43.4737,-75.1787
Franklin Springs,NY,43.0361,-75.3962
Hinckley,NY,43.3126,-75.1169
Holland Patent,NY,43.2484,-75.2535
Knoxboro,NY,42.9803,-75.5186
Lee Center,NY,43.3148,-75.5055
Mc Connellsville,NY,43.2672,-75.6882
Marcy,NY,43.1639,-75.2783
New Hartford,NY,43.0654,-75.2906
New York Mills,NY,43.1,-75.2937
Oriskany,NY,43.1524,-75.3434
Oriskany Falls,NY,42.9576,-75.4838
Prospect,NY,43.3052,-75.1502
Remsen,NY,43.3385,-75.1616
Rome,NY,43.22445,-75.44795
Sangerfield,NY,42.9162,-75.3545
Sauquoit,NY,43.0073,-75.2626
Sherrill,NY,43.0704,-75.599
Stittville,NY,43.2229,-75.2899
Taberg,NY,43.3366,-75.6027
Vernon,NY,43.0945,-75.5627
Vernon Center,NY,43.0443,-75.521
Verona,NY,43.1473,-75.5724
Washington Mills,NY,43.0538,-75.2716
Waterville,NY,42.9332,-75.3815
Westdale,NY,43.4117,-75.8226
Westernville,NY,43.3294,-75.3151
Westmoreland,NY,43.1017,-75.4533
Whitesboro,NY,43.1158,-75.3095
Woodgate,NY,43.5249,-75.1428
Yorkville,NY,43.1116,-75.2756
Utica,NY,43.099733,-75.232033
Apulia Station,NY,42.8187,-76.0724
Baldwinsville,NY,43.162,-76.3237
Brewerton,NY,43.2252,-76.1351
Bridgeport,NY,43.159,-75.97
Camillus,NY,43.0417,-76.2807
Cicero,NY,43.1707,-76.0962
Clay,NY,43.1737,-76.1707
Delphi Falls,NY,42.8765,-75.9135
East Syracuse,NY,43.0734,-76.0558
Elbridge,NY,43.0252,-76.4352
Fabius,NY,42.8531,-75.9836
Fayetteville,NY,43.0268,-76.0145
Jamesville,NY,42.983,-76.0766
Jordan,NY,43.0651,-76.4598
Kirkville,NY,43.0981,-75.955
La Fayette,NY,42.891,-76.1061
Liverpool,NY,43.0947,-76.202733
Manlius,NY,42.9904,-75.9703
Marcellus,NY,42.9821,-76.3323
Marietta,NY,42.8974,-76.2806
Memphis,NY,43.0934,-76.403
Minoa,NY,43.0772,-76.0098
Mottville,NY,42.9745,-76.4408
Nedrow,NY,42.9559,-76.1529
Plainville,NY,43.1577,-76.447
Pompey,NY,42.899,-76.016
Skaneateles,NY,42.9258,-76.4052
Skaneateles Falls,NY,42.9931,-76.456
Tully,NY,42.807,-76.1394
Warners,NY,43.0932,-76.2904
Syracuse,NY,43.048096,-76.159179
Canandaigua,NY,42.8689,-77.2846
Farmington,NY,42.958,-77.3083
Clifton Springs,NY,42.9632,-77.144
East Bloomfield,NY,42.901,-77.4233
Fishers,NY,43.0109,-77.4705
Geneva,NY,42.8637,-76.9913
Gorham,NY,42.799,-77.1316
Hall,NY,42.7966,-77.0639
Bloomfield,NY,42.8851,-77.46
Honeoye,NY,42.7901,-77.5169
Ionia,NY,42.938,-77.5009
Manchester,NY,42.9689,-77.2332
Naples,NY,42.6404,-77.3901
Oaks Corners,NY,42.9319,-77.0118
Phelps,NY,42.9582,-77.0473
Port Gibson,NY,43.0345,-77.1575
Seneca Castle,NY,42.887,-77.0961
Shortsville,NY,42.9761,-77.2439
Stanley,NY,42.8303,-77.1207
Victor,NY,42.9866,-77.418
West Bloomfield,NY,42.9063,-77.5531
Arden,NY,41.2745,-74.1529
Bellvale,NY,41.2504,-74.3107
Blooming Grove,NY,41.4093,-74.1951
Bullville,NY,41.5443,-74.3615
Campbell Hall,NY,41.443,-74.2505
Central Valley,NY,41.3268,-74.122
Chester,NY,41.3554,-74.2651
Circleville,NY,41.5244,-74.385
Florida,NY,41.3295,-74.3528
Fort Montgomery,NY,41.3346,-73.9917
Goshen,NY,41.3946,-74.3302
Greenwood Lake,NY,41.2101,-74.3033
Harriman,NY,41.3005,-74.1249
Highland Falls,NY,41.3582,-73.9746
Highland Mills,NY,41.3536,-74.1197
Howells,NY,41.4795,-74.4652
Johnson,NY,41.3653,-74.5109
Middletown,NY,41.4699,-74.40755
Monroe,NY,41.328,-74.1898
Mountainville,NY,41.4009,-74.0785
New Hampton,NY,41.3627,-74.4435
New Milford,NY,41.2345,-74.4138
Otisville,NY,41.4818,-74.5294
Pine Island,NY,41.2926,-74.4888
Slate Hill,NY,41.376,-74.4847
Southfields,NY,41.248,-74.1762
Sterling Forest,NY,41.1823,-74.3184
Sugar Loaf,NY,41.3232,-74.2886
Thompson Ridge,NY,41.575,-74.3225
Tuxedo Park,NY,41.1925,-74.2159
Unionville,NY,41.302,-74.5615
Warwick,NY,41.2656,-74.3604
Washingtonville,NY,41.4237,-74.1601
West Point,NY,41.393,-73.96485
Westtown,NY,41.3214,-74.5529
Cornwall,NY,41.4162,-74.0395
Cornwall On Hudson,NY,41.433,-74.0061
Maybrook,NY,41.4886,-74.2163
Montgomery,NY,41.5333,-74.2534
Newburgh,NY,41.51185,-74.02095
New Windsor,NY,41.4724,-74.0566
Pine Bush,NY,41.6178,-74.3263
Rock Tavern,NY,41.4575,-74.1659
Salisbury Mills,NY,41.4497,-74.1214
Vails Gate,NY,41.4641,-74.0591
Walden,NY,41.5596,-74.1764
Cuddebackville,NY,41.4776,-74.5976
Huguenot,NY,41.4179,-74.631
Port Jervis,NY,41.3786,-74.6691
Sparrow Bush,NY,41.4443,-74.7213
Lyndonville,NY,43.3233,-78.3811
Medina,NY,43.2184,-78.3874
Albion,NY,43.2398,-78.2068
Clarendon,NY,43.1934,-78.0647
Fancher,NY,43.2448,-78.0911
Holley,NY,43.2159,-78.0731
Kendall,NY,43.3284,-78.0304
Kent,NY,43.3341,-78.1355
Knowlesville,NY,43.2363,-78.3138
Morton,NY,43.3281,-77.9953
Waterport,NY,43.3326,-78.243
Bernhards Bay,NY,43.2717,-75.9373
Central Square,NY,43.309,-76.1849
Cleveland,NY,43.2432,-75.8537
Constantia,NY,43.2728,-76.0042
Fair Haven,NY,43.4313,-76.2004
Fulton,NY,43.3211,-76.4034
Hannibal,NY,43.3111,-76.546
Hastings,NY,43.3527,-76.1477
Lacona,NY,43.6429,-76.0503
Lycoming,NY,43.4987,-76.3858
Mallory,NY,43.3237,-76.1166
Maple View,NY,43.4578,-76.1534
Mexico,NY,43.4605,-76.2446
Minetto,NY,43.3977,-76.4824
New Haven,NY,43.4834,-76.315
Oswego,NY,43.4394,-76.4613
Parish,NY,43.4153,-76.1
Pennellville,NY,43.2609,-76.2395
Phoenix,NY,43.2468,-76.3064
Pulaski,NY,43.5562,-76.1252
Richland,NY,43.5776,-76.0029
Sandy Creek,NY,43.6517,-76.1264
West Monroe,NY,43.2882,-76.0797
Altmar,NY,43.497,-75.9719
Orwell,NY,43.5628,-75.9968
Redfield,NY,43.5658,-75.8242
Williamstown,NY,43.4106,-75.9044
East Worcester,NY,42.6321,-74.6674
Maryland,NY,42.5371,-74.903
Schenevus,NY,42.59,-74.8149
Worcester,NY,42.6049,-74.7299
Burlington Flats,NY,42.7516,-75.169
Cherry Valley,NY,42.7823,-74.7444
Cooperstown,NY,42.7005,-74.9243
East Springfield,NY,42.8336,-74.8233
Edmeston,NY,42.6979,-75.2438
Fly Creek,NY,42.7252,-74.9869
Garrattsville,NY,42.6315,-75.1866
Hartwick,NY,42.695,-75.055
New Lisbon,NY,42.5904,-75.1957
Richfield Springs,NY,42.8402,-74.9716
Roseboom,NY,42.708,-74.8025
Schuyler Lake,NY,42.7758,-75.0485
Springfield Center,NY,42.8388,-74.859
West Burlington,NY,42.7043,-75.1849
West Edmeston,NY,42.7868,-75.3149
Westford,NY,42.6809,-74.7653
Colliersville,NY,42.5051,-74.9821
Gilbertsville,NY,42.4715,-75.3257
Laurens,NY,42.5383,-75.1279
Milford,NY,42.6148,-74.9685
Morris,NY,42.5478,-75.2448
Mount Vision,NY,42.6068,-75.1264
Oneonta,NY,42.4625,-75.0491
Otego,NY,42.4133,-75.2079
Portlandville,NY,42.5304,-74.9671
Unadilla,NY,42.3252,-75.3366
Wells Bridge,NY,42.3709,-75.2486
West Oneonta,NY,42.5011,-75.1409
Brewster,NY,41.4097,-73.5992
Carmel,NY,41.4432,-73.6815
Cold Spring,NY,41.4414,-73.9335
Garrison,NY,41.3621,-73.92
Lake Peekskill,NY,41.3374,-73.8838
Mahopac,NY,41.3717,-73.7508
Mahopac Falls,NY,41.3726,-73.7601
Putnam Valley,NY,41.3728,-73.8502
Patterson,NY,41.4888,-73.5815
Glen Oaks,NY,40.7481,-73.7114
Long Island City,NY,40.744933,-73.9469
Astoria,NY,40.7676,-73.920475
Sunnyside,NY,40.7436,-73.9216
Flushing,NY,40.733187,-73.838725
College Point,NY,40.7855,-73.845
Whitestone,NY,40.7851,-73.8096
Bayside,NY,40.778733,-73.777467
Little Neck,NY,40.76565,-73.739
Oakland Gardens,NY,40.7428,-73.7588
Fresh Meadows,NY,40.7323,-73.795
Corona,NY,40.7453,-73.8611
East Elmhurst,NY,40.7612,-73.88275
Jackson Heights,NY,40.7513,-73.883
Elmhurst,NY,40.7358,-73.87775
Rego Park,NY,40.7278,-73.8602
Forest Hills,NY,40.7229,-73.8473
Woodside,NY,40.745,-73.9069
Maspeth,NY,40.7239,-73.8997
Middle Village,NY,40.7173,-73.8792
Ridgewood,NY,40.70185,-73.9009
Jamaica,NY,40.67535,-73.824271
Cambria Heights,NY,40.6947,-73.7374
Saint Albans,NY,40.6958,-73.7617
Springfield Gardens,NY,40.6645,-73.7559
Howard Beach,NY,40.6588,-73.8438
Kew Gardens,NY,40.7069,-73.8297
Ozone Park,NY,40.68035,-73.8481
Richmond Hill,NY,40.6982,-73.8345
South Richmond Hill,NY,40.6868,-73.823
South Ozone Park,NY,40.6744,-73.819
Woodhaven,NY,40.6913,-73.8585
Rosedale,NY,40.6621,-73.7353
Hollis,NY,40.7142,-73.7677
Bellerose,NY,40.7347,-73.723
Queens Village,NY,40.719167,-73.7441
Far Rockaway,NY,40.61625,-73.800925
Arverne,NY,40.5923,-73.7933
Rockaway Park,NY,40.5766,-73.8428
Breezy Point,NY,40.5594,-73.9067
Averill Park,NY,42.6365,-73.5504
Berlin,NY,42.6919,-73.3702
Brainard,NY,42.495,-73.5107
Buskirk,NY,42.9601,-73.4497
Castleton On Hudson,NY,42.5376,-73.7071
Cherry Plain,NY,42.6467,-73.3716
Cropseyville,NY,42.7667,-73.4719
East Greenbush,NY,42.5951,-73.6826
East Nassau,NY,42.5352,-73.4984
East Schodack,NY,42.5637,-73.6274
Grafton,NY,42.7726,-73.4468
Hoosick,NY,42.8667,-73.3181
Hoosick Falls,NY,42.8937,-73.3581
Johnsonville,NY,42.8769,-73.4989
Melrose,NY,42.8412,-73.6077
Nassau,NY,42.5271,-73.6118
North Hoosick,NY,42.9261,-73.3464
Petersburg,NY,42.7495,-73.3401
Poestenkill,NY,42.6918,-73.5627
Rensselaer,NY,42.6359,-73.7219
Sand Lake,NY,42.6379,-73.4989
Schaghticoke,NY,42.9144,-73.6154
Schodack Landing,NY,42.4816,-73.748
Stephentown,NY,42.5671,-73.3947
Valley Falls,NY,42.8855,-73.5437
West Sand Lake,NY,42.638,-73.6109
Wynantskill,NY,42.6878,-73.6383
Staten Island,NY,40.586793,-74.146629
Suffern,NY,41.1177,-74.1241
Bear Mountain,NY,41.1609,-74.0608
Blauvelt,NY,41.0626,-73.9629
Congers,NY,41.1487,-73.9413
Garnerville,NY,41.2021,-74.0005
Haverstraw,NY,41.1971,-73.969
Hillburn,NY,41.124,-74.1702
Monsey,NY,41.1163,-74.0736
Nanuet,NY,41.0977,-74.0109
New City,NY,41.1472,-73.9962
Nyack,NY,41.0914,-73.9252
Orangeburg,NY,41.0442,-73.9609
Palisades,NY,41.0103,-73.925
Pearl River,NY,41.0629,-74.0159
Piermont,NY,41.0395,-73.9192
Pomona,NY,41.1901,-74.0436
Sloatsburg,NY,41.1575,-74.2008
Sparkill,NY,41.0256,-73.9229
Spring Valley,NY,41.1158,-74.0474
Stony Point,NY,41.2292,-73.9962
Tallman,NY,41.1112,-74.0999
Tappan,NY,41.0278,-73.9491
Thiells,NY,41.2078,-74.0154
Tomkins Cove,NY,41.2598,-73.9892
Valley Cottage,NY,41.1183,-73.943
West Haverstraw,NY,41.209,-73.9821
West Nyack,NY,41.0973,-73.9768
Childwold,NY,44.2867,-74.6759
Cranberry Lake,NY,44.229,-74.8581
Lawrenceville,NY,44.7469,-74.6604
Nicholville,NY,44.703,-74.6805
North Lawrence,NY,44.775,-74.6653
Piercefield,NY,44.2343,-74.556
Brasher Falls,NY,44.8467,-74.7473
Brier Hill,NY,44.5525,-75.6722
Canton,NY,44.5924,-75.1628
Chase Mills,NY,44.8672,-75.073
Chippewa Bay,NY,44.442,-75.7569
Colton,NY,44.5016,-74.9327
De Kalb Junction,NY,44.4896,-75.2871
De Peyster,NY,44.4989,-75.4772
Edwards,NY,44.311,-75.2522
Fine,NY,44.2541,-75.1379
Gouverneur,NY,44.3283,-75.4651
Hailesboro,NY,44.3101,-75.4463
Hammond,NY,44.4502,-75.6727
Hannawa Falls,NY,44.6087,-74.9732
Helena,NY,44.9217,-74.7068
Hermon,NY,44.4448,-75.1987
Heuvelton,NY,44.593,-75.4203
Lisbon,NY,44.7184,-75.2694
Madrid,NY,44.769,-75.1413
Massena,NY,44.9322,-74.8845
Morristown,NY,44.5843,-75.6453
Newton Falls,NY,44.2177,-74.9423
Norfolk,NY,44.8424,-74.9577
Norwood,NY,44.7472,-74.9992
Ogdensburg,NY,44.6902,-75.4774
Oswegatchie,NY,44.1933,-75.0659
Parishville,NY,44.5927,-74.7941
Potsdam,NY,44.6645,-74.9747
Pyrites,NY,44.5148,-75.1858
Raymondville,NY,44.8287,-74.9798
Rensselaer Falls,NY,44.5943,-75.3237
Richville,NY,44.44,-75.3777
Rooseveltown,NY,44.9728,-74.731
Russell,NY,44.3824,-75.1043
South Colton,NY,44.5041,-74.8607
Star Lake,NY,44.1578,-75.033
Waddington,NY,44.8564,-75.2049
Wanakena,NY,44.1408,-74.9125
West Stockholm,NY,44.7137,-74.9008
Winthrop,NY,44.7583,-74.8066
Ballston Lake,NY,42.9192,-73.8552
Ballston Spa,NY,43.005,-73.8486
Burnt Hills,NY,42.9329,-73.896
Clifton Park,NY,42.8499,-73.7851
Galway,NY,43.0217,-74.029
Mechanicville,NY,42.9168,-73.7214
Rexford,NY,42.8524,-73.8701
Round Lake,NY,42.9247,-73.7859
Stillwater,NY,43.0019,-73.6609
Waterford,NY,42.81,-73.6995
South Glens Falls,NY,43.2836,-73.6294
Corinth,NY,43.2426,-73.8369
Gansevoort,NY,43.1803,-73.7053
Greenfield Center,NY,43.1401,-73.8398
Hadley,NY,43.3173,-73.8482
Middle Grove,NY,43.0975,-74.0167
Porter Corners,NY,43.1724,-73.8839
Rock City Falls,NY,43.0662,-73.9215
Saratoga Springs,NY,43.0708,-73.7408
Schuylerville,NY,43.0878,-73.6007
Victory Mills,NY,43.0884,-73.5917
Alplaus,NY,42.8573,-73.9002
Delanson,NY,42.748,-74.1868
Duanesburg,NY,42.7708,-74.0839
Pattersonville,NY,42.8499,-74.1231
Quaker Street,NY,42.7318,-74.1854
Rotterdam Junction,NY,42.8745,-74.0465
Schenectady,NY,42.8133,-73.948145
Carlisle,NY,42.7648,-74.4569
Central Bridge,NY,42.737,-74.3451
Charlotteville,NY,42.533,-74.6819
Cobleskill,NY,42.684,-74.4939
Fultonham,NY,42.5923,-74.4381
Gallupville,NY,42.6626,-74.2326
Gilboa,NY,42.4108,-74.4003
Howes Cave,NY,42.7045,-74.3648
Jefferson,NY,42.4999,-74.6117
Middleburgh,NY,42.5637,-74.3292
North Blenheim,NY,42.4899,-74.4282
Richmondville,NY,42.6424,-74.571
Schoharie,NY,42.6615,-74.3047
Sloansville,NY,42.7599,-74.3642
Summit,NY,42.535,-74.5452
Warnerville,NY,42.6604,-74.5074
West Fulton,NY,42.5506,-74.4631
Sharon Springs,NY,42.7634,-74.5919
Alpine,NY,42.351,-76.7348
Beaver Dams,NY,42.2798,-76.972
Burdett,NY,42.4394,-76.8292
Cayuta,NY,42.2774,-76.6974
Hector,NY,42.4966,-76.8786
Mecklenburg,NY,42.4516,-76.7067
Montour Falls,NY,42.3437,-76.8396
Odessa,NY,42.3609,-76.7717
Reading Center,NY,42.4297,-76.9258
Tyrone,NY,42.3994,-77.0268
Watkins Glen,NY,42.3771,-76.9022
Wayne,NY,42.4741,-77.0977
Fayette,NY,42.8227,-76.802
Seneca Falls,NY,42.9094,-76.7925
Waterloo,NY,42.9045,-76.8755
Ovid,NY,42.6898,-76.7941
Romulus,NY,42.7497,-76.8449
Willard,NY,42.6835,-76.8724
Interlaken,NY,42.6165,-76.7268
Lodi,NY,42.5966,-76.8339
Perkinsville,NY,42.5398,-77.6283
Wayland,NY,42.5593,-77.5906
Addison,NY,42.0983,-77.266
Arkport,NY,42.4225,-77.6918
Atlanta,NY,42.5596,-77.4669
Avoca,NY,42.3679,-77.4641
Bath,NY,42.3575,-77.3028
Bradford,NY,42.3825,-77.0913
Cameron,NY,42.2128,-77.4403
Cameron Mills,NY,42.1925,-77.365
Campbell,NY,42.2386,-77.2066
Canisteo,NY,42.2635,-77.5897
Cohocton,NY,42.5003,-77.4998
Coopers Plains,NY,42.1785,-77.1414
Corning,NY,42.1406,-77.0511
Greenwood,NY,42.1398,-77.636
Hammondsport,NY,42.4312,-77.1977
Hornell,NY,42.3274,-77.6569
Jasper,NY,42.129,-77.4999
Kanona,NY,42.3742,-77.3648
Lindley,NY,42.0284,-77.1397
Painted Post,NY,42.171,-77.1194
Prattsburgh,NY,42.5224,-77.2983
Pulteney,NY,42.5233,-77.1691
Rexville,NY,42.0726,-77.6767
Savona,NY,42.3041,-77.2083
Troupsburg,NY,42.0501,-77.5502
Woodhull,NY,42.0736,-77.4203
Holtsville,NY,40.813767,-73.043933
Fishers Island,NY,41.2639,-72.0178
Amityville,NY,40.6842,-73.4171
Babylon,NY,40.6957,-73.3257
North Babylon,NY,40.7321,-73.3236
West Babylon,NY,40.71585,-73.35445
Bayport,NY,40.7444,-73.0542
Bay Shore,NY,40.7051,-73.243
Bellport,NY,40.7733,-72.9469
Blue Point,NY,40.7501,-73.0352
Bohemia,NY,40.7678,-73.1163
Brentwood,NY,40.7809,-73.2503
Brightwaters,NY,40.728,-73.2646
Brookhaven,NY,40.7843,-72.8921
Centereach,NY,40.8705,-73.0822
Centerport,NY,40.8929,-73.3754
Central Islip,NY,40.7866,-73.1961
Cold Spring Harbor,NY,40.8601,-73.4423
Commack,NY,40.843,-73.2799
Copiague,NY,40.6778,-73.3963
Coram,NY,40.885,-73.0069
Deer Park,NY,40.7591,-73.3257
East Islip,NY,40.7282,-73.1805
East Northport,NY,40.857,-73.3146
East Setauket,NY,40.9426,-73.1116
Farmingville,NY,40.8366,-73.0413
Great River,NY,40.7297,-73.1607
Greenlawn,NY,40.8621,-73.3646
Holbrook,NY,40.7964,-73.0718
Huntington,NY,40.8676,-73.4102
Huntington Station,NY,40.8143,-73.3634
Melville,NY,40.7938,-73.411067
Islandia,NY,40.8067,-73.1709
Islip,NY,40.7348,-73.2221
Islip Terrace,NY,40.7548,-73.1827
Kings Park,NY,40.8861,-73.2438
Lake Grove,NY,40.8567,-73.1168
Lindenhurst,NY,40.6884,-73.3745
Medford,NY,40.8174,-72.9852
Miller Place,NY,40.9436,-72.9913
Mount Sinai,NY,40.9271,-73.0127
Nesconset,NY,40.8462,-73.1482
Northport,NY,40.9051,-73.3309
Oakdale,NY,40.7382,-73.1297
Ocean Beach,NY,40.6443,-73.1613
Patchogue,NY,40.7609,-72.9871
Port Jefferson Station,NY,40.9136,-73.0464
Port Jefferson,NY,40.9457,-73.0611
Rocky Point,NY,40.9492,-72.9357
Ronkonkoma,NY,40.8083,-73.1305
Saint James,NY,40.8813,-73.1591
Sayville,NY,40.7459,-73.0859
Selden,NY,40.8699,-73.0448
Shoreham,NY,40.9485,-72.8927
Smithtown,NY,40.8542,-73.2138
Hauppauge,NY,40.8231,-73.1958
Sound Beach,NY,40.9567,-72.9742
Stony Brook,NY,40.91625,-73.1343
Wading River,NY,40.952,-72.8348
West Islip,NY,40.7117,-73.3007
West Sayville,NY,40.732,-73.1
Wyandanch,NY,40.7523,-73.3761
Riverhead,NY,40.9262,-72.652
Amagansett,NY,40.9895,-72.0959
Aquebogue,NY,40.9445,-72.627
Bridgehampton,NY,40.9339,-72.3077
Calverton,NY,40.9297,-72.7423
Center Moriches,NY,40.7997,-72.797
Cutchogue,NY,41.0139,-72.4803
East Hampton,NY,40.993,-72.179
East Marion,NY,41.1264,-72.3419
East Moriches,NY,40.809,-72.7538
Eastport,NY,40.8297,-72.7283
East Quogue,NY,40.8428,-72.5813
Greenport,NY,41.1039,-72.3674
Hampton Bays,NY,40.8726,-72.5202
Jamesport,NY,40.9495,-72.5815
Laurel,NY,40.9674,-72.554
Manorville,NY,40.8421,-72.8002
Mastic,NY,40.8064,-72.8566
Mastic Beach,NY,40.7657,-72.8537
Mattituck,NY,40.9943,-72.5363
Middle Island,NY,40.8782,-72.9525
Montauk,NY,41.0459,-71.944
Moriches,NY,40.8095,-72.8229
New Suffolk,NY,40.9915,-72.4759
Orient,NY,41.1437,-72.2879
Peconic,NY,41.0392,-72.4666
Quogue,NY,40.8226,-72.6012
Remsenburg,NY,40.8086,-72.7064
Ridge,NY,40.9018,-72.8881
Sagaponack,NY,40.9305,-72.2707
Sag Harbor,NY,40.982,-72.3067
Shelter Island,NY,41.064,-72.3366
Shelter Island Heights,NY,41.084,-72.3559
Shirley,NY,40.8015,-72.8676
Southampton,NY,40.8943,-72.3999
South Jamesport,NY,40.9365,-72.5773
Southold,NY,41.0555,-72.429
Speonk,NY,40.8195,-72.7054
Upton,NY,40.8678,-72.8822
Wainscott,NY,40.9396,-72.2425
Water Mill,NY,40.9209,-72.3491
Westhampton,NY,40.818,-72.6699
Westhampton Beach,NY,40.8295,-72.6473
Yaphank,NY,40.837,-72.9174
Monticello,NY,41.6516,-74.7007
Barryville,NY,41.4912,-74.9152
Bethel,NY,41.6693,-74.894
Bloomingburg,NY,41.5644,-74.4304
Burlingham,NY,41.5901,-74.3821
Callicoon,NY,41.7673,-75.0563
Callicoon Center,NY,41.8368,-74.9466
Claryville,NY,41.9657,-74.5293
Cochecton,NY,41.692,-74.9741
Cochecton Center,NY,41.6548,-74.9827
Eldred,NY,41.5328,-74.8968
Fallsburg,NY,41.7273,-74.6154
Ferndale,NY,41.7349,-74.7345
Fremont Center,NY,41.8782,-75.0343
Glen Spey,NY,41.4858,-74.7995
Glen Wild,NY,41.6545,-74.5833
Grahamsville,NY,41.8807,-74.5127
Hankins,NY,41.8391,-75.0534
Harris,NY,41.7143,-74.7263
Highland Lake,NY,41.5309,-74.8516
Hortonville,NY,41.7629,-75.0306
Hurleyville,NY,41.7356,-74.6743
Jeffersonville,NY,41.7784,-74.9196
Kauneonga Lake,NY,41.6874,-74.8358
Kenoza Lake,NY,41.7296,-74.9611
Kiamesha Lake,NY,41.6838,-74.6724
Lake Huntington,NY,41.6782,-74.9949
Liberty,NY,41.7962,-74.7484
Livingston Manor,NY,41.8778,-74.827
Loch Sheldrake,NY,41.7789,-74.6614
Long Eddy,NY,41.8644,-75.0942
Mongaup Valley,NY,41.681,-74.8028
Mountain Dale,NY,41.6918,-74.5358
Narrowsburg,NY,41.5921,-75.0107
Neversink,NY,41.8492,-74.6127
North Branch,NY,41.8142,-74.9824
Obernburg,NY,41.8448,-75.0071
Parksville,NY,41.8517,-74.7359
Phillipsport,NY,41.6515,-74.4362
Pond Eddy,NY,41.4511,-74.841
Rock Hill,NY,41.6134,-74.5872
Roscoe,NY,41.9609,-74.9346
Forestburgh,NY,41.5691,-74.7241
Smallwood,NY,41.6615,-74.8178
South Fallsburg,NY,41.7042,-74.6444
Summitville,NY,41.6215,-74.4507
Swan Lake,NY,41.7285,-74.8341
Thompsonville,NY,41.6681,-74.6252
Westbrookville,NY,41.4987,-74.5585
White Lake,NY,41.6485,-74.8654
White Sulphur Springs,NY,41.8002,-74.8286
Woodbourne,NY,41.7708,-74.5928
Woodridge,NY,41.717,-74.5815
Wurtsboro,NY,41.5877,-74.5039
Youngsville,NY,41.8032,-74.8888
Yulan,NY,41.5226,-74.9329
Apalachin,NY,42.0556,-76.1519
Barton,NY,42.0695,-76.3983
Berkshire,NY,42.3074,-76.192
Candor,NY,42.2063,-76.3322
Newark Valley,NY,42.2281,-76.1625
Nichols,NY,42.0301,-76.354
Owego,NY,42.1138,-76.2528
Richford,NY,42.3945,-76.1865
Smithboro,NY,42.0395,-76.4004
Tioga Center,NY,42.0562,-76.348
Willseyville,NY,42.3029,-76.3897
Lockwood,NY,42.1149,-76.5366
Spencer,NY,42.2467,-76.4899
Waverly,NY,42.0172,-76.5333
Dryden,NY,42.4861,-76.2872
Etna,NY,42.4851,-76.3835
Freeville,NY,42.4998,-76.3636
Groton,NY,42.5855,-76.3633
Mc Lean,NY,42.5542,-76.2927
Brooktondale,NY,42.3765,-76.3668
Ithaca,NY,42.44845,-76.488225
Jacksonville,NY,42.5084,-76.6149
Newfield,NY,42.3621,-76.592
Slaterville Springs,NY,42.4025,-76.3608
Lansing,NY,42.5645,-76.5375
Trumansburg,NY,42.521,-76.6681
Kingston,NY,41.94835,-74.0321
Accord,NY,41.8083,-74.2353
Bearsville,NY,42.0406,-74.1551
Big Indian,NY,42.074,-74.453
Bloomington,NY,41.8752,-74.0436
Boiceville,NY,42.0048,-74.2658
Chichester,NY,42.095,-74.2717
Connelly,NY,41.9076,-73.9893
Cottekill,NY,41.8467,-74.1038
Cragsmoor,NY,41.6698,-74.3801
Ellenville,NY,41.7218,-74.4141
Esopus,NY,41.8279,-73.9651
Glasco,NY,42.0437,-73.9474
Glenford,NY,42.0053,-74.1532
Greenfield Park,NY,41.7281,-74.5201
High Falls,NY,41.8167,-74.1311
Highmount,NY,42.1443,-74.4899
Hurley,NY,41.9327,-74.0687
Kerhonkson,NY,41.7939,-74.3035
Lake Hill,NY,42.0733,-74.2123
Lake Katrine,NY,41.9918,-73.9924
Malden On Hudson,NY,42.0987,-73.9354
Mount Marion,NY,42.0357,-74.0002
Mount Tremper,NY,42.0435,-74.2485
Napanoch,NY,41.759,-74.3804
Olivebridge,NY,41.875,-74.2734
Phoenicia,NY,42.0848,-74.3154
Pine Hill,NY,42.1331,-74.4802
Port Ewen,NY,41.8948,-73.9767
Rifton,NY,41.8403,-74.0306
Rosendale,NY,41.8402,-74.073
Ruby,NY,42.0176,-74.0079
Saugerties,NY,42.0738,-73.9797
Shandaken,NY,42.1363,-74.3774
Shokan,NY,41.9767,-74.2119
Spring Glen,NY,41.6639,-74.4245
Stone Ridge,NY,41.8616,-74.1697
Tillson,NY,41.8338,-74.0626
Ulster Park,NY,41.8651,-73.9948
Wawarsing,NY,41.7606,-74.3535
West Camp,NY,42.1231,-73.9349
West Hurley,NY,41.9973,-74.1049
West Park,NY,41.7953,-73.9809
West Shokan,NY,41.9673,-74.2871
Willow,NY,42.0849,-74.2407
Woodstock,NY,42.0348,-74.112
Clintondale,NY,41.6749,-74.0557
Gardiner,NY,41.6576,-74.1672
Highland,NY,41.7167,-73.9928
Marlboro,NY,41.6056,-73.988
Milton,NY,41.6535,-73.9772
Modena,NY,41.6503,-74.1036
New Paltz,NY,41.7464,-74.1092
Plattekill,NY,41.6412,-74.0781
Walker Valley,NY,41.6337,-74.3779
Wallkill,NY,41.616,-74.1439
Glens Falls,NY,43.3115,-73.6448
Queensbury,NY,43.329,-73.6818
Adirondack,NY,43.7165,-73.7825
Athol,NY,43.4839,-73.8817
Bakers Mills,NY,43.6148,-74.0249
Bolton Landing,NY,43.5766,-73.6714
Brant Lake,NY,43.6989,-73.7205
Chestertown,NY,43.6451,-73.8066
Cleverdale,NY,43.4718,-73.6393
Diamond Point,NY,43.5156,-73.7001
Hague,NY,43.7463,-73.5282
Johnsburg,NY,43.586,-73.9165
Kattskill Bay,NY,43.4754,-73.6272
Lake George,NY,43.4167,-73.6975
Lake Luzerne,NY,43.3165,-73.8228
North Creek,NY,43.6978,-73.986
North River,NY,43.7237,-74.0873
Pottersville,NY,43.7312,-73.8193
Riparius,NY,43.6617,-73.8971
Silver Bay,NY,43.6978,-73.5071
Stony Creek,NY,43.4214,-73.9495
Warrensburg,NY,43.5003,-73.792
Wevertown,NY,43.6313,-73.9364
Eagle Bridge,NY,42.9808,-73.3522
Argyle,NY,43.2381,-73.4641
Cambridge,NY,43.0466,-73.3814
Clemons,NY,43.6435,-73.4326
Comstock,NY,43.4614,-73.4033
Cossayuna,NY,43.1837,-73.4268
Fort Ann,NY,43.4285,-73.4784
Fort Edward,NY,43.2653,-73.5822
Granville,NY,43.3776,-73.2978
Greenwich,NY,43.0947,-73.503
Hampton,NY,43.5248,-73.2518
Hartford,NY,43.3493,-73.4049
Hudson Falls,NY,43.3149,-73.5746
Huletts Landing,NY,43.6392,-73.5071
Middle Falls,NY,43.1001,-73.5246
Middle Granville,NY,43.4508,-73.3031
North Granville,NY,43.4525,-73.341
Putnam Station,NY,43.756,-73.4123
Salem,NY,43.1828,-73.3327
Shushan,NY,43.1106,-73.3231
Whitehall,NY,43.5531,-73.3864
Red Creek,NY,43.2291,-76.7146
Savannah,NY,43.0934,-76.7565
South Butler,NY,43.1344,-76.7656
Alton,NY,43.2227,-76.9821
Clyde,NY,43.0855,-76.8725
East Williamson,NY,43.2354,-77.1376
Lyons,NY,43.0777,-76.9896
Macedon,NY,43.0784,-77.3372
Marion,NY,43.1546,-77.1863
Newark,NY,43.0519,-77.0946
North Rose,NY,43.1964,-76.9152
Ontario,NY,43.2291,-77.3088
Ontario Center,NY,43.2259,-77.3058
Palmyra,NY,43.0622,-77.2218
Pultneyville,NY,43.2836,-77.142
Rose,NY,43.1448,-76.8608
Sodus,NY,43.2217,-77.0514
Sodus Point,NY,43.2546,-76.9835
Union Hill,NY,43.2228,-77.3717
Walworth,NY,43.1402,-77.2858
Williamson,NY,43.2421,-77.17
Wolcott,NY,43.2341,-76.8217
Amawalk,NY,41.2946,-73.7611
Ardsley,NY,41.0113,-73.8413
Ardsley On Hudson,NY,41.0259,-73.8718
Armonk,NY,41.136,-73.7009
Baldwin Place,NY,41.3421,-73.7454
Bedford,NY,41.1909,-73.6355
Bedford Hills,NY,41.2344,-73.6915
Briarcliff Manor,NY,41.1444,-73.835
Buchanan,NY,41.2583,-73.9412
Chappaqua,NY,41.1705,-73.7715
Crompond,NY,41.3006,-73.8612
Cross River,NY,41.2722,-73.602
Croton Falls,NY,41.3477,-73.661
Croton On Hudson,NY,41.22615,-73.9093
Dobbs Ferry,NY,41.0118,-73.8665
Elmsford,NY,41.0572,-73.8136
Goldens Bridge,NY,41.3004,-73.6479
Granite Springs,NY,41.3098,-73.753
Harrison,NY,40.9719,-73.7181
Hartsdale,NY,41.0197,-73.8074
Hawthorne,NY,41.1073,-73.796
Irvington,NY,41.0381,-73.8597
Jefferson Valley,NY,41.3385,-73.7947
Katonah,NY,41.2709,-73.6841
Larchmont,NY,40.9351,-73.7571
Lincolndale,NY,41.3334,-73.7243
Mamaroneck,NY,40.9525,-73.735
Maryknoll,NY,41.119,-73.733
Millwood,NY,41.2015,-73.7926
Mohegan Lake,NY,41.3143,-73.8508
Montrose,NY,41.2496,-73.9446
Mount Kisco,NY,41.205,-73.7299
Mount Vernon,NY,40.91305,-73.831775
North Salem,NY,41.3414,-73.5929
Ossining,NY,41.1673,-73.8538
Peekskill,NY,41.2892,-73.9184
Cortlandt Manor,NY,41.284,-73.8931
Pleasantville,NY,41.135,-73.7845
Port Chester,NY,41.0222,-73.6798
Pound Ridge,NY,41.2042,-73.5732
Purchase,NY,41.0384,-73.7156
Purdys,NY,41.3259,-73.6551
Rye,NY,40.9734,-73.6907
Scarsdale,NY,40.9927,-73.7995
Shenorock,NY,41.3287,-73.7423
Shrub Oak,NY,41.3286,-73.8273
Somers,NY,41.3346,-73.6951
South Salem,NY,41.2553,-73.5402
Tarrytown,NY,41.0897,-73.844
Thornwood,NY,41.1182,-73.7733
Valhalla,NY,41.0856,-73.7776
Verplanck,NY,41.2548,-73.9587
Waccabuc,NY,41.3032,-73.6032
Yorktown Heights,NY,41.2999,-73.7924
White Plains,NY,41.044929,-73.7691
West Harrison,NY,41.0592,-73.7395
Yonkers,NY,40.938333,-73.87475
Hastings On Hudson,NY,40.9878,-73.863
Tuckahoe,NY,40.9569,-73.8198
Bronxville,NY,40.9391,-73.8353
Eastchester,NY,40.955,-73.8086
New Rochelle,NY,40.91935,-73.78435
Pelham,NY,40.9045,-73.8073
Arcade,NY,42.563,-78.4134
Attica,NY,42.8499,-78.2798
Bliss,NY,42.5799,-78.2581
Cowlesville,NY,42.8112,-78.4481
Dale,NY,42.8263,-78.1749
Gainesville,NY,42.619,-78.1795
Java Center,NY,42.6634,-78.3925
Java Village,NY,42.6769,-78.441
North Java,NY,42.6776,-78.338
Pike,NY,42.5565,-78.1528
Strykersville,NY,42.7249,-78.4347
Varysburg,NY,42.7459,-78.3167
Castile,NY,42.6359,-78.0547
Perry,NY,42.7229,-78.0059
Portageville,NY,42.557,-78.0856
Silver Lake,NY,42.6929,-78.0224
Silver Springs,NY,42.6742,-78.0845
Warsaw,NY,42.741,-78.1429
Wyoming,NY,42.8317,-78.0833
Bellona,NY,42.7554,-77.0217
Branchport,NY,42.6065,-77.2052
Dresden,NY,42.6846,-76.9564
Keuka Park,NY,42.5708,-77.1226
Middlesex,NY,42.6976,-77.2805
Penn Yan,NY,42.6645,-77.0569
Rushville,NY,42.7597,-77.2395
Dundee,NY,42.5053,-77.0028
Himrod,NY,42.5945,-76.9508
Lakemont,NY,42.5126,-76.927
Rock Stream,NY,42.4485,-76.9364
Bentonville,OH,38.7498,-83.6126
Manchester,OH,38.6982,-83.6181
Blue Creek,OH,38.7776,-83.3302
Cherry Fork,OH,38.8922,-83.6218
Lynx,OH,38.7391,-83.4262
Peebles,OH,38.9869,-83.3687
Seaman,OH,38.9621,-83.5936
West Union,OH,38.8017,-83.5333
Winchester,OH,38.9353,-83.6661
Lima,OH,40.747333,-84.12225
Beaverdam,OH,40.8314,-83.9758
Gomer,OH,40.8451,-84.1872
Bluffton,OH,40.879,-83.8914
Cairo,OH,40.8304,-84.0852
Delphos,OH,40.8336,-84.3247
Harrod,OH,40.7177,-83.9436
Lafayette,OH,40.7582,-83.9499
Spencerville,OH,40.7038,-84.3413
Ashland,OH,40.8559,-82.3189
Hayesville,OH,40.7731,-82.2624
Jeromesville,OH,40.8134,-82.1861
Loudonville,OH,40.6361,-82.2356
Nankin,OH,40.9206,-82.2817
Nova,OH,41.0282,-82.3384
Perrysville,OH,40.6606,-82.3213
Polk,OH,40.9343,-82.2126
Savannah,OH,40.9653,-82.3652
Sullivan,OH,41.0368,-82.2172
Andover,OH,41.6225,-80.5754
Ashtabula,OH,41.8665,-80.79225
Austinburg,OH,41.7554,-80.8584
Conneaut,OH,41.9345,-80.5803
Dorset,OH,41.659,-80.6683
Geneva,OH,41.8029,-80.9474
Jefferson,OH,41.7335,-80.7562
Kingsville,OH,41.8723,-80.6601
North Kingsville,OH,41.9046,-80.685
Orwell,OH,41.5293,-80.8208
Pierpont,OH,41.7677,-80.5741
Rock Creek,OH,41.6603,-80.8606
Rome,OH,41.6053,-80.8709
Unionville,OH,41.7833,-81.0034
Williamsfield,OH,41.5383,-80.5964
Windsor,OH,41.5623,-80.9667
Athens,OH,39.3178,-82.102
Albany,OH,39.2097,-82.2177
Amesville,OH,39.4086,-81.965
Buchtel,OH,39.462,-82.1818
Carbondale,OH,39.3778,-82.271
Chauncey,OH,39.4002,-82.1302
Coolville,OH,39.2141,-81.8329
Glouster,OH,39.4978,-82.0871
Guysville,OH,39.2493,-81.922
Hockingport,OH,39.1979,-81.7446
Jacksonville,OH,39.477,-82.0794
Millfield,OH,39.4077,-82.1113
Nelsonville,OH,39.4556,-82.2309
New Marshfield,OH,39.3228,-82.2594
Shade,OH,39.2129,-82.0218
Sharpsburg,OH,39.4359,-81.9115
Stewart,OH,39.3213,-81.8929
The Plains,OH,39.3662,-82.1341
Trimble,OH,39.4845,-82.0805
Buckland,OH,40.6241,-84.2603
Minster,OH,40.391,-84.3729
New Bremen,OH,40.4389,-84.3821
New Hampshire,OH,40.5563,-83.9514
New Knoxville,OH,40.5039,-84.3118
Saint Johns,OH,40.5559,-84.0836
Saint Marys,OH,40.544,-84.3944
Uniopolis,OH,40.6023,-84.086
Wapakoneta,OH,40.569,-84.1774
Waynesfield,OH,40.6072,-83.9585
Barnesville,OH,39.9853,-81.1375
Belmont,OH,40.032,-81.0066
Bethesda,OH,40.0192,-81.0767
Morristown,OH,40.0631,-81.0743
Alledonia,OH,39.9053,-80.9578
Barton,OH,40.1073,-80.8412
Bellaire,OH,40.0204,-80.7638
Blaine,OH,40.0701,-80.8176
Bridgeport,OH,40.0752,-80.7747
Colerain,OH,40.1224,-80.8149
Fairpoint,OH,40.1225,-80.938
Glencoe,OH,40.0109,-80.8993
Jacobsburg,OH,39.9372,-80.888
Lansing,OH,40.0756,-80.7901
Martins Ferry,OH,40.1036,-80.7361
Maynard,OH,40.1302,-80.8773
Neffs,OH,40.0284,-80.8245
Powhatan Point,OH,39.8679,-80.8168
Shadyside,OH,39.9675,-80.7643
Saint Clairsville,OH,40.0778,-80.9788
Lafferty,OH,40.111,-81.0102
Warnock,OH,40.0226,-80.9373
Bannock,OH,40.1032,-80.9756
Flushing,OH,40.1451,-81.0757
Piedmont,OH,40.1507,-81.2145
Holloway,OH,40.1623,-81.1326
Aberdeen,OH,38.6709,-83.7637
Decatur,OH,38.8237,-83.6995
Fayetteville,OH,39.1862,-83.9501
Feesburg,OH,38.8806,-84.0087
Georgetown,OH,38.8717,-83.9092
Hamersville,OH,38.92,-83.9931
Higginsport,OH,38.7903,-83.9666
Mount Orab,OH,39.0454,-83.948
Ripley,OH,38.7551,-83.8227
Russellville,OH,38.8511,-83.7625
Sardinia,OH,38.9832,-83.7966
Cincinnati,OH,39.170541,-84.504528
College Corner,OH,39.5755,-84.805
Collinsville,OH,39.5153,-84.6094
Hamilton,OH,39.4081,-84.563475
Fairfield,OH,39.3838,-84.5618
Middletown,OH,39.5236,-84.39395
Monroe,OH,39.4413,-84.3652
Okeana,OH,39.3537,-84.7761
Overpeck,OH,39.4518,-84.5152
Oxford,OH,39.507,-84.7452
Ross,OH,39.3124,-84.6483
Seven Mile,OH,39.479,-84.5512
Shandon,OH,39.3258,-84.7121
Somerville,OH,39.5554,-84.6219
Trenton,OH,39.4799,-84.4598
West Chester,OH,39.33595,-84.4035
Augusta,OH,40.686,-81.0219
Carrollton,OH,40.5787,-81.0818
Dellroy,OH,40.5861,-81.1986
Leesville,OH,40.4517,-81.212
Malvern,OH,40.6845,-81.1838
Mechanicstown,OH,40.6263,-80.956
Sherrodsville,OH,40.5184,-81.2339
Cable,OH,40.1784,-83.647
Mechanicsburg,OH,40.0647,-83.5724
Mingo,OH,40.2049,-83.6466
North Lewisburg,OH,40.2229,-83.5615
Rosewood,OH,40.2158,-83.9579
Saint Paris,OH,40.1058,-83.9631
Urbana,OH,40.1066,-83.7671
Westville,OH,40.1022,-83.8379
Woodstock,OH,40.1816,-83.5461
Christiansburg,OH,40.0564,-84.0254
Catawba,OH,39.9991,-83.6222
Donnelsville,OH,39.9189,-83.9449
Enon,OH,39.8663,-83.9385
Medway,OH,39.8789,-84.0218
New Carlisle,OH,39.93,-84.0217
North Hampton,OH,39.9893,-83.9389
South Charleston,OH,39.8543,-83.6653
South Vienna,OH,39.9473,-83.6157
Tremont City,OH,40.0139,-83.8333
Springfield,OH,39.92765,-83.8083
Amelia,OH,39.0211,-84.2112
Batavia,OH,39.0957,-84.1451
Bethel,OH,38.9424,-84.0919
Chilo,OH,38.7926,-84.1382
Felicity,OH,38.8262,-84.0986
Goshen,OH,39.2209,-84.1188
Loveland,OH,39.2445,-84.2588
Miamiville,OH,39.2137,-84.3002
Milford,OH,39.1657,-84.233
Moscow,OH,38.8583,-84.1958
Neville,OH,38.8101,-84.2122
New Richmond,OH,38.9537,-84.2379
Newtonsville,OH,39.182,-84.0863
Owensville,OH,39.1232,-84.135
Williamsburg,OH,39.0753,-84.0432
Blanchester,OH,39.3034,-83.974
Clarksville,OH,39.4042,-83.9594
Cuba,OH,39.3568,-83.8572
Martinsville,OH,39.3127,-83.8005
Midland,OH,39.2917,-83.8931
New Vienna,OH,39.3321,-83.6882
Port William,OH,39.5514,-83.7881
Reesville,OH,39.4805,-83.6772
Sabina,OH,39.49,-83.6503
Wilmington,OH,39.4488,-83.8417
East Liverpool,OH,40.6774,-80.6006
Salineville,OH,40.6195,-80.835
Summitville,OH,40.6781,-80.8862
Wellsville,OH,40.6171,-80.6621
Columbiana,OH,40.8853,-80.6975
East Palestine,OH,40.8406,-80.5465
Elkton,OH,40.763,-80.7042
Hanoverton,OH,40.7731,-80.9144
Kensington,OH,40.7142,-80.9381
Leetonia,OH,40.8631,-80.7585
Lisbon,OH,40.7592,-80.7587
Negley,OH,40.7579,-80.553
New Waterford,OH,40.8489,-80.6209
Rogers,OH,40.7789,-80.6202
Salem,OH,40.9,-80.8619
Washingtonville,OH,40.8973,-80.7631
West Point,OH,40.7093,-80.7014
Winona,OH,40.8286,-80.8967
East Rochester,OH,40.7563,-81.0175
Homeworth,OH,40.8301,-81.0333
North Georgetown,OH,40.8436,-80.9794
Bakersville,OH,40.3572,-81.6436
Blissfield,OH,40.3983,-81.9688
Conesville,OH,40.1804,-81.8951
Coshocton,OH,40.2754,-81.866
Fresno,OH,40.3711,-81.7623
Keene,OH,40.3513,-81.8736
Plainfield,OH,40.2087,-81.7197
Walhonding,OH,40.3407,-82.1559
Warsaw,OH,40.3172,-82.056
West Lafayette,OH,40.2718,-81.7361
Bucyrus,OH,40.8103,-82.9698
Chatfield,OH,40.9542,-82.9432
Crestline,OH,40.7927,-82.7367
Galion,OH,40.7303,-82.7939
New Washington,OH,40.9571,-82.8504
North Robinson,OH,40.7934,-82.8566
Oceola,OH,40.8357,-83.1029
Sulphur Springs,OH,40.8709,-82.8771
Tiro,OH,40.881,-82.797
Berea,OH,41.3676,-81.8618
Chagrin Falls,OH,41.4183,-81.3678
Gates Mills,OH,41.5324,-81.415
North Olmsted,OH,41.4201,-81.9131
Cleveland,OH,41.52308,-81.655405
Lakewood,OH,41.4847,-81.8018
Rocky River,OH,41.4694,-81.8512
Euclid,OH,41.593,-81.516933
Beachwood,OH,41.4701,-81.5232
Independence,OH,41.3809,-81.6642
North Royalton,OH,41.3232,-81.7457
Strongsville,OH,41.3133,-81.84235
Maple Heights,OH,41.4105,-81.5603
Olmsted Falls,OH,41.3734,-81.9158
Solon,OH,41.3866,-81.4421
Bay Village,OH,41.4841,-81.9289
Brecksville,OH,41.3166,-81.6261
Brookpark,OH,41.3979,-81.8118
Westlake,OH,41.4535,-81.9218
Bedford,OH,41.3921,-81.5232
Broadview Heights,OH,41.3141,-81.6731
Ansonia,OH,40.2151,-84.6406
Arcanum,OH,39.9888,-84.5312
Gettysburg,OH,40.1147,-84.4934
Greenville,OH,40.0987,-84.6342
Hollansburg,OH,39.9899,-84.7901
New Madison,OH,39.9687,-84.7222
New Weston,OH,40.3349,-84.6308
North Star,OH,40.3243,-84.5737
Osgood,OH,40.3406,-84.4963
Palestine,OH,40.0503,-84.7457
Pitsburg,OH,39.987,-84.4866
Rossburg,OH,40.2946,-84.6264
Versailles,OH,40.2273,-84.4957
Yorkshire,OH,40.3283,-84.4836
Union City,OH,40.2018,-84.7832
Defiance,OH,41.2799,-84.3626
Evansport,OH,41.4222,-84.3966
Farmer,OH,41.3907,-84.6313
Hicksville,OH,41.3034,-84.7589
Jewell,OH,41.3258,-84.2793
Mark Center,OH,41.2917,-84.6278
Ney,OH,41.3781,-84.5269
Sherwood,OH,41.2946,-84.5417
Ashley,OH,40.4163,-82.9542
Delaware,OH,40.2932,-83.0723
Galena,OH,40.2011,-82.8749
Kilbourne,OH,40.3286,-82.9588
Lewis Center,OH,40.1879,-82.9878
Ostrander,OH,40.274,-83.1978
Powell,OH,40.1834,-83.0912
Radnor,OH,40.3918,-83.1781
Sunbury,OH,40.2655,-82.8511
Westerville,OH,40.078667,-82.934633
Kelleys Island,OH,41.6008,-82.7068
Vermilion,OH,41.41,-82.3554
Berlin Heights,OH,41.3205,-82.4777
Birmingham,OH,41.3349,-82.355
Castalia,OH,41.3872,-82.7994
Huron,OH,41.3757,-82.5386
Milan,OH,41.3111,-82.6126
Sandusky,OH,41.4419,-82.70715
Millersport,OH,39.8993,-82.5283
Amanda,OH,39.6251,-82.7552
Baltimore,OH,39.8645,-82.624
Bremen,OH,39.6909,-82.4096
Canal Winchester,OH,39.8349,-82.8044
Carroll,OH,39.7957,-82.7084
Lancaster,OH,39.7187,-82.6031
Lithopolis,OH,39.8013,-82.8125
Pickerington,OH,39.9061,-82.7563
Pleasantville,OH,39.8227,-82.5043
Rushville,OH,39.7674,-82.428
Stoutsville,OH,39.6067,-82.8193
Sugar Grove,OH,39.6277,-82.5321
Thurston,OH,39.8427,-82.5462
Bloomingburg,OH,39.6286,-83.4095
Jeffersonville,OH,39.659,-83.5687
Milledgeville,OH,39.5937,-83.5873
Washington Court House,OH,39.537,-83.455
Amlin,OH,40.072,-83.1792
Blacklick,OH,40.021,-82.8079
Dublin,OH,40.1039,-83.13415
Hilliard,OH,40.0322,-83.1383
New Albany,OH,40.0847,-82.7988
Reynoldsburg,OH,39.9553,-82.80135
Columbus,OH,39.99226,-82.991882
Brice,OH,39.9181,-82.8321
Galloway,OH,39.9366,-83.1838
Grove City,OH,39.8814,-83.0839
Groveport,OH,39.896167,-82.930067
Harrisburg,OH,39.8139,-83.1664
Lockbourne,OH,39.8117,-82.97445
Archbold,OH,41.5333,-84.3048
Delta,OH,41.5577,-83.9866
Fayette,OH,41.6717,-84.325
Lyons,OH,41.6905,-84.0624
Metamora,OH,41.6952,-83.926
Pettisville,OH,41.5306,-84.2297
Swanton,OH,41.5945,-83.8718
Wauseon,OH,41.5668,-84.1537
Bidwell,OH,38.9276,-82.2701
Cheshire,OH,38.9587,-82.1235
Crown City,OH,38.6135,-82.2657
Gallipolis,OH,38.8148,-82.229
Kerr,OH,38.8683,-82.2562
Patriot,OH,38.777,-82.4275
Rio Grande,OH,38.8814,-82.3782
Thurman,OH,38.8705,-82.4063
Vinton,OH,38.9783,-82.357
Burton,OH,41.4527,-81.1526
Chardon,OH,41.5719,-81.2056
Chesterland,OH,41.5344,-81.3421
East Claridon,OH,41.5333,-81.1112
Huntsburg,OH,41.5384,-81.0734
Middlefield,OH,41.4455,-81.0373
Montville,OH,41.6034,-81.057
Newbury,OH,41.475,-81.2345
Novelty,OH,41.48555,-81.33745
Parkman,OH,41.3706,-81.0651
Thompson,OH,41.6762,-81.0573
Alpha,OH,39.7117,-84.0233
Bellbrook,OH,39.6402,-84.0824
Bowersville,OH,39.5806,-83.7249
Cedarville,OH,39.7484,-83.8013
Clifton,OH,39.797,-83.8256
Fairborn,OH,39.8053,-84.0198
Jamestown,OH,39.6428,-83.7504
Spring Valley,OH,39.6083,-84.026
Wilberforce,OH,39.7128,-83.8781
Xenia,OH,39.6842,-83.9369
Yellow Springs,OH,39.7996,-83.8891
Dayton,OH,39.746584,-84.19954
Buffalo,OH,39.9159,-81.5201
Byesville,OH,39.9623,-81.5485
Cambridge,OH,40.027,-81.582
Cumberland,OH,39.852,-81.6576
Derwent,OH,39.9236,-81.543
Fairview,OH,40.065,-81.2558
Kimbolton,OH,40.1589,-81.549
Kipling,OH,39.9945,-81.5006
Lore City,OH,40.0459,-81.4479
Old Washington,OH,40.0392,-81.4522
Pleasant City,OH,39.9095,-81.558
Quaker City,OH,39.9866,-81.2899
Salesville,OH,40.0081,-81.3728
Senecaville,OH,39.9337,-81.458
Addyston,OH,39.1374,-84.7096
Cleves,OH,39.1937,-84.734
Harrison,OH,39.2592,-84.7837
Hooven,OH,39.1773,-84.7627
Miamitown,OH,39.2159,-84.7041
Mount Saint Joseph,OH,39.0965,-84.6431
North Bend,OH,39.1536,-84.7273
Camp Dennison,OH,39.1962,-84.2897
Terrace Park,OH,39.1602,-84.3098
Arcadia,OH,41.1116,-83.5019
Arlington,OH,40.8761,-83.6685
Benton Ridge,OH,41.0031,-83.7931
Findlay,OH,41.04455,-83.6478
Jenera,OH,40.9004,-83.7256
Mc Comb,OH,41.1125,-83.8014
Mount Blanchard,OH,40.8929,-83.5553
Mount Cory,OH,40.9437,-83.8093
Rawson,OH,40.9589,-83.7841
Van Buren,OH,41.1327,-83.6473
Vanlue,OH,40.9583,-83.4971
Williamstown,OH,40.834,-83.6518
Kenton,OH,40.6404,-83.6111
Mount Victory,OH,40.5232,-83.4942
Ridgeway,OH,40.5209,-83.5702
Roundhead,OH,40.5732,-83.8462
Ada,OH,40.7709,-83.8154
Alger,OH,40.706,-83.825
Dola,OH,40.7598,-83.7001
Dunkirk,OH,40.7824,-83.6339
Forest,OH,40.7816,-83.5351
Mc Guffey,OH,40.6899,-83.8111
Cadiz,OH,40.2632,-81.0307
Freeport,OH,40.1925,-81.277
Harrisville,OH,40.1815,-80.8882
Hopedale,OH,40.3496,-80.9021
New Athens,OH,40.1839,-80.9959
New Rumley,OH,40.4017,-81.0309
Jewett,OH,40.3745,-81.0004
Scio,OH,40.4012,-81.1016
Deersville,OH,40.2947,-81.1839
Bowerston,OH,40.4371,-81.1862
Tippecanoe,OH,40.2797,-81.2919
Colton,OH,41.4199,-84.0137
Deshler,OH,41.2239,-83.8964
Grelton,OH,41.3411,-84.0005
Hamler,OH,41.2292,-84.0341
Holgate,OH,41.2549,-84.1447
Liberty Center,OH,41.4514,-83.9859
Mc Clure,OH,41.3773,-83.9425
Malinta,OH,41.3084,-84.0457
Napoleon,OH,41.391,-84.1433
New Bavaria,OH,41.2037,-84.1683
Okolona,OH,41.3267,-84.1117
Ridgeville Corners,OH,41.4351,-84.2544
Greenfield,OH,39.3478,-83.3898
Highland,OH,39.3445,-83.5974
Hillsboro,OH,39.1679,-83.6064
Leesburg,OH,39.3458,-83.5481
Lynchburg,OH,39.2119,-83.8021
Mowrystown,OH,39.0388,-83.7505
Sinking Spring,OH,39.0738,-83.3853
Carbon Hill,OH,39.5045,-82.2429
Haydenville,OH,39.4766,-82.3281
Laurelville,OH,39.4757,-82.7212
Logan,OH,39.5372,-82.4126
Murray City,OH,39.5055,-82.1711
Rockbridge,OH,39.5509,-82.5626
South Bloomingville,OH,39.4174,-82.5923
Union Furnace,OH,39.4617,-82.3563
Berlin,OH,40.5612,-81.7943
Big Prairie,OH,40.6188,-82.072
Charm,OH,40.5071,-81.7829
Glenmont,OH,40.5217,-82.1505
Holmesville,OH,40.633,-81.9275
Killbuck,OH,40.4933,-81.9837
Lakeville,OH,40.652,-82.1455
Millersburg,OH,40.5567,-81.8324
Mount Hope,OH,40.6223,-81.7825
Nashville,OH,40.5956,-82.113
Walnut Creek,OH,40.5415,-81.7218
Winesburg,OH,40.6164,-81.6951
Bellevue,OH,41.2684,-82.8577
Collins,OH,41.245,-82.4904
Greenwich,OH,41.0407,-82.5133
Monroeville,OH,41.2181,-82.7023
New Haven,OH,41.035,-82.677
New London,OH,41.0906,-82.3966
North Fairfield,OH,41.103,-82.5998
Norwalk,OH,41.2403,-82.6078
Willard,OH,41.05795,-82.72755
Wakeman,OH,41.2637,-82.3782
Coalton,OH,39.1108,-82.6077
Jackson,OH,39.0428,-82.6472
Oak Hill,OH,38.8916,-82.5883
Wellston,OH,39.1189,-82.5485
Adena,OH,40.2126,-80.8815
Amsterdam,OH,40.4731,-80.9596
Bergholz,OH,40.5195,-80.884
Bloomingdale,OH,40.3742,-80.8072
Brilliant,OH,40.2683,-80.6319
Dillonvale,OH,40.2251,-80.8031
East Springfield,OH,40.4506,-80.8604
Empire,OH,40.5092,-80.6241
Hammondsville,OH,40.5676,-80.7659
Irondale,OH,40.5111,-80.7915
Mingo Junction,OH,40.3203,-80.625
Mount Pleasant,OH,40.1753,-80.7979
Piney Fork,OH,40.2639,-80.8358
Rayland,OH,40.2083,-80.7125
Richmond,OH,40.4261,-80.7613
Smithfield,OH,40.2709,-80.7815
Steubenville,OH,40.3611,-80.65605
Stratton,OH,40.5185,-80.6285
Tiltonsville,OH,40.1681,-80.6996
Toronto,OH,40.4733,-80.6325
Wolf Run,OH,40.4673,-80.8893
Yorkville,OH,40.1581,-80.7077
Bladensburg,OH,40.2845,-82.284
Brinkhaven,OH,40.4583,-82.1553
Centerburg,OH,40.2865,-82.68
Danville,OH,40.4557,-82.2639
Fredericktown,OH,40.4976,-82.5857
Gambier,OH,40.3782,-82.3828
Howard,OH,40.4158,-82.3334
Martinsburg,OH,40.268,-82.3567
Mount Liberty,OH,40.3467,-82.6302
Mount Vernon,OH,40.3849,-82.4873
Grand River,OH,41.7427,-81.2821
Madison,OH,41.8054,-81.0588
Mentor,OH,41.67785,-81.34085
Painesville,OH,41.7079,-81.199
Perry,OH,41.7679,-81.1433
Wickliffe,OH,41.6046,-81.4692
Willoughby,OH,41.635,-81.40705
Eastlake,OH,41.6563,-81.44745
Chesapeake,OH,38.4551,-82.4504
Ironton,OH,38.5294,-82.6654
Kitts Hill,OH,38.5649,-82.5489
Pedro,OH,38.6503,-82.6477
Proctorville,OH,38.4635,-82.3523
Rock Camp,OH,38.5367,-82.5327
Scottown,OH,38.594,-82.3967
South Point,OH,38.4339,-82.5529
Waterloo,OH,38.7182,-82.5174
Willow Wood,OH,38.594,-82.453
Alexandria,OH,40.106,-82.6077
Buckeye Lake,OH,39.9337,-82.4724
Croton,OH,40.2376,-82.6989
Etna,OH,39.9572,-82.6837
Granville,OH,40.0788,-82.5194
Hebron,OH,39.9535,-82.4919
Homer,OH,40.2528,-82.5177
Jacksontown,OH,39.9595,-82.4129
Johnstown,OH,40.1445,-82.6973
Kirkersville,OH,39.961,-82.5998
Newark,OH,40.0752,-82.429533
Heath,OH,40.0197,-82.3875
Pataskala,OH,40.0009,-82.6687
Saint Louisville,OH,40.1818,-82.356
Summit Station,OH,39.9965,-82.754
Utica,OH,40.2441,-82.4135
Brownsville,OH,39.947,-82.2565
Gratiot,OH,39.9522,-82.2128
Belle Center,OH,40.5024,-83.7688
Bellefontaine,OH,40.3605,-83.7571
De Graff,OH,40.3058,-83.9153
East Liberty,OH,40.3077,-83.5862
Huntsville,OH,40.4413,-83.7927
Lakeview,OH,40.5019,-83.9202
Lewistown,OH,40.4277,-83.9209
Middleburg,OH,40.2926,-83.5824
Quincy,OH,40.2876,-83.9744
Rushsylvania,OH,40.4658,-83.6598
Russells Point,OH,40.4675,-83.887
West Liberty,OH,40.2625,-83.7528
West Mansfield,OH,40.4043,-83.5243
Zanesfield,OH,40.3211,-83.6405
Amherst,OH,41.3617,-82.2538
Avon,OH,41.4467,-82.0204
Avon Lake,OH,41.5019,-82.0111
Columbia Station,OH,41.3187,-81.9344
Elyria,OH,41.38695,-82.0911
North Ridgeville,OH,41.3964,-82.0033
Grafton,OH,41.2854,-82.0431
Kipton,OH,41.2664,-82.3064
Lagrange,OH,41.2423,-82.1279
Lorain,OH,41.441967,-82.169933
Sheffield Lake,OH,41.4823,-82.0965
Oberlin,OH,41.2899,-82.2229
Wellington,OH,41.1712,-82.2269
Toledo,OH,41.675647,-83.530619
Harbor View,OH,41.6934,-83.4444
Berkey,OH,41.6989,-83.831
Holland,OH,41.6226,-83.7257
Maumee,OH,41.5817,-83.6628
Monclova,OH,41.5684,-83.7757
Neapolis,OH,41.492,-83.8706
Sylvania,OH,41.708,-83.7068
Waterville,OH,41.5022,-83.7331
Whitehouse,OH,41.5194,-83.8115
Oregon,OH,41.6418,-83.4714
Plain City,OH,40.0974,-83.269
London,OH,39.9001,-83.4439
Mount Sterling,OH,39.7175,-83.2806
Sedalia,OH,39.733,-83.4764
South Solon,OH,39.7423,-83.597
West Jefferson,OH,39.9424,-83.2853
Berlin Center,OH,41.0243,-80.9341
Campbell,OH,41.0778,-80.5897
Canfield,OH,41.0293,-80.7564
Ellsworth,OH,41.0242,-80.8573
Greenford,OH,40.9439,-80.7915
Lake Milton,OH,41.1014,-80.9724
Lowellville,OH,41.0503,-80.5416
New Middletown,OH,40.9646,-80.5534
New Springfield,OH,40.9265,-80.5856
North Benton,OH,40.9876,-81.0162
North Jackson,OH,41.088,-80.8623
North Lima,OH,40.9649,-80.6549
Petersburg,OH,40.9049,-80.54
Struthers,OH,41.0508,-80.5985
Youngstown,OH,41.077573,-80.680313
Beloit,OH,40.8957,-80.9897
Damascus,OH,40.9021,-80.9628
Sebring,OH,40.9227,-81.0232
Marion,OH,40.6021,-83.0982
Caledonia,OH,40.6272,-82.9925
Green Camp,OH,40.5322,-83.2078
La Rue,OH,40.5789,-83.3734
Martel,OH,40.6685,-82.91
Morral,OH,40.6954,-83.2046
New Bloomington,OH,40.6073,-83.3224
Prospect,OH,40.4727,-83.1763
Waldo,OH,40.4605,-83.0706
Brunswick,OH,41.2471,-81.828
Chippewa Lake,OH,41.0653,-81.9017
Hinckley,OH,41.2419,-81.7453
Homerville,OH,41.0267,-82.125
Westfield Center,OH,41.0288,-81.9283
Litchfield,OH,41.1668,-82.0157
Lodi,OH,41.0327,-82.0147
Medina,OH,41.134,-81.84975
Seville,OH,41.0227,-81.8562
Sharon Center,OH,41.0992,-81.7343
Spencer,OH,41.0983,-82.0999
Valley City,OH,41.2368,-81.9245
Wadsworth,OH,41.032,-81.73365
Chester,OH,39.0856,-81.9214
Langsville,OH,39.0697,-82.2499
Long Bottom,OH,39.0802,-81.8887
Middleport,OH,38.9993,-82.06
Pomeroy,OH,39.0607,-82.0331
Portland,OH,38.9999,-81.8135
Racine,OH,38.9786,-81.9258
Reedsville,OH,39.149,-81.7924
Rutland,OH,39.0909,-82.1486
Syracuse,OH,38.9976,-81.974
Tuppers Plains,OH,39.1683,-81.8423
Burkettsville,OH,40.3541,-84.6435
Celina,OH,40.5566,-84.6287
Chickasaw,OH,40.437,-84.4933
Coldwater,OH,40.4846,-84.6517
Fort Recovery,OH,40.4018,-84.7613
Maria Stein,OH,40.4062,-84.5076
Mendon,OH,40.6777,-84.5152
Montezuma,OH,40.489,-84.5494
Rockford,OH,40.6771,-84.6642
Saint Henry,OH,40.4091,-84.6333
Bradford,OH,40.1286,-84.4293
Casstown,OH,40.0716,-84.1088
Conover,OH,40.1457,-84.0283
Covington,OH,40.1176,-84.3496
Fletcher,OH,40.1445,-84.101
Laura,OH,39.9785,-84.3994
Ludlow Falls,OH,39.9871,-84.3334
Piqua,OH,40.1486,-84.2531
Pleasant Hill,OH,40.0531,-84.3436
Potsdam,OH,39.9635,-84.4145
Tipp City,OH,39.942,-84.1663
Troy,OH,40.0387,-84.2165
West Milton,OH,39.9531,-84.3242
Beallsville,OH,39.8484,-81.0368
Jerusalem,OH,39.8488,-81.0921
Laings,OH,39.7171,-81.01
Lewisville,OH,39.7684,-81.2316
Malaga,OH,39.8594,-81.1516
Stafford,OH,39.7112,-81.2758
Woodsfield,OH,39.7515,-81.0759
Cameron,OH,39.7687,-80.9454
Clarington,OH,39.7819,-80.9113
Hannibal,OH,39.6673,-80.872
Sardis,OH,39.6526,-80.9243
Graysville,OH,39.663,-81.1822
Brookville,OH,39.8414,-84.4165
Clayton,OH,39.8551,-84.3399
Englewood,OH,39.877,-84.3319
Farmersville,OH,39.6867,-84.4205
Germantown,OH,39.6244,-84.3764
Miamisburg,OH,39.6913,-84.26805
New Lebanon,OH,39.7398,-84.3956
Phillipsburg,OH,39.9054,-84.4028
Vandalia,OH,39.8883,-84.2023
Chesterhill,OH,39.4953,-81.8773
Mcconnelsville,OH,39.6487,-81.8532
Malta,OH,39.6482,-81.9127
Stockport,OH,39.549,-81.8262
Cardington,OH,40.5066,-82.9337
Chesterville,OH,40.4789,-82.6828
Edison,OH,40.5905,-82.9023
Fulton,OH,40.4626,-82.8288
Iberia,OH,40.6703,-82.8435
Marengo,OH,40.3895,-82.8121
Mount Gilead,OH,40.5384,-82.8062
Shauck,OH,40.6142,-82.6619
Sparta,OH,40.5289,-82.8229
Zanesville,OH,39.93385,-82.00865
Blue Rock,OH,39.8,-81.891
Chandlersville,OH,39.8897,-81.8301
Duncan Falls,OH,39.8778,-81.9117
East Fultonham,OH,39.8501,-82.1221
Fultonham,OH,39.8555,-82.1378
Hopewell,OH,39.9601,-82.1756
New Concord,OH,40.0088,-81.7387
Norwich,OH,39.9934,-81.8024
Philo,OH,39.8458,-81.9175
Roseville,OH,39.8187,-82.0792
White Cottage,OH,39.8713,-82.0987
Adamsville,OH,40.0793,-81.8718
Dresden,OH,40.1069,-81.9998
Frazeysburg,OH,40.1316,-82.1293
Nashport,OH,40.0386,-82.0998
Trinway,OH,40.1412,-82.0099
Ava,OH,39.8317,-81.5748
Belle Valley,OH,39.7906,-81.5562
Caldwell,OH,39.7467,-81.5153
Sarahsville,OH,39.8162,-81.4243
Summerfield,OH,39.8036,-81.332
Dexter City,OH,39.6526,-81.4672
Clay Center,OH,41.5686,-83.3632
Curtice,OH,41.6477,-83.2858
Elmore,OH,41.4681,-83.2767
Genoa,OH,41.53,-83.359
Graytown,OH,41.5647,-83.2613
Gypsum,OH,41.5038,-82.8708
Isle Saint George,OH,41.7153,-82.8227
Lacarne,OH,41.5181,-83.0413
Lakeside Marblehead,OH,41.5247,-82.7766
Martin,OH,41.5694,-83.3116
Middle Bass,OH,41.6835,-82.8047
Oak Harbor,OH,41.5236,-83.1278
Port Clinton,OH,41.512,-82.9377
Put In Bay,OH,41.6514,-82.8226
Rocky Ridge,OH,41.5302,-83.2128
Williston,OH,41.6037,-83.3399
Antwerp,OH,41.1887,-84.7448
Cecil,OH,41.2174,-84.6296
Grover Hill,OH,41.0245,-84.4956
Haviland,OH,41.0329,-84.6139
Latty,OH,41.0879,-84.5841
Melrose,OH,41.0812,-84.4287
Oakwood,OH,41.0908,-84.3969
Paulding,OH,41.141,-84.5722
Payne,OH,41.0807,-84.7341
Thornville,OH,39.8974,-82.4071
Corning,OH,39.6361,-82.1102
Crooksville,OH,39.7623,-82.084
Glenford,OH,39.8699,-82.3026
Junction City,OH,39.6965,-82.3155
Mount Perry,OH,39.8788,-82.188
Moxahala,OH,39.6626,-82.1363
New Lexington,OH,39.7174,-82.2019
New Straitsville,OH,39.5869,-82.2488
Shawnee,OH,39.611,-82.2085
Somerset,OH,39.7936,-82.2991
Ashville,OH,39.7316,-82.9446
Circleville,OH,39.5988,-82.93
Commercial Point,OH,39.7699,-83.0602
Derby,OH,39.7687,-83.2057
New Holland,OH,39.5589,-83.2504
Orient,OH,39.7954,-83.1543
Tarlton,OH,39.5535,-82.7763
Williamsport,OH,39.6117,-83.1251
Beaver,OH,39.0332,-82.8514
Cynthiana,OH,39.1737,-83.3485
Jasper,OH,39.0523,-83.05
Latham,OH,39.0804,-83.3283
Piketon,OH,39.0437,-83.121
Stockdale,OH,38.9555,-82.8584
Wakefield,OH,38.9703,-83.0199
Waverly,OH,39.1264,-83.0049
Atwater,OH,41.0335,-81.1985
Aurora,OH,41.3176,-81.3454
Brady Lake,OH,41.1698,-81.3124
Garrettsville,OH,41.2988,-81.0704
Hiram,OH,41.3323,-81.1464
Kent,OH,41.1487,-81.349733
Streetsboro,OH,41.2491,-81.3383
Mantua,OH,41.2941,-81.2283
Randolph,OH,41.0328,-81.2484
Ravenna,OH,41.1649,-81.2337
Rootstown,OH,41.0995,-81.2026
Wayland,OH,41.1597,-81.07
Windham,OH,41.2392,-81.0535
Deerfield,OH,41.0359,-81.0528
Diamond,OH,41.0935,-81.0425
West Elkton,OH,39.5897,-84.5581
Camden,OH,39.6134,-84.61
Eaton,OH,39.7426,-84.6508
Eldorado,OH,39.8882,-84.6786
Gratis,OH,39.6483,-84.5282
Lewisburg,OH,39.8534,-84.5369
New Paris,OH,39.8617,-84.7793
Verona,OH,39.9029,-84.4887
West Alexandria,OH,39.7259,-84.5352
West Manchester,OH,39.9026,-84.6194
Belmore,OH,41.1539,-83.9413
Cloverdale,OH,41.0379,-84.2938
Columbus Grove,OH,40.9137,-84.0705
Continental,OH,41.1148,-84.2358
Dupont,OH,41.0463,-84.3195
Fort Jennings,OH,40.9484,-84.2374
Glandorf,OH,41.0289,-84.0791
Kalida,OH,40.9828,-84.1994
Leipsic,OH,41.1092,-83.9957
Miller City,OH,41.1038,-84.1315
Ottawa,OH,41.0192,-84.0472
Ottoville,OH,40.9323,-84.3388
Pandora,OH,40.9509,-83.9521
Vaughnsville,OH,40.8821,-84.148
Bellville,OH,40.6136,-82.5175
Butler,OH,40.5438,-82.399
Lucas,OH,40.7039,-82.4087
Ontario,OH,40.7729,-82.5321
Plymouth,OH,41.0003,-82.6635
Shelby,OH,40.8784,-82.6549
Shiloh,OH,40.934,-82.5222
Mansfield,OH,40.760929,-82.516871
Adelphi,OH,39.4667,-82.7471
Clarksburg,OH,39.4904,-83.1563
Chillicothe,OH,39.338,-82.9895
Bainbridge,OH,39.2131,-83.2763
Bourneville,OH,39.2804,-83.159
Frankfort,OH,39.391,-83.2034
Hallsville,OH,39.4656,-82.7479
Kingston,OH,39.4414,-82.8488
Londonderry,OH,39.2723,-82.7833
Richmond Dale,OH,39.2039,-82.812
South Salem,OH,39.3021,-83.272
Burgoon,OH,41.268,-83.2475
Clyde,OH,41.3024,-82.9918
Fremont,OH,41.3498,-83.1181
Gibsonburg,OH,41.3805,-83.3358
Helena,OH,41.326,-83.3186
Lindsey,OH,41.4147,-83.2135
Vickery,OH,41.391,-82.899
Woodville,OH,41.4512,-83.3646
Franklin Furnace,OH,38.6282,-82.8145
Friendship,OH,38.6991,-83.0916
Haverhill,OH,38.5848,-82.8321
Lucasville,OH,38.88665,-82.9954
Mc Dermott,OH,38.8362,-83.0689
Minford,OH,38.8751,-82.8555
Otway,OH,38.852,-83.2222
Portsmouth,OH,38.7932,-82.9306
West Portsmouth,OH,38.7495,-83.1335
Rarden,OH,38.9577,-83.2365
Scioto Furnace,OH,38.7941,-82.7555
South Webster,OH,38.82,-82.7202
Stout,OH,38.6546,-83.209
Wheelersburg,OH,38.7418,-82.8204
Alvada,OH,41.0463,-83.377
Attica,OH,41.0773,-82.9032
Bascom,OH,41.1328,-83.2854
Bettsville,OH,41.2469,-83.2398
Bloomville,OH,41.0182,-82.9899
Flat Rock,OH,41.2371,-82.8597
Fostoria,OH,41.1623,-83.4139
Green Springs,OH,41.2281,-83.0885
Kansas,OH,41.2512,-83.306
Melmore,OH,41.0242,-83.1098
New Riegel,OH,41.0514,-83.3185
Old Fort,OH,41.2395,-83.1479
Republic,OH,41.1259,-83.0194
Tiffin,OH,41.1238,-83.1844
Anna,OH,40.4051,-84.2103
Botkins,OH,40.4659,-84.178
Houston,OH,40.2535,-84.3521
Jackson Center,OH,40.4358,-84.0457
Kettlersville,OH,40.4413,-84.2626
Maplewood,OH,40.3643,-84.0565
Pemberton,OH,40.2952,-84.0323
Port Jefferson,OH,40.3307,-84.0926
Russia,OH,40.2341,-84.4123
Sidney,OH,40.2858,-84.15885
Fort Loramie,OH,40.3306,-84.3741
Alliance,OH,40.9158,-81.1182
Beach City,OH,40.6562,-81.5851
Brewster,OH,40.7142,-81.5957
Canal Fulton,OH,40.8887,-81.5773
East Sparta,OH,40.6971,-81.3687
Greentown,OH,40.9295,-81.4001
Hartville,OH,40.9618,-81.3239
Limaville,OH,40.9836,-81.1497
Louisville,OH,40.8477,-81.2595
Magnolia,OH,40.6514,-81.3076
Massillon,OH,40.806433,-81.472967
Maximo,OH,40.8746,-81.1739
Middlebranch,OH,40.8951,-81.3262
Minerva,OH,40.742,-81.1031
Navarre,OH,40.7204,-81.5338
North Lawrence,OH,40.8387,-81.6299
Paris,OH,40.8014,-81.154
Robertsville,OH,40.7647,-81.1879
Waynesburg,OH,40.6829,-81.2659
Wilmot,OH,40.6567,-81.6352
Canton,OH,40.814772,-81.3829
North Canton,OH,40.7989,-81.3784
East Canton,OH,40.7873,-81.2826
Macedonia,OH,41.3222,-81.4996
Northfield,OH,41.3208,-81.5429
Twinsburg,OH,41.3289,-81.4559
Barberton,OH,41.0197,-81.6212
Bath,OH,41.1889,-81.6362
Clinton,OH,40.9391,-81.5871
Cuyahoga Falls,OH,41.140133,-81.491433
Stow,OH,41.1748,-81.438
Green,OH,40.9325,-81.462
Hudson,OH,41.18725,-81.48835
Lakemore,OH,41.0222,-81.4279
Mogadore,OH,41.0382,-81.359
Munroe Falls,OH,41.142,-81.4376
Peninsula,OH,41.2256,-81.54
Tallmadge,OH,41.0975,-81.426
Richfield,OH,41.2371,-81.6467
Akron,OH,41.079385,-81.528452
Fairlawn,OH,41.1278,-81.6098
Uniontown,OH,40.9637,-81.4211
Bristolville,OH,41.3797,-80.8568
Brookfield,OH,41.248,-80.5788
Burghill,OH,41.3347,-80.5441
Cortland,OH,41.3251,-80.7327
Farmdale,OH,41.3923,-80.6628
Fowler,OH,41.3349,-80.6059
Girard,OH,41.1611,-80.6933
Hartford,OH,41.3091,-80.5847
Hubbard,OH,41.1624,-80.5762
Kinsman,OH,41.4354,-80.5765
Leavittsburg,OH,41.2445,-80.8869
Mc Donald,OH,41.158,-80.7312
Masury,OH,41.2255,-80.5326
Mesopotamia,OH,41.4584,-80.9551
Mineral Ridge,OH,41.1318,-80.7553
Newton Falls,OH,41.191,-80.9701
Niles,OH,41.1824,-80.7558
North Bloomfield,OH,41.4569,-80.8068
Orangeville,OH,41.3252,-80.5336
Southington,OH,41.2983,-80.9485
Vienna,OH,41.2175,-80.655
Warren,OH,41.257233,-80.803183
West Farmington,OH,41.3508,-80.9672
Baltic,OH,40.4476,-81.6792
Newcomerstown,OH,40.2739,-81.594
Port Washington,OH,40.3404,-81.5215
Stone Creek,OH,40.4052,-81.589
Bolivar,OH,40.6347,-81.4464
Dennison,OH,40.4089,-81.3203
Dover,OH,40.5343,-81.4763
Dundee,OH,40.589,-81.6058
Gnadenhutten,OH,40.3584,-81.4343
Midvale,OH,40.438,-81.3729
Mineral City,OH,40.5705,-81.3436
New Philadelphia,OH,40.4845,-81.4358
Sandyville,OH,40.6442,-81.3653
Somerdale,OH,40.5649,-81.3524
Stillwater,OH,40.3234,-81.3084
Strasburg,OH,40.6003,-81.5366
Sugarcreek,OH,40.5148,-81.6604
Tuscarawas,OH,40.3959,-81.4069
Uhrichsville,OH,40.3905,-81.3374
Zoar,OH,40.6142,-81.4223
Broadway,OH,40.3406,-83.4163
Irwin,OH,40.1284,-83.4587
Magnetic Springs,OH,40.3528,-83.2634
Marysville,OH,40.24205,-83.36465
Milford Center,OH,40.1817,-83.4373
Raymond,OH,40.338,-83.4655
Unionville Center,OH,40.1367,-83.3408
Richwood,OH,40.437,-83.3136
Convoy,OH,40.927,-84.7238
Elgin,OH,40.7425,-84.4758
Middle Point,OH,40.8993,-84.4541
Ohio City,OH,40.7854,-84.6731
Scott,OH,40.9892,-84.5845
Van Wert,OH,40.8689,-84.5904
Venedocia,OH,40.7685,-84.462
Willshire,OH,40.7346,-84.7777
Wren,OH,40.8009,-84.7752
Creola,OH,39.3543,-82.503
Hamden,OH,39.1685,-82.51
Mc Arthur,OH,39.28,-82.4753
New Plymouth,OH,39.3884,-82.3892
Ray,OH,39.2077,-82.6908
Wilkesville,OH,39.1416,-82.3682
Zaleski,OH,39.283,-82.3977
Franklin,OH,39.5357,-84.303
Harveysburg,OH,39.5013,-84.0067
Kings Mills,OH,39.358,-84.2473
Lebanon,OH,39.4293,-84.1735
Maineville,OH,39.317,-84.2438
Mason,OH,39.3357,-84.3149
Oregonia,OH,39.4145,-84.0511
South Lebanon,OH,39.3715,-84.2108
Springboro,OH,39.563,-84.2288
Waynesville,OH,39.5285,-84.0815
Morrow,OH,39.3476,-84.1181
Pleasant Plain,OH,39.2884,-84.0967
Barlow,OH,39.3987,-81.6649
Bartlett,OH,39.4195,-81.8157
Belpre,OH,39.2868,-81.5968
Beverly,OH,39.5714,-81.6346
Coal Run,OH,39.5676,-81.5812
Cutler,OH,39.4042,-81.7657
Fleming,OH,39.4136,-81.6078
Little Hocking,OH,39.28,-81.7071
Lowell,OH,39.5385,-81.5197
Lower Salem,OH,39.5611,-81.3968
Macksburg,OH,39.6204,-81.4471
Marietta,OH,39.4281,-81.4644
New Matamoras,OH,39.5288,-81.094
Newport,OH,39.3971,-81.2402
Reno,OH,39.4585,-81.2673
Vincent,OH,39.3374,-81.6743
Waterford,OH,39.5159,-81.6559
Watertown,OH,39.4659,-81.6332
Whipple,OH,39.5136,-81.3668
Wingett Run,OH,39.5428,-81.284
Burbank,OH,40.9637,-81.9958
Creston,OH,40.9788,-81.9211
Doylestown,OH,40.965,-81.6848
Rittman,OH,40.9684,-81.7826
Sterling,OH,40.9369,-81.8305
West Salem,OH,40.9485,-82.1066
Apple Creek,OH,40.7551,-81.8093
Dalton,OH,40.7793,-81.7008
Fredericksburg,OH,40.686,-81.8518
Kidron,OH,40.7384,-81.7428
Marshallville,OH,40.9067,-81.7225
Mount Eaton,OH,40.6949,-81.7026
Orrville,OH,40.8458,-81.7741
Shreve,OH,40.6926,-82.0325
Smithville,OH,40.8592,-81.8633
Wooster,OH,40.8094,-81.9483
Alvordton,OH,41.6625,-84.4355
Blakeslee,OH,41.5239,-84.7303
Bryan,OH,41.4748,-84.5629
Edgerton,OH,41.4425,-84.7349
Edon,OH,41.5842,-84.757
Kunkle,OH,41.6367,-84.4952
Montpelier,OH,41.5982,-84.6147
Pioneer,OH,41.6656,-84.5363
Stryker,OH,41.4861,-84.4089
West Unity,OH,41.5756,-84.4421
Bowling Green,OH,41.37925,-83.6439
Bradner,OH,41.3298,-83.4456
Cygnet,OH,41.2401,-83.6433
Dunbridge,OH,41.4581,-83.6102
Jerry City,OH,41.2559,-83.6022
Lemoyne,OH,41.4959,-83.4741
Luckey,OH,41.4517,-83.4674
Millbury,OH,41.5611,-83.4381
Pemberville,OH,41.4023,-83.4736
Portage,OH,41.3127,-83.6143
Risingsun,OH,41.2706,-83.4326
Rossford,OH,41.6049,-83.5638
Rudolph,OH,41.2967,-83.6832
Stony Ridge,OH,41.5091,-83.5085
Walbridge,OH,41.5861,-83.493
Wayne,OH,41.2993,-83.4701
West Millgrove,OH,41.2426,-83.4896
Custar,OH,41.2953,-83.8349
Grand Rapids,OH,41.4379,-83.8552
Haskins,OH,41.4667,-83.7055
Hoytville,OH,41.1872,-83.7847
Milton Center,OH,41.3009,-83.8296
Perrysburg,OH,41.54995,-83.60995
Tontogany,OH,41.4192,-83.7408
Weston,OH,41.3516,-83.7973
Northwood,OH,41.608,-83.4806
Bloomdale,OH,41.1815,-83.5724
North Baltimore,OH,41.1867,-83.6806
Carey,OH,40.9486,-83.3836
Harpster,OH,40.7475,-83.2343
Kirby,OH,40.813,-83.4196
Upper Sandusky,OH,40.8249,-83.2977
Wharton,OH,40.8612,-83.463
Mc Cutchenville,OH,40.9752,-83.2637
Nevada,OH,40.8259,-83.1266
Sycamore,OH,40.9413,-83.1492
Proctor,OK,36.0308,-94.7613
Bunch,OK,35.6826,-94.7611
Stilwell,OK,35.8107,-94.6313
Watts,OK,36.1152,-94.6345
Westville,OK,35.9912,-94.5926
Aline,OK,36.5056,-98.4574
Amorita,OK,36.9412,-98.2458
Burlington,OK,36.9036,-98.4215
Carmen,OK,36.5842,-98.4578
Cherokee,OK,36.7564,-98.3594
Goltry,OK,36.5314,-98.154
Helena,OK,36.5438,-98.2778
Jet,OK,36.6929,-98.1721
Atoka,OK,34.3445,-96.1418
Caney,OK,34.2221,-96.2584
Daisy,OK,34.5384,-95.7088
Lane,OK,34.2691,-95.9685
Stringtown,OK,34.4676,-96.0002
Gate,OK,36.8757,-100.0734
Balko,OK,36.5996,-100.7103
Beaver,OK,36.8341,-100.5177
Forgan,OK,36.9086,-100.5409
Turpin,OK,36.8664,-100.8779
Carter,OK,35.2208,-99.4822
Elk City,OK,35.4112,-99.4127
Erick,OK,35.2286,-99.8635
Sayre,OK,35.3047,-99.6429
Texola,OK,35.2161,-99.9915
Geary,OK,35.6217,-98.3905
Greenfield,OK,35.7333,-98.3841
Canton,OK,36.0372,-98.5778
Hitchcock,OK,35.9712,-98.3315
Longdale,OK,36.1212,-98.55
Okeene,OK,36.1165,-98.3254
Southard,OK,36.0581,-98.5884
Watonga,OK,35.8538,-98.4175
Mead,OK,33.9944,-96.5299
Durant,OK,33.96405,-96.28825
Achille,OK,33.8396,-96.3648
Albany,OK,33.8815,-96.1628
Bennington,OK,33.9771,-96.0188
Bokchito,OK,33.9859,-96.1621
Caddo,OK,34.1157,-96.26
Calera,OK,33.9322,-96.4308
Cartwright,OK,33.8668,-96.5672
Colbert,OK,33.8575,-96.4953
Hendrix,OK,33.8016,-96.3581
Kemp,OK,33.773,-96.3555
Kenefic,OK,34.1481,-96.3622
Platter,OK,33.907,-96.535
Albert,OK,35.2032,-98.3574
Anadarko,OK,35.0728,-98.2429
Apache,OK,34.9034,-98.3695
Binger,OK,35.3106,-98.3148
Carnegie,OK,35.1235,-98.5755
Cement,OK,34.9321,-98.1466
Cyril,OK,34.8959,-98.2083
Eakly,OK,35.3053,-98.5578
Fort Cobb,OK,35.1161,-98.4303
Gracemont,OK,35.1875,-98.2835
Hinton,OK,35.4675,-98.3313
Hydro,OK,35.452,-98.5604
Lookeba,OK,35.3679,-98.3898
Calumet,OK,35.5476,-98.1512
Concho,OK,35.6193,-97.9796
El Reno,OK,35.5335,-97.9591
Mustang,OK,35.3885,-97.7309
Piedmont,OK,35.6695,-97.7431
Yukon,OK,35.4936,-97.74115
Union City,OK,35.3913,-97.9398
Ardmore,OK,34.2066,-97.1903
Fox,OK,34.3488,-97.4924
Gene Autry,OK,34.2939,-97.0339
Graham,OK,34.3762,-97.4255
Healdton,OK,34.229,-97.4889
Lone Grove,OK,34.1774,-97.2685
Springer,OK,34.3038,-97.1223
Wilson,OK,34.1364,-97.4273
Ratliff City,OK,34.449,-97.5095
Tatums,OK,34.4777,-97.457
Tussy,OK,34.4852,-97.5423
Cookson,OK,35.7116,-94.9132
Hulbert,OK,35.9254,-95.1651
Moodys,OK,36.0458,-94.9669
Park Hill,OK,35.7977,-94.9822
Peggs,OK,36.1154,-95.1199
Tahlequah,OK,35.90475,-95.00935
Welling,OK,35.8819,-94.8653
Boswell,OK,34.0245,-95.8403
Fort Towson,OK,34.052,-95.253
Grant,OK,33.9302,-95.4893
Hugo,OK,34.0113,-95.5139
Sawyer,OK,34.0277,-95.3558
Soper,OK,34.0366,-95.6916
Spencerville,OK,34.1508,-95.3771
Swink,OK,34.0179,-95.2022
Boise City,OK,36.7283,-102.5355
Felt,OK,36.5666,-102.7974
Kenton,OK,36.9031,-102.9653
Keyes,OK,36.8003,-102.2361
Norman,OK,35.213817,-97.41365
Lexington,OK,35.0377,-97.2609
Noble,OK,35.1417,-97.3409
Oklahoma City,OK,35.494951,-97.488642
Centrahoma,OK,34.6066,-96.3386
Clarita,OK,34.4829,-96.4333
Coalgate,OK,34.5344,-96.2167
Lehigh,OK,34.4756,-96.1889
Tupelo,OK,34.5598,-96.4274
Lawton,OK,34.61472,-98.41248
Fort Sill,OK,34.6595,-98.4004
Cache,OK,34.6131,-98.6154
Chattanooga,OK,34.4262,-98.6514
Elgin,OK,34.772,-98.4073
Faxon,OK,34.4645,-98.5577
Fletcher,OK,34.7847,-98.2002
Geronimo,OK,34.4805,-98.3875
Indiahoma,OK,34.6242,-98.7349
Medicine Park,OK,34.7292,-98.5026
Meers,OK,34.7828,-98.579
Sterling,OK,34.7496,-98.1679
Devol,OK,34.1956,-98.577
Randlett,OK,34.174,-98.46
Temple,OK,34.2607,-98.2371
Walters,OK,34.3605,-98.314
Vinita,OK,36.6334,-95.1382
Big Cabin,OK,36.534,-95.2246
Bluejacket,OK,36.7975,-95.1018
Welch,OK,36.902,-95.1295
Bristow,OK,35.8209,-96.3758
Depew,OK,35.7561,-96.4897
Drumright,OK,35.9931,-96.5198
Kellyville,OK,35.9171,-96.218
Kiefer,OK,35.9528,-96.061
Mannford,OK,36.0927,-96.3576
Milfay,OK,35.7551,-96.5658
Mounds,OK,35.8896,-96.0887
Oilton,OK,36.0685,-96.5958
Sapulpa,OK,36.0113,-96.10215
Shamrock,OK,35.9124,-96.578
Slick,OK,35.7861,-96.2806
Tulsa,OK,36.138438,-95.970035
Weatherford,OK,35.535,-98.6996
Clinton,OK,35.5115,-98.9795
Arapaho,OK,35.5789,-98.9595
Butler,OK,35.6336,-99.2427
Custer City,OK,35.6894,-98.912
Thomas,OK,35.7382,-98.7388
Colcord,OK,36.2333,-94.6547
Eucha,OK,36.4063,-94.9157
Grove,OK,36.59825,-94.7431
Jay,OK,36.4363,-94.7763
Kansas,OK,36.2161,-94.8114
Oaks,OK,36.1662,-94.8547
Twin Oaks,OK,36.2054,-94.8513
Fay,OK,35.8204,-98.6587
Leedey,OK,35.8698,-99.3491
Oakwood,OK,35.9328,-98.7065
Putnam,OK,35.8539,-98.9638
Seiling,OK,36.1278,-98.8875
Taloga,OK,35.9972,-98.9825
Camargo,OK,36.0212,-99.2781
Vici,OK,36.1372,-99.267
Arnett,OK,36.0522,-99.6514
Fargo,OK,36.3761,-99.6237
Gage,OK,36.318,-99.76
Shattuck,OK,36.2889,-99.8793
Enid,OK,36.38264,-97.86832
Bison,OK,36.1962,-97.8805
Carrier,OK,36.4922,-98.0422
Covington,OK,36.3099,-97.5752
Douglas,OK,36.2481,-97.6896
Drummond,OK,36.2841,-98.0358
Fairmont,OK,36.34,-97.6848
Garber,OK,36.4392,-97.5789
Hillsdale,OK,36.5631,-97.9915
Kremlin,OK,36.5207,-97.8542
Lahoma,OK,36.385,-98.0727
Waukomis,OK,36.2781,-97.8996
Hunter,OK,36.5603,-97.6425
Lindsay,OK,34.8211,-97.5998
Maysville,OK,34.8113,-97.4131
Paoli,OK,34.8285,-97.2608
Pauls Valley,OK,34.7385,-97.2195
Wynnewood,OK,34.6385,-97.177
Elmore City,OK,34.6265,-97.4142
Hennepin,OK,34.4719,-97.3879
Stratford,OK,34.7714,-96.9763
Alex,OK,34.9612,-97.7571
Amber,OK,35.1526,-97.8532
Bradley,OK,34.8741,-97.7118
Chickasha,OK,35.0397,-97.9441
Minco,OK,35.3067,-97.9664
Ninnekah,OK,34.9143,-97.9333
Pocasset,OK,35.1544,-97.979
Rush Springs,OK,34.7708,-97.9431
Tuttle,OK,35.2674,-97.7446
Verden,OK,35.0836,-98.0792
Manchester,OK,36.9744,-98.0383
Medford,OK,36.8142,-97.7202
Nash,OK,36.6961,-98.0258
Pond Creek,OK,36.6643,-97.8019
Wakita,OK,36.8753,-97.9427
Deer Creek,OK,36.8048,-97.5136
Lamont,OK,36.6939,-97.5601
Granite,OK,34.9712,-99.3881
Mangum,OK,34.9126,-99.4606
Willow,OK,35.0702,-99.5421
Gould,OK,34.665,-99.7843
Hollis,OK,34.6953,-99.9177
Vinson,OK,34.9006,-99.8598
Buffalo,OK,36.8523,-99.5538
Laverne,OK,36.7062,-99.8918
May,OK,36.6226,-99.7858
Rosston,OK,36.8789,-99.9003
Hoyt,OK,35.2685,-95.2994
Stigler,OK,35.2686,-95.1071
Whitefield,OK,35.2646,-95.2645
Kinta,OK,35.1193,-95.2377
Keota,OK,35.2645,-94.9028
Lequire,OK,35.0867,-95.0974
Mccurtain,OK,35.1404,-95.0127
Calvin,OK,34.878,-96.271
Stuart,OK,34.8826,-96.1381
Atwood,OK,34.9562,-96.3386
Dustin,OK,35.2519,-96.0573
Holdenville,OK,35.0839,-96.377
Lamar,OK,35.0836,-96.1142
Wetumka,OK,35.2396,-96.2421
Altus,OK,34.64325,-99.32725
Altus Afb,OK,34.5982,-99.4408
Blair,OK,34.7788,-99.3334
Duke,OK,34.6668,-99.5482
Eldorado,OK,34.4727,-99.646
Elmer,OK,34.5137,-99.3167
Headrick,OK,34.6265,-99.139
Martha,OK,34.7253,-99.387
Olustee,OK,34.5496,-99.4287
Ringling,OK,34.1679,-97.6029
Addington,OK,34.2445,-97.967
Hastings,OK,34.2251,-98.1075
Oscar,OK,34.0313,-97.6481
Ryan,OK,34.0238,-97.9461
Terral,OK,33.9379,-97.8053
Waurika,OK,34.1745,-97.9973
Coleman,OK,34.2625,-96.4588
Mannsville,OK,34.1899,-96.8778
Milburn,OK,34.1952,-96.5429
Ravia,OK,34.244,-96.7529
Tishomingo,OK,34.2643,-96.6675
Wapanucka,OK,34.3866,-96.4532
Bromide,OK,34.4233,-96.4867
Connerville,OK,34.4194,-96.6291
Mill Creek,OK,34.3098,-96.7884
Ponca City,OK,36.709467,-97.087167
Blackwell,OK,36.8006,-97.2867
Braman,OK,36.9331,-97.3082
Kaw City,OK,36.8382,-96.8833
Nardin,OK,36.8155,-97.4325
Newkirk,OK,36.84,-97.0561
Tonkawa,OK,36.6806,-97.3063
Cashion,OK,35.8,-97.6795
Dover,OK,35.9848,-97.9067
Hennessey,OK,36.0868,-97.8926
Kingfisher,OK,35.8636,-97.9473
Loyal,OK,35.9705,-98.1155
Okarche,OK,35.7502,-97.93
Omega,OK,35.8507,-98.1863
Gotebo,OK,35.0759,-98.876
Mountain View,OK,35.0654,-98.7307
Mountain Park,OK,34.7032,-98.9591
Roosevelt,OK,34.847,-98.9836
Snyder,OK,34.6548,-98.9508
Hobart,OK,35.0255,-99.0944
Lone Wolf,OK,34.9806,-99.2502
Gowen,OK,34.8724,-95.469
Panola,OK,34.9287,-95.2133
Red Oak,OK,34.9422,-95.0904
Wilburton,OK,34.9128,-95.3389
Honobia,OK,34.5519,-94.9428
Talihina,OK,34.7381,-94.9978
Whitesboro,OK,34.6926,-94.8852
Arkoma,OK,35.3434,-94.4403
Pocola,OK,35.2436,-94.476
Bokoshe,OK,35.1865,-94.7858
Cameron,OK,35.1494,-94.506
Fanshawe,OK,34.9537,-94.8998
Heavener,OK,34.8353,-94.6185
Hodgen,OK,34.7538,-94.6391
Howe,OK,34.9512,-94.6372
Leflore,OK,34.8979,-94.9758
Monroe,OK,34.9906,-94.515
Muse,OK,34.6641,-94.719
Panama,OK,35.1535,-94.6709
Poteau,OK,35.0606,-94.6096
Shady Point,OK,35.1293,-94.6665
Spiro,OK,35.2492,-94.6265
Wister,OK,34.9556,-94.7832
Davenport,OK,35.7089,-96.767
Stroud,OK,35.7398,-96.6719
Agra,OK,35.909,-96.8738
Carney,OK,35.8054,-97.0159
Chandler,OK,35.7017,-96.8809
Meeker,OK,35.5211,-96.9981
Prague,OK,35.5105,-96.7009
Sparks,OK,35.6138,-96.8163
Tryon,OK,35.8759,-96.9623
Wellston,OK,35.6757,-97.0597
Coyle,OK,35.8985,-97.2607
Crescent,OK,35.942,-97.5969
Guthrie,OK,35.833,-97.436
Langston,OK,35.9419,-97.2557
Marshall,OK,36.1485,-97.6171
Meridian,OK,35.8451,-97.2462
Mulhall,OK,36.0537,-97.4098
Orlando,OK,36.142,-97.396
Burneyville,OK,33.9515,-97.3249
Leon,OK,33.8793,-97.4292
Marietta,OK,33.9431,-97.1148
Overbrook,OK,34.0539,-97.1324
Thackerville,OK,33.7882,-97.1363
Blanchard,OK,35.1192,-97.6401
Dibble,OK,35.009,-97.6318
Newcastle,OK,35.2453,-97.6216
Purcell,OK,35.0103,-97.4255
Washington,OK,35.1324,-97.487
Wayne,OK,34.9154,-97.329
Byars,OK,34.8904,-97.0997
Battiest,OK,34.3934,-94.9249
Bethel,OK,34.3598,-94.8374
Broken Bow,OK,34.027,-94.7623
Eagletown,OK,34.0364,-94.5596
Garvin,OK,33.9192,-94.986
Golden,OK,34.0303,-94.8986
Haworth,OK,33.785,-94.633
Idabel,OK,33.8851,-94.802
Millerton,OK,33.9801,-95.0025
Pickens,OK,34.3965,-95.0119
Ringold,OK,34.1799,-95.0704
Rufe,OK,34.1272,-95.1174
Valliant,OK,34.0091,-95.0686
Wright City,OK,34.0799,-94.9929
Smithville,OK,34.4954,-94.6981
Watson,OK,34.4193,-94.5562
Checotah,OK,35.4358,-95.535
Eufaula,OK,35.2911,-95.6472
Hitchita,OK,35.5297,-95.7596
Rentiesville,OK,35.5214,-95.495
Stidham,OK,35.3814,-95.7056
Hanna,OK,35.2604,-95.8675
Ames,OK,36.2423,-98.182
Cleo Springs,OK,36.409,-98.4423
Fairview,OK,36.2871,-98.604
Isabella,OK,36.2341,-98.3374
Meno,OK,36.3815,-98.1635
Ringwood,OK,36.3753,-98.2706
Chester,OK,36.2621,-98.8838
Kingston,OK,33.9517,-96.712
Lebanon,OK,33.9687,-96.9064
Madill,OK,34.0784,-96.7597
Adair,OK,36.4115,-95.2732
Chouteau,OK,36.1669,-95.3416
Disney,OK,36.4759,-95.024
Ketchum,OK,36.5245,-95.0239
Langley,OK,36.4645,-95.0478
Locust Grove,OK,36.1819,-95.1689
Pryor,OK,36.2923,-95.26785
Rose,OK,36.1951,-94.9643
Salina,OK,36.3116,-95.1158
Spavinaw,OK,36.3912,-95.0466
Strang,OK,36.4141,-95.0773
Davis,OK,34.50065,-97.11075
Dougherty,OK,34.402,-97.051
Sulphur,OK,34.5116,-96.9797
Muskogee,OK,35.737033,-95.384
Boynton,OK,35.6577,-95.66
Braggs,OK,35.66705,-95.1904
Council Hill,OK,35.5556,-95.6514
Fort Gibson,OK,35.7943,-95.2297
Haskell,OK,35.8108,-95.684
Oktaha,OK,35.625,-95.4856
Porum,OK,35.3631,-95.2607
Taft,OK,35.7581,-95.5494
Wainwright,OK,35.6126,-95.5644
Warner,OK,35.4945,-95.3064
Webbers Falls,OK,35.5138,-95.1659
Morrison,OK,36.2902,-97.0228
Perry,OK,36.2875,-97.2842
Lucien,OK,36.2753,-97.4526
Billings,OK,36.5246,-97.4189
Marland,OK,36.5609,-97.1512
Red Rock,OK,36.4748,-97.164
Delaware,OK,36.7804,-95.6181
Lenapah,OK,36.8801,-95.6233
Nowata,OK,36.6946,-95.6404
S Coffeyville,OK,36.9837,-95.6065
Wann,OK,36.9402,-95.7768
Boley,OK,35.4913,-96.4704
Castle,OK,35.4732,-96.3791
Okemah,OK,35.4647,-96.3287
Paden,OK,35.5182,-96.5719
Weleetka,OK,35.3416,-96.1136
Edmond,OK,35.662133,-97.484133
Arcadia,OK,35.6543,-97.3243
Bethany,OK,35.5043,-97.6399
Choctaw,OK,35.4718,-97.2726
Harrah,OK,35.4833,-97.1734
Jones,OK,35.5753,-97.2891
Luther,OK,35.6617,-97.1956
Nicoma Park,OK,35.4928,-97.3276
Spencer,OK,35.5183,-97.3488
Wheatland,OK,35.397,-97.6519
Newalla,OK,35.3734,-97.1971
Beggs,OK,35.7896,-96.0264
Dewar,OK,35.4551,-95.9498
Henryetta,OK,35.4622,-96.0122
Morris,OK,35.6619,-95.8319
Okmulgee,OK,35.6288,-95.9697
Preston,OK,35.7115,-95.9917
Schulter,OK,35.5145,-95.9567
Avant,OK,36.4901,-96.0616
Barnsdall,OK,36.5429,-96.1318
Hominy,OK,36.4111,-96.3878
Osage,OK,36.2832,-96.3774
Pawhuska,OK,36.6904,-96.3121
Prue,OK,36.2501,-96.2701
Skiatook,OK,36.3725,-96.0123
Wynona,OK,36.5462,-96.3272
Burbank,OK,36.6966,-96.7869
Fairfax,OK,36.5577,-96.6997
Shidler,OK,36.7819,-96.6607
Afton,OK,36.6296,-94.9432
Cardin,OK,36.9795,-94.8557
Commerce,OK,36.9331,-94.873
Fairland,OK,36.7418,-94.8279
Miami,OK,36.85525,-94.87445
North Miami,OK,36.9173,-94.8797
Picher,OK,36.98,-94.8173
Quapaw,OK,36.9282,-94.743
Wyandotte,OK,36.7796,-94.7002
Cleveland,OK,36.2553,-96.423
Hallett,OK,36.2319,-96.562
Jennings,OK,36.1863,-96.5732
Maramec,OK,36.242,-96.6803
Pawnee,OK,36.3362,-96.7923
Terlton,OK,36.1889,-96.4876
Ralston,OK,36.4992,-96.7755
Cushing,OK,35.9822,-96.7526
Glencoe,OK,36.2158,-96.9138
Perkins,OK,35.9768,-97.0441
Ripley,OK,35.9985,-96.8967
Stillwater,OK,36.1112,-97.06158
Yale,OK,36.1101,-96.7022
Canadian,OK,35.1571,-95.6215
Crowder,OK,35.1334,-95.6602
Indianola,OK,35.1314,-95.8158
Mcalester,OK,34.9298,-95.76445
Alderson,OK,34.9001,-95.6919
Blanco,OK,34.7276,-95.7283
Blocker,OK,35.0615,-95.5683
Haileyville,OK,34.85,-95.5777
Hartshorne,OK,34.8452,-95.574
Kiowa,OK,34.7278,-95.9328
Krebs,OK,34.9255,-95.7216
Pittsburg,OK,34.6975,-95.8439
Quinton,OK,35.1547,-95.4671
Savanna,OK,34.8354,-95.838
Wardville,OK,34.6695,-96.0258
Ada,OK,34.77725,-96.68535
Allen,OK,34.8691,-96.4151
Fittstown,OK,34.6148,-96.6345
Fitzhugh,OK,34.6615,-96.7745
Francis,OK,34.8737,-96.5956
Roff,OK,34.6153,-96.8423
Stonewall,OK,34.6511,-96.5273
Shawnee,OK,35.336633,-96.9395
Asher,OK,34.9849,-96.8763
Earlsboro,OK,35.2628,-96.8041
Mcloud,OK,35.4262,-97.079
Macomb,OK,35.1205,-97.034
Maud,OK,35.1292,-96.7627
Saint Louis,OK,35.0588,-96.8444
Tecumseh,OK,35.2502,-96.9667
Wanette,OK,34.9983,-97.0419
Albion,OK,34.6516,-95.0924
Antlers,OK,34.2349,-95.6254
Clayton,OK,34.5906,-95.38
Finley,OK,34.3407,-95.5385
Moyers,OK,34.3386,-95.6639
Nashoba,OK,34.5072,-95.2075
Rattan,OK,34.2454,-95.3442
Snow,OK,34.4419,-95.4622
Tuskahoma,OK,34.6622,-95.2362
Cheyenne,OK,35.6081,-99.6725
Crawford,OK,35.8368,-99.8064
Durham,OK,35.8364,-99.9088
Hammon,OK,35.6461,-99.4027
Reydon,OK,35.6576,-99.9166
Sweetwater,OK,35.4488,-99.9006
Catoosa,OK,36.1721,-95.7273
Chelsea,OK,36.5356,-95.4489
Claremore,OK,36.316133,-95.6028
Foyil,OK,36.4348,-95.5194
Inola,OK,36.1503,-95.5205
Oologah,OK,36.4482,-95.7047
Talala,OK,36.5429,-95.7142
Seminole,OK,35.2383,-96.66945
Bowlegs,OK,35.1462,-96.67
Cromwell,OK,35.3405,-96.4546
Konawa,OK,34.9708,-96.7343
Sasakwa,OK,34.951,-96.5387
Wewoka,OK,35.1463,-96.628
Gore,OK,35.5418,-95.1095
Gans,OK,35.3946,-94.6901
Marble City,OK,35.5972,-94.8094
Moffett,OK,35.3898,-94.4462
Muldrow,OK,35.402,-94.6332
Roland,OK,35.4538,-94.5291
Sallisaw,OK,35.4852,-94.779
Vian,OK,35.5404,-94.9888
Marlow,OK,34.6387,-97.941
Countyline,OK,34.4487,-97.5628
Foster,OK,34.6379,-97.5455
Loco,OK,34.3214,-97.6658
Velma,OK,34.4565,-97.6689
Comanche,OK,34.3765,-97.9793
Duncan,OK,34.503833,-97.921933
Adams,OK,36.755,-101.078
Goodwell,OK,36.6744,-101.7137
Guymon,OK,36.6961,-101.4778
Hardesty,OK,36.6018,-101.1539
Hooker,OK,36.8109,-101.2163
Texhoma,OK,36.5253,-101.8394
Tyrone,OK,36.9558,-101.0594
Davidson,OK,34.2514,-99.064
Frederick,OK,34.4012,-99.0119
Grandfield,OK,34.2282,-98.6867
Hollister,OK,34.3525,-98.8814
Loveland,OK,34.391,-98.7235
Manitou,OK,34.5075,-98.9792
Tipton,OK,34.5098,-99.1315
Bixby,OK,35.942,-95.8833
Broken Arrow,OK,36.035625,-95.783825
Collinsville,OK,36.3701,-95.8469
Glenpool,OK,35.9591,-95.9997
Jenks,OK,36.0148,-95.9797
Leonard,OK,35.9183,-95.7988
Oakhurst,OK,36.0731,-96.0621
Owasso,OK,36.2863,-95.8222
Sand Springs,OK,36.1341,-96.1426
Sperry,OK,36.2955,-95.9804
Coweta,OK,35.9578,-95.6526
Okay,OK,35.8507,-95.3183
Porter,OK,35.8567,-95.5082
Redbird,OK,35.8836,-95.5917
Wagoner,OK,35.95925,-95.43395
Bartlesville,OK,36.734825,-95.948
Copan,OK,36.9062,-95.913
Dewey,OK,36.8013,-95.9345
Ochelata,OK,36.5947,-95.9691
Ramona,OK,36.5752,-95.8962
Vera,OK,36.4501,-95.8814
Colony,OK,35.3448,-98.6707
Corn,OK,35.3784,-98.7818
Bessie,OK,35.3854,-98.9896
Burns Flat,OK,35.3492,-99.188
Canute,OK,35.4037,-99.2816
Cordell,OK,35.2788,-98.9511
Dill City,OK,35.2787,-99.1537
Foss,OK,35.4545,-99.1698
Rocky,OK,35.1526,-99.048
Sentinel,OK,35.1617,-99.1706
Alva,OK,36.8016,-98.6722
Dacoma,OK,36.6606,-98.5942
Hopeton,OK,36.6881,-98.6659
Freedom,OK,36.809,-99.1319
Waynoka,OK,36.5858,-98.8487
Woodward,OK,36.4854,-99.35115
Fort Supply,OK,36.5722,-99.5738
Mooreland,OK,36.4428,-99.1832
Mutual,OK,36.214,-99.1145
Sharon,OK,36.2699,-99.3587
Baker City,OR,44.7749,-117.8344
Bridgeport,OR,44.4931,-117.7655
Haines,OR,44.8776,-117.9756
Halfway,OR,44.8953,-117.1132
Hereford,OR,44.5304,-118.0293
Oxbow,OR,44.9749,-116.8629
Richland,OR,44.797,-117.3018
Sumpter,OR,44.7457,-118.2022
Unity,OR,44.4374,-118.1927
Durkee,OR,44.4988,-117.4129
Huntington,OR,44.3811,-117.3097
Alsea,OR,44.3691,-123.6089
Blodgett,OR,44.6281,-123.6067
Corvallis,OR,44.564525,-123.273
Philomath,OR,44.5488,-123.3923
Monroe,OR,44.3245,-123.3203
Beavercreek,OR,45.2597,-122.4751
Boring,OR,45.4297,-122.3807
Brightwood,OR,45.3652,-122.0036
Canby,OR,45.2514,-122.6832
Clackamas,OR,45.415,-122.52
Colton,OR,45.1573,-122.4248
Eagle Creek,OR,45.3582,-122.3381
Estacada,OR,45.2872,-122.3259
Gladstone,OR,45.3899,-122.5902
Government Camp,OR,45.2972,-121.739
Lake Oswego,OR,45.412,-122.7037
Marylhurst,OR,45.4012,-122.6512
Molalla,OR,45.1223,-122.5756
Mulino,OR,45.213,-122.5351
Oregon City,OR,45.3377,-122.57
Rhododendron,OR,45.3465,-121.9151
Sandy,OR,45.379,-122.223
Welches,OR,45.3399,-121.9598
West Linn,OR,45.3669,-122.648
Wilsonville,OR,45.2986,-122.7699
Damascus,OR,45.4176,-122.459
Portland,OR,45.519357,-122.664367
Arch Cape,OR,45.8109,-123.963
Astoria,OR,46.1558,-123.798
Cannon Beach,OR,45.8918,-123.9615
Hammond,OR,46.198,-123.9527
Seaside,OR,45.9932,-123.9226
Tolovana Park,OR,45.8663,-123.9595
Warrenton,OR,46.145,-123.9254
Clatskanie,OR,46.0665,-123.2059
Columbia City,OR,45.8925,-122.8122
Rainier,OR,46.0646,-122.9671
Saint Helens,OR,45.8608,-122.8282
Warren,OR,45.826,-122.8634
Deer Island,OR,45.9356,-122.8985
Scappoose,OR,45.7655,-122.8928
Vernonia,OR,45.8573,-123.1967
Allegany,OR,43.4259,-124.0323
Bandon,OR,43.0968,-124.4037
Broadbent,OR,42.985,-124.1189
Coos Bay,OR,43.2151,-124.1984
Coquille,OR,43.1884,-124.2014
Lakeside,OR,43.5833,-124.1624
Myrtle Point,OR,43.0667,-124.1213
North Bend,OR,43.4327,-124.2131
Powers,OR,42.88,-124.0709
Paulina,OR,44.2102,-119.7828
Post,OR,44.0793,-120.2998
Powell Butte,OR,44.2415,-121.0113
Prineville,OR,44.3045,-120.8336
Agness,OR,42.5748,-124.0648
Brookings,OR,42.0526,-124.284
Gold Beach,OR,42.4073,-124.4218
Langlois,OR,42.9154,-124.4413
Ophir,OR,42.5632,-124.3829
Port Orford,OR,42.7572,-124.4913
Sixes,OR,42.825,-124.4409
Wedderburn,OR,42.6093,-124.3886
Bend,OR,44.027683,-121.367733
Brothers,OR,43.7789,-120.477
La Pine,OR,43.7091,-121.5194
Redmond,OR,44.2767,-121.1896
Sisters,OR,44.3165,-121.5091
Terrebonne,OR,44.3909,-121.2379
Azalea,OR,42.845,-123.155
Camas Valley,OR,43.0557,-123.6655
Canyonville,OR,42.9307,-123.278
Days Creek,OR,42.9819,-123.1439
Dillard,OR,43.1135,-123.4181
Drain,OR,43.6877,-123.2929
Elkton,OR,43.6378,-123.59
Gardiner,OR,43.7301,-124.1104
Glendale,OR,42.7518,-123.3943
Glide,OR,43.3015,-123.1012
Idleyld Park,OR,43.3237,-123.024
Myrtle Creek,OR,43.0162,-123.2851
Oakland,OR,43.453,-123.3558
Reedsport,OR,43.7023,-124.0968
Riddle,OR,42.9389,-123.3612
Roseburg,OR,43.22835,-123.37505
Scottsburg,OR,43.6765,-123.8041
Sutherlin,OR,43.3904,-123.2974
Tenmile,OR,43.114,-123.5294
Tiller,OR,42.9177,-122.9079
Umpqua,OR,43.3745,-123.5358
Wilbur,OR,43.3284,-123.3332
Winchester,OR,43.2878,-123.3055
Winston,OR,43.1049,-123.4325
Yoncalla,OR,43.6043,-123.2926
Arlington,OR,45.6664,-120.1971
Condon,OR,45.2306,-120.1898
Mikkalo,OR,45.4388,-120.2067
Bates,OR,44.7138,-118.6469
Canyon City,OR,44.3911,-118.9465
Dayville,OR,44.4663,-119.5312
John Day,OR,44.416,-118.953
Kimberly,OR,44.7226,-119.5965
Long Creek,OR,44.7554,-119.097
Monument,OR,44.8189,-119.4192
Mount Vernon,OR,44.4171,-119.1121
Prairie City,OR,44.457,-118.6952
Seneca,OR,44.1346,-118.9716
Fields,OR,42.1862,-118.4758
Burns,OR,43.5145,-119.0504
Princeton,OR,43.0198,-119.0696
Diamond,OR,42.9508,-118.695
Crane,OR,43.4262,-118.4642
Frenchglen,OR,42.7147,-119.0058
Hines,OR,43.5558,-119.0816
Riley,OR,43.3886,-119.8798
Drewsey,OR,43.8643,-118.4707
Cascade Locks,OR,45.671,-121.8686
Hood River,OR,45.6711,-121.5391
Mount Hood Parkdale,OR,45.4929,-121.5983
Odell,OR,45.6437,-121.5367
Medford,OR,42.30905,-122.8726
Central Point,OR,42.3899,-122.9222
White City,OR,42.4319,-122.8296
Ashland,OR,42.1885,-122.693
Butte Falls,OR,42.5492,-122.5638
Eagle Point,OR,42.4935,-122.8088
Gold Hill,OR,42.4244,-123.0854
Jacksonville,OR,42.1813,-123.0241
Phoenix,OR,42.2766,-122.8227
Prospect,OR,42.7544,-122.509
Rogue River,OR,42.4889,-123.1587
Shady Cove,OR,42.6107,-122.8125
Talent,OR,42.2363,-122.7861
Trail,OR,42.6864,-122.816
Ashwood,OR,44.7195,-120.7192
Camp Sherman,OR,44.4604,-121.6412
Culver,OR,44.4818,-121.2344
Madras,OR,44.6376,-121.1349
Warm Springs,OR,44.7468,-121.2909
Wolf Creek,OR,42.6522,-123.425
Cave Junction,OR,42.1348,-123.6272
Grants Pass,OR,42.434,-123.3434
Kerby,OR,42.2093,-123.6573
Merlin,OR,42.5297,-123.4393
Murphy,OR,42.308,-123.3273
O Brien,OR,42.0879,-123.689
Selma,OR,42.2654,-123.5515
Wilderville,OR,42.3751,-123.5621
Williams,OR,42.223,-123.2829
Klamath Falls,OR,42.2367,-121.774233
Crater Lake,OR,42.9465,-122.1769
Beatty,OR,42.4369,-121.22
Bly,OR,42.3995,-121.0806
Bonanza,OR,42.2463,-121.3336
Chiloquin,OR,42.5463,-121.745
Dairy,OR,42.2351,-121.5211
Fort Klamath,OR,42.6415,-122.038
Keno,OR,42.1265,-121.93
Malin,OR,42.0195,-121.4221
Merrill,OR,42.0295,-121.5985
Midland,OR,42.1307,-121.8203
Sprague River,OR,42.4514,-121.4365
Chemult,OR,43.146,-121.7974
Crescent,OR,43.4442,-121.7109
Gilchrist,OR,43.4771,-121.6853
Adel,OR,42.1487,-119.8833
Lakeview,OR,42.1854,-120.3775
New Pine Creek,OR,41.9941,-120.2972
Paisley,OR,42.7031,-120.5532
Plush,OR,42.5035,-119.8947
Silver Lake,OR,43.1395,-120.9984
Summer Lake,OR,42.9447,-120.7946
Christmas Valley,OR,43.2363,-120.6369
Fort Rock,OR,43.3565,-121.0539
Eugene,OR,44.069071,-123.096186
Alvadore,OR,44.1276,-123.2666
Blachly,OR,44.1966,-123.5348
Blue River,OR,44.1755,-122.1217
Cheshire,OR,44.1782,-123.3715
Cottage Grove,OR,43.7839,-123.0529
Creswell,OR,43.9058,-123.0284
Deadwood,OR,44.1462,-123.6816
Dexter,OR,43.9217,-122.8424
Dorena,OR,43.7361,-122.8946
Elmira,OR,44.0873,-123.3671
Fall Creek,OR,43.9509,-122.6884
Florence,OR,43.9881,-124.0993
Junction City,OR,44.1988,-123.23
Lorane,OR,43.8376,-123.239
Lowell,OR,43.921,-122.7806
Mapleton,OR,44.0312,-123.8657
Marcola,OR,44.2064,-122.8246
Pleasant Hill,OR,43.9458,-122.9285
Noti,OR,44.0992,-123.4684
Oakridge,OR,43.7376,-122.4377
Springfield,OR,44.054467,-122.9848
Swisshome,OR,44.0899,-123.8279
Veneta,OR,44.0382,-123.3516
Vida,OR,44.13,-122.5044
Walterville,OR,44.1288,-122.6376
Walton,OR,44.0282,-123.5893
Westfir,OR,43.7575,-122.481
Westlake,OR,43.914,-124.0334
Depoe Bay,OR,44.8322,-124.0503
Eddyville,OR,44.6371,-123.7531
Logsden,OR,44.7432,-123.7943
Neotsu,OR,44.9988,-123.9843
Newport,OR,44.6487,-124.0509
South Beach,OR,44.5712,-124.06
Lincoln City,OR,44.9089,-123.9888
Otis,OR,45.0138,-123.9332
Otter Rock,OR,44.7588,-124.0633
Seal Rock,OR,44.4874,-123.9567
Siletz,OR,44.7313,-123.9062
Gleneden Beach,OR,44.8812,-124.0343
Tidewater,OR,44.4055,-123.9149
Toledo,OR,44.6271,-123.9301
Waldport,OR,44.4085,-124.0351
Yachats,OR,44.3256,-124.0863
Albany,OR,44.639,-123.09515
Brownsville,OR,44.377,-122.9485
Cascadia,OR,44.3973,-122.4817
Crabtree,OR,44.6344,-122.8933
Crawfordsville,OR,44.3593,-122.8508
Foster,OR,44.3836,-122.5449
Halsey,OR,44.3862,-123.1251
Lebanon,OR,44.5316,-122.8821
Lyons,OR,44.7499,-122.595
Mill City,OR,44.7516,-122.4768
Scio,OR,44.7168,-122.7684
Shedd,OR,44.453,-123.1065
Sweet Home,OR,44.3981,-122.7286
Tangent,OR,44.5497,-123.1108
Harrisburg,OR,44.2717,-123.1432
Adrian,OR,43.6537,-117.0602
Arock,OR,42.9156,-117.498
Brogan,OR,44.1994,-117.5904
Harper,OR,43.8734,-117.5284
Ironside,OR,44.3009,-117.9444
Jamieson,OR,44.2161,-117.4813
Jordan Valley,OR,42.8801,-117.281
Juntura,OR,43.8253,-118.0921
Nyssa,OR,43.8604,-117.0251
Ontario,OR,44.0416,-116.9783
Riverside,OR,43.5099,-118.0986
Vale,OR,44.0039,-117.2674
Westfall,OR,43.9922,-117.6877
Aurora,OR,45.2284,-122.8039
Donald,OR,45.2199,-122.8405
Gervais,OR,45.1086,-122.8962
Hubbard,OR,45.1823,-122.8079
Woodburn,OR,45.1446,-122.8583
Saint Paul,OR,45.196,-122.9674
Salem,OR,44.943936,-123.009464
Keizer,OR,44.9901,-123.0262
Aumsville,OR,44.8313,-122.8517
Detroit,OR,44.734,-122.1498
Gates,OR,44.7527,-122.3995
Idanha,OR,44.7001,-122.074
Jefferson,OR,44.7495,-123.006
Mount Angel,OR,45.0737,-122.7856
Saint Benedict,OR,44.9845,-122.457
Scotts Mills,OR,44.9897,-122.6187
Silverton,OR,44.991,-122.7627
Stayton,OR,44.8021,-122.7624
Mehama,OR,44.7903,-122.6187
Sublimity,OR,44.8425,-122.8007
Turner,OR,44.8476,-122.9501
Boardman,OR,45.8272,-119.7206
Heppner,OR,45.3486,-119.5369
Lexington,OR,45.4264,-119.7464
Ione,OR,45.5403,-119.769
Irrigon,OR,45.8877,-119.507
Bridal Veil,OR,45.583,-122.1011
Corbett,OR,45.5221,-122.2417
Fairview,OR,45.5473,-122.4414
Gresham,OR,45.49855,-122.41795
Troutdale,OR,45.5254,-122.3739
Happy Valley,OR,45.4446,-122.5372
Dallas,OR,44.9225,-123.32
Falls City,OR,44.8706,-123.4461
Grand Ronde,OR,45.075,-123.6335
Independence,OR,44.8481,-123.1879
Monmouth,OR,44.8377,-123.2512
Rickreall,OR,45.02,-123.2064
Grass Valley,OR,45.3013,-120.7478
Kent,OR,45.0838,-120.6649
Moro,OR,45.4853,-120.6957
Rufus,OR,45.6948,-120.7359
Wasco,OR,45.5974,-120.7304
Bay City,OR,45.5197,-123.8761
Beaver,OR,45.2767,-123.8234
Cloverdale,OR,45.2858,-123.8356
Garibaldi,OR,45.5626,-123.9001
Hebo,OR,45.1768,-123.846
Manzanita,OR,45.7184,-123.9351
Nehalem,OR,45.7216,-123.9049
Oceanside,OR,45.4549,-123.965
Pacific City,OR,45.205,-123.959
Rockaway Beach,OR,45.6134,-123.9429
Tillamook,OR,45.4492,-123.8189
Netarts,OR,45.434,-123.9458
Wheeler,OR,45.6888,-123.8816
Neskowin,OR,45.097,-123.9434
Pendleton,OR,45.6605,-118.7831
Adams,OR,45.7674,-118.5625
Athena,OR,45.8289,-118.4971
Echo,OR,45.7411,-119.1949
Helix,OR,45.8665,-118.7222
Hermiston,OR,45.845,-119.2849
Meacham,OR,45.5215,-118.4335
Milton Freewater,OR,45.9486,-118.3912
Pilot Rock,OR,45.4227,-118.8483
Stanfield,OR,45.786,-119.2116
Ukiah,OR,45.0836,-118.894
Umatilla,OR,45.8998,-119.3553
Weston,OR,45.8074,-118.3733
Cove,OR,45.3199,-117.8147
Elgin,OR,45.5941,-117.9112
Imbler,OR,45.4599,-117.9544
La Grande,OR,45.3304,-118.0852
North Powder,OR,45.0317,-117.9337
Summerville,OR,45.5077,-118.027
Union,OR,45.2019,-117.8536
Enterprise,OR,45.437,-117.2888
Imnaha,OR,45.5137,-116.8257
Joseph,OR,45.3494,-117.2128
Lostine,OR,45.4939,-117.4359
Wallowa,OR,45.5717,-117.5357
Antelope,OR,44.8892,-120.7914
Dufur,OR,45.3913,-121.1432
Maupin,OR,45.0742,-121.2282
Mosier,OR,45.6508,-121.379
Shaniko,OR,45.0027,-120.75
The Dalles,OR,45.5995,-121.1905
Tygh Valley,OR,45.2229,-121.2927
Beaverton,OR,45.48083,-122.81754
Tualatin,OR,45.3727,-122.7631
Banks,OR,45.6535,-123.121
Buxton,OR,45.737,-123.2146
Cornelius,OR,45.529,-123.0415
Forest Grove,OR,45.5981,-123.1818
Gales Creek,OR,45.5957,-123.234
Gaston,OR,45.4427,-123.1666
Hillsboro,OR,45.525267,-122.9614
Manning,OR,45.6648,-123.1637
North Plains,OR,45.6686,-123.0281
Sherwood,OR,45.3514,-122.8567
Timber,OR,45.727,-123.3119
Mitchell,OR,44.5657,-120.1456
Fossil,OR,44.9286,-120.1309
Spray,OR,44.8242,-119.8303
Amity,OR,45.1157,-123.1744
Carlton,OR,45.2859,-123.1523
Dayton,OR,45.1977,-123.0753
Dundee,OR,45.2776,-123.0152
Lafayette,OR,45.2466,-123.1114
Mcminnville,OR,45.2097,-123.2043
Newberg,OR,45.3099,-122.9685
Yamhill,OR,45.335,-123.2036
Sheridan,OR,45.0897,-123.4003
Willamina,OR,45.0826,-123.5047
Abbottstown,PA,39.8881,-76.9931
Arendtsville,PA,39.9236,-77.3001
Aspers,PA,39.9765,-77.2287
Bendersville,PA,39.9792,-77.2496
Biglerville,PA,39.9281,-77.2885
Cashtown,PA,39.8906,-77.3566
East Berlin,PA,39.9645,-77.0073
Fairfield,PA,39.7808,-77.3619
Gardners,PA,40.0428,-77.1877
Gettysburg,PA,39.832,-77.2223
Idaville,PA,40.0157,-77.2001
Littlestown,PA,39.7495,-77.1003
Mc Knightstown,PA,39.8692,-77.3292
Mc Sherrystown,PA,39.801,-77.0229
New Oxford,PA,39.8775,-77.0643
Orrtanna,PA,39.881,-77.3806
York Springs,PA,40.0084,-77.1061
Peach Glen,PA,39.8948,-77.2135
Bairdford,PA,40.6312,-79.8814
Bakerstown,PA,40.6478,-79.931
Brackenridge,PA,40.6082,-79.7414
Bradfordwoods,PA,40.6372,-80.0811
Bridgeville,PA,40.3472,-80.1153
Buena Vista,PA,40.2773,-79.7992
Bunola,PA,40.2373,-79.9506
Cheswick,PA,40.5681,-79.841
Clairton,PA,40.3243,-79.9317
Clinton,PA,40.5131,-80.3423
Coulters,PA,40.4344,-80.0248
Creighton,PA,40.5821,-79.7818
Cuddy,PA,40.3547,-80.1669
Curtisville,PA,40.6423,-79.8509
Dravosburg,PA,40.3527,-79.8895
East Mc Keesport,PA,40.3839,-79.8079
Elizabeth,PA,40.2656,-79.8568
Gibsonia,PA,40.6252,-79.9443
Glassport,PA,40.326,-79.8883
Crescent,PA,40.5563,-80.2286
Greenock,PA,40.3123,-79.8067
Harwick,PA,40.5574,-79.8051
Indianola,PA,40.5695,-79.8637
Leetsdale,PA,40.5662,-80.2099
Morgan,PA,40.3542,-80.1398
Natrona Heights,PA,40.6421,-79.7273
Oakdale,PA,40.4033,-80.1842
Rural Ridge,PA,40.5856,-79.8287
Russellton,PA,40.6073,-79.8347
Sturgeon,PA,40.3863,-80.2083
Tarentum,PA,40.6187,-79.7852
Warrendale,PA,40.6534,-80.0795
West Elizabeth,PA,40.2716,-79.8966
Wexford,PA,40.612,-80.0649
Wildwood,PA,40.5942,-79.9701
Allison Park,PA,40.57,-79.9665
Bethel Park,PA,40.321,-80.0398
Braddock,PA,40.4038,-79.8625
Carnegie,PA,40.4029,-80.0915
Coraopolis,PA,40.5,-80.1996
Duquesne,PA,40.3704,-79.8522
East Pittsburgh,PA,40.4036,-79.8389
Glenshaw,PA,40.5375,-79.9644
Homestead,PA,40.3926,-79.9052
West Mifflin,PA,40.3989,-79.9456
Imperial,PA,40.4584,-80.2649
Ingomar,PA,40.5809,-80.0609
South Park,PA,40.2932,-79.996
Mckeesport,PA,40.3478,-79.8642
Mc Kees Rocks,PA,40.4717,-80.0876
North Versailles,PA,40.3762,-79.8124
Oakmont,PA,40.5196,-79.8369
Pitcairn,PA,40.4048,-79.777
Presto,PA,40.3847,-80.1209
Sewickley,PA,40.557,-80.1578
Springdale,PA,40.544,-79.7844
Turtle Creek,PA,40.4113,-79.822
Monroeville,PA,40.429,-79.7623
Verona,PA,40.4927,-79.8345
Wilmerding,PA,40.3934,-79.7951
Pittsburgh,PA,40.441256,-80.003773
Leechburg,PA,40.6344,-79.6201
North Apollo,PA,40.593,-79.5581
Schenley,PA,40.6845,-79.6617
Spring Church,PA,40.6153,-79.4545
Elderton,PA,40.6922,-79.3422
Shelocta,PA,40.6388,-79.3191
Parker,PA,41.1009,-79.6889
Kittanning,PA,40.8155,-79.5107
Adrian,PA,40.9049,-79.5074
Cadogan,PA,40.7539,-79.5798
Cowansville,PA,40.923,-79.5946
Dayton,PA,40.8741,-79.2686
Distant,PA,40.9695,-79.3567
Ford City,PA,40.7384,-79.5122
Ford Cliff,PA,40.7608,-79.5358
Freeport,PA,40.7033,-79.663
Mc Grann,PA,40.7818,-79.5218
Manorville,PA,40.7863,-79.5213
Nu Mine,PA,40.8478,-79.4516
Oak Ridge,PA,41.0076,-79.2959
Rural Valley,PA,40.7885,-79.2991
Sagamore,PA,40.7774,-79.2336
Seminole,PA,40.9548,-79.3428
Templeton,PA,40.9419,-79.4499
Widnoon,PA,40.9612,-79.4673
Worthington,PA,40.8378,-79.6298
Yatesboro,PA,40.8001,-79.3342
Aliquippa,PA,40.5921,-80.3197
Ambridge,PA,40.6005,-80.2105
Baden,PA,40.6416,-80.1985
Beaver,PA,40.6972,-80.3365
Beaver Falls,PA,40.7687,-80.3592
Conway,PA,40.6649,-80.2349
Freedom,PA,40.683,-80.2147
Georgetown,PA,40.5743,-80.49
Hookstown,PA,40.5622,-80.4388
Industry,PA,40.6671,-80.4151
Midland,PA,40.6793,-80.4908
Monaca,PA,40.6718,-80.2917
New Brighton,PA,40.7393,-80.2972
Rochester,PA,40.7157,-80.2603
Shippingport,PA,40.632,-80.414
South Heights,PA,40.5763,-80.2383
Darlington,PA,40.7968,-80.4556
Fombell,PA,40.8125,-80.2073
Koppel,PA,40.8348,-80.328
New Galilee,PA,40.8569,-80.3939
Alum Bank,PA,40.1858,-78.6206
Bedford,PA,39.9908,-78.5261
Breezewood,PA,39.9905,-78.2453
Buffalo Mills,PA,39.922,-78.6996
Clearville,PA,39.8533,-78.4392
Everett,PA,40.0098,-78.3713
Fishertown,PA,40.1217,-78.5856
Hyndman,PA,39.8049,-78.7335
Manns Choice,PA,39.9808,-78.6423
New Paris,PA,40.1254,-78.6184
Schellsburg,PA,40.0487,-78.6482
Defiance,PA,40.1601,-78.2346
Hopewell,PA,40.1192,-78.3129
Imler,PA,40.2067,-78.5228
Loysburg,PA,40.1609,-78.375
New Enterprise,PA,40.2,-78.4259
Osterburg,PA,40.1695,-78.5203
Queen,PA,40.2592,-78.5075
Riddlesburg,PA,40.162,-78.2545
Saxton,PA,40.2233,-78.2471
Six Mile Run,PA,40.1576,-78.2108
Wood,PA,40.166,-78.1381
Woodbury,PA,40.2185,-78.3666
Artemas,PA,39.7575,-78.4031
Hereford,PA,40.4491,-75.5491
Bally,PA,40.405,-75.5769
Barto,PA,40.3815,-75.5749
Bechtelsville,PA,40.3795,-75.6257
Bernville,PA,40.4551,-76.1247
Bethel,PA,40.4808,-76.2742
Birdsboro,PA,40.2563,-75.8344
Blandon,PA,40.4435,-75.8837
Bowers,PA,40.4821,-75.7435
Boyertown,PA,40.3339,-75.6604
Centerport,PA,40.4858,-76.006
Douglassville,PA,40.2709,-75.7397
Earlville,PA,40.319,-75.7334
Fleetwood,PA,40.4473,-75.8185
Geigertown,PA,40.2026,-75.8363
Hamburg,PA,40.5488,-75.9874
Kempton,PA,40.6328,-75.8513
Kutztown,PA,40.5214,-75.7774
Leesport,PA,40.4152,-75.9944
Lenhartsville,PA,40.5736,-75.865
Limekiln,PA,40.3356,-75.801
Lyon Station,PA,40.5218,-75.7419
Maxatawny,PA,40.5426,-75.6888
Mertztown,PA,40.4992,-75.6872
Mohnton,PA,40.2584,-75.9833
Mohrsville,PA,40.4783,-76.0125
Morgantown,PA,40.1552,-75.8998
Mount Aetna,PA,40.4187,-76.2944
New Berlinville,PA,40.3397,-75.6302
Oley,PA,40.3833,-75.7706
Pine Forge,PA,40.2829,-75.6907
Rehrersburg,PA,40.4553,-76.2453
Robesonia,PA,40.3553,-76.1366
Shartlesville,PA,40.5129,-76.1044
Shoemakersville,PA,40.4955,-75.9603
Strausstown,PA,40.4945,-76.1825
Temple,PA,40.4025,-75.9046
Topton,PA,40.5029,-75.7015
Virginville,PA,40.524,-75.873
Wernersville,PA,40.3293,-76.0901
Womelsdorf,PA,40.3743,-76.1985
Reading,PA,40.348392,-75.946658
Altoona,PA,40.5093,-78.403133
Bellwood,PA,40.6039,-78.3372
Claysburg,PA,40.2821,-78.5083
Curryville,PA,40.2759,-78.3383
Duncansville,PA,40.4262,-78.4383
East Freedom,PA,40.3282,-78.4475
Hollidaysburg,PA,40.4387,-78.3686
Martinsburg,PA,40.2951,-78.3244
Newry,PA,40.3937,-78.4356
Roaring Spring,PA,40.3277,-78.3928
Sproul,PA,40.2711,-78.4588
Tipton,PA,40.6367,-78.3036
Tyrone,PA,40.6619,-78.2419
Williamsburg,PA,40.4025,-78.2558
Alba,PA,41.7051,-76.8283
Columbia Cross Roads,PA,41.8638,-76.7825
Gillett,PA,41.9568,-76.7713
Granville Summit,PA,41.6973,-76.7218
Sylvania,PA,41.8051,-76.8569
Troy,PA,41.7781,-76.7711
Canton,PA,41.6538,-76.8582
Grover,PA,41.6145,-76.8672
Athens,PA,41.949,-76.4889
Burlington,PA,41.7817,-76.6056
Camptown,PA,41.7312,-76.2347
East Smithfield,PA,41.8645,-76.6255
Le Raysville,PA,41.8434,-76.1796
Milan,PA,41.8966,-76.5328
Monroeton,PA,41.7135,-76.4872
New Albany,PA,41.5987,-76.4398
Rome,PA,41.8634,-76.3015
Sayre,PA,41.9842,-76.5218
Stevensville,PA,41.7718,-76.1717
Sugar Run,PA,41.6041,-76.2598
Towanda,PA,41.7638,-76.4645
Ulster,PA,41.8408,-76.4876
Warren Center,PA,41.9394,-76.1964
Wyalusing,PA,41.7015,-76.2754
Wysox,PA,41.7826,-76.3834
Durham,PA,40.5757,-75.2232
Riegelsville,PA,40.5782,-75.2191
Springtown,PA,40.5565,-75.2893
Doylestown,PA,40.32655,-75.12285
Bedminster,PA,40.4259,-75.1791
Blooming Glen,PA,40.3695,-75.2482
Buckingham,PA,40.3237,-75.0599
Carversville,PA,40.3865,-75.0627
Chalfont,PA,40.2892,-75.2149
Danboro,PA,40.3545,-75.1327
Dublin,PA,40.375,-75.2045
Erwinna,PA,40.5087,-75.0804
Ferndale,PA,40.5337,-75.1788
Forest Grove,PA,40.2923,-75.0591
Fountainville,PA,40.3578,-75.1711
Furlong,PA,40.2945,-75.0649
Hilltown,PA,40.3235,-75.2548
Holicong,PA,40.336,-75.0429
Jamison,PA,40.2566,-75.0961
Kintnersville,PA,40.531,-75.2117
Lahaska,PA,40.3286,-75.1028
Line Lexington,PA,40.2888,-75.2555
Lumberville,PA,40.3286,-75.1028
Mechanicsville,PA,40.3494,-75.0676
Milford Square,PA,40.437,-75.3988
New Hope,PA,40.3556,-74.9839
Newtown,PA,40.263,-74.9555
Ottsville,PA,40.4592,-75.157
Penns Park,PA,40.269,-75.0094
Perkasie,PA,40.3765,-75.2648
Pineville,PA,40.2962,-75.0057
Pipersville,PA,40.4262,-75.1074
Plumsteadville,PA,40.388,-75.1425
Point Pleasant,PA,40.4226,-75.0663
Quakertown,PA,40.4411,-75.3507
Revere,PA,40.5154,-75.161
Richboro,PA,40.2167,-75.0029
Richlandtown,PA,40.4796,-75.3146
Rushland,PA,40.2628,-75.0157
Sellersville,PA,40.362,-75.319
Silverdale,PA,40.3445,-75.2687
Solebury,PA,40.3807,-75.0082
Southampton,PA,40.1868,-75.0071
Spinnerstown,PA,40.439,-75.4371
Trumbauersville,PA,40.4107,-75.3782
Upper Black Eddy,PA,40.5411,-75.1259
Warminster,PA,40.26765,-75.09665
Warrington,PA,40.2464,-75.1354
Washington Crossing,PA,40.2849,-74.8778
Wycombe,PA,40.2742,-75.0205
Zionhill,PA,40.4843,-75.3938
Bristol,PA,40.1159,-74.8536
Bensalem,PA,40.1109,-74.9378
Croydon,PA,40.0933,-74.8991
Fairless Hills,PA,40.1748,-74.8519
Langhorne,PA,40.176467,-74.919233
Feasterville Trevose,PA,40.1547,-74.9904
Levittown,PA,40.15336,-74.8466
Morrisville,PA,40.2084,-74.8291
Butler,PA,40.862667,-79.896167
Boyers,PA,41.01495,-79.9147
Branchton,PA,41.0726,-79.9856
Bruin,PA,41.0571,-79.7291
Cabot,PA,40.7924,-79.76
Callery,PA,40.7406,-80.0364
Chicora,PA,40.9458,-79.7462
Connoquenessing,PA,40.8178,-80.0142
East Butler,PA,40.8778,-79.8464
Eau Claire,PA,41.1348,-79.7981
Evans City,PA,40.7808,-80.0592
Fenelton,PA,40.8555,-79.7372
Forestville,PA,41.1068,-80.007
Harmony,PA,40.8496,-80.1381
Harrisville,PA,41.1631,-79.9796
Herman,PA,40.8301,-79.8112
Hilliards,PA,41.1009,-79.8215
Karns City,PA,41.0022,-79.716
Lyndora,PA,40.8528,-79.9167
Mars,PA,40.7005,-80.0358
North Washington,PA,41.0472,-79.8089
Petrolia,PA,41.0442,-79.7711
Portersville,PA,40.9468,-80.139
Prospect,PA,40.9049,-80.0679
Renfrew,PA,40.81,-79.977
Sarver,PA,40.7143,-79.7424
Saxonburg,PA,40.7361,-79.8352
Slippery Rock,PA,41.0454,-80.0468
Valencia,PA,40.7018,-79.9235
West Sunbury,PA,41.0026,-79.8751
Zelienople,PA,40.7609,-80.1094
Cranberry Township,PA,40.685,-80.1071
Northern Cambria,PA,40.6661,-78.792
Carrolltown,PA,40.5891,-78.7037
Elmora,PA,40.6076,-78.7524
Emeigh,PA,40.6948,-78.787
Marsteller,PA,40.6522,-78.8054
Nicktown,PA,40.6016,-78.8114
Saint Benedict,PA,40.6298,-78.7329
Spangler,PA,40.6351,-78.7692
Johnstown,PA,40.329988,-78.90825
Beaverdale,PA,40.3173,-78.7009
Belsano,PA,40.5176,-78.8767
Cassandra,PA,40.4085,-78.6407
Colver,PA,40.5383,-78.7865
Dunlo,PA,40.2939,-78.7192
Ebensburg,PA,40.4801,-78.7263
Elton,PA,40.2799,-78.8032
Lilly,PA,40.4238,-78.6231
Loretto,PA,40.5105,-78.6294
Mineral Point,PA,40.3793,-78.8352
Nanty Glo,PA,40.4704,-78.8375
Parkhill,PA,40.3612,-78.8709
Portage,PA,40.3724,-78.6328
Revloc,PA,40.49,-78.7646
Saint Michael,PA,40.337,-78.7709
Salix,PA,40.2986,-78.7816
Sidman,PA,40.3299,-78.746
South Fork,PA,40.3629,-78.7887
Summerhill,PA,40.389,-78.756
Twin Rocks,PA,40.4967,-78.8659
Vintondale,PA,40.4939,-78.9427
Wilmore,PA,40.3887,-78.7186
Ashville,PA,40.5513,-78.5346
Blandburg,PA,40.6847,-78.4137
Chest Springs,PA,40.5702,-78.5991
Coupon,PA,40.5218,-78.5263
Cresson,PA,40.47265,-78.64415
Dysart,PA,40.6088,-78.5271
Fallentimber,PA,40.6867,-78.4992
Flinton,PA,40.6876,-78.5523
Gallitzin,PA,40.4823,-78.5517
Glasgow,PA,40.7178,-78.4637
Hastings,PA,40.6659,-78.7029
Patton,PA,40.623,-78.635
Saint Boniface,PA,40.6712,-78.6755
Driftwood,PA,41.3764,-78.1632
Emporium,PA,41.5177,-78.2536
Sinnamahoning,PA,41.3762,-78.0661
Aquashicola,PA,40.8133,-75.592
Bowmanstown,PA,40.8011,-75.6614
Palmerton,PA,40.817,-75.6011
Albrightsville,PA,40.9748,-75.5842
Ashfield,PA,40.7841,-75.7083
Beaver Meadows,PA,40.9281,-75.9146
Jim Thorpe,PA,40.87,-75.7397
Junedale,PA,40.9234,-75.9416
Lansford,PA,40.8314,-75.8828
Lehighton,PA,40.8299,-75.6974
Nesquehoning,PA,40.8626,-75.8239
Parryville,PA,40.8181,-75.6727
Summit Hill,PA,40.8255,-75.8693
Tresckow,PA,40.9159,-75.9657
Weatherly,PA,40.9411,-75.8306
Lake Harmony,PA,41.0542,-75.6331
Sandy Ridge,PA,40.8136,-78.239
State College,PA,40.796875,-77.866225
University Park,PA,40.7997,-77.8623
Aaronsburg,PA,40.8987,-77.4562
Bellefonte,PA,40.8978,-77.7732
Blanchard,PA,41.0642,-77.5978
Boalsburg,PA,40.7793,-77.7822
Centre Hall,PA,40.8254,-77.6742
Clarence,PA,41.0585,-77.9312
Coburn,PA,40.8383,-77.4509
Fleming,PA,40.9046,-77.8752
Howard,PA,41.0203,-77.6702
Julian,PA,40.8917,-77.9332
Lemont,PA,40.8082,-77.8125
Madisonburg,PA,40.9334,-77.495
Milesburg,PA,40.9417,-77.785
Millheim,PA,40.8935,-77.4733
Mingoville,PA,40.9299,-77.6389
Moshannon,PA,41.0342,-78.0095
Orviston,PA,40.9722,-77.7602
Pennsylvania Furnace,PA,40.71,-77.996
Philipsburg,PA,40.8863,-78.219
Pine Grove Mills,PA,40.7337,-77.8856
Port Matilda,PA,40.8018,-78.0788
Rebersburg,PA,40.9549,-77.4053
Snow Shoe,PA,41.0376,-77.9523
Spring Mills,PA,40.8578,-77.574
Woodward,PA,40.9116,-77.3483
Paoli,PA,40.0426,-75.4827
Atglen,PA,39.9458,-75.9703
Avondale,PA,39.8219,-75.7687
Berwyn,PA,40.0412,-75.4475
Brandamore,PA,40.055,-75.8378
Chatham,PA,39.8524,-75.8118
Coatesville,PA,39.9843,-75.8253
Cochranville,PA,39.8757,-75.9214
Devon,PA,40.0452,-75.4227
Downingtown,PA,40.0161,-75.7183
Exton,PA,40.0468,-75.6432
Glenmoore,PA,40.0846,-75.7711
Honey Brook,PA,40.0832,-75.8843
Immaculata,PA,39.8478,-75.7193
Kelton,PA,39.8087,-75.878
Kemblesville,PA,39.749,-75.8241
Kennett Square,PA,39.855,-75.7
Landenberg,PA,39.7696,-75.7807
Lewisville,PA,39.7226,-75.8749
Lincoln University,PA,39.7787,-75.8876
Lionville,PA,40.0132,-75.499
Lyndell,PA,40.0582,-75.7433
Malvern,PA,40.0468,-75.531
Mendenhall,PA,39.854,-75.6413
Modena,PA,39.9621,-75.8025
New London,PA,39.7261,-75.7857
Nottingham,PA,39.7441,-76.0356
Oxford,PA,39.7827,-75.9815
Parkesburg,PA,39.9654,-75.926
Pocopson,PA,39.9004,-75.6258
Pomeroy,PA,39.9643,-75.8866
Sadsburyville,PA,39.9903,-75.8936
Suplee,PA,40.0995,-75.8791
Thorndale,PA,39.9984,-75.759
Toughkenamon,PA,39.8315,-75.7574
Unionville,PA,39.8954,-75.7344
Wagontown,PA,39.9832,-75.7481
West Chester,PA,39.96265,-75.6001
West Grove,PA,39.8253,-75.8374
Westtown,PA,39.9328,-75.5448
Southeastern,PA,39.9832,-75.7481
Birchrunville,PA,39.9832,-75.7481
Chester Springs,PA,40.0978,-75.6398
Devault,PA,40.0796,-75.56
Kimberton,PA,40.1307,-75.5721
Parker Ford,PA,40.1995,-75.5838
Phoenixville,PA,40.1267,-75.5272
Pottstown,PA,40.2277,-75.64125
Saint Peters,PA,40.1867,-75.7288
Spring City,PA,40.1765,-75.5697
Uwchland,PA,40.098,-75.688
Valley Forge,PA,40.110414,-75.449057
Elverson,PA,40.1568,-75.7866
East Brady,PA,40.9744,-79.6302
Foxburg,PA,41.1431,-79.6798
Saint Petersburg,PA,41.1617,-79.6528
Turkey City,PA,41.1853,-79.6134
Callensburg,PA,41.1259,-79.5584
Clarion,PA,41.2123,-79.3773
Crown,PA,41.3898,-79.2709
Curllsville,PA,41.2023,-79.4538
Fairmount City,PA,41.0429,-79.2784
Fisher,PA,41.2665,-79.2425
Hawthorn,PA,41.0178,-79.2799
Knox,PA,41.2245,-79.5194
Leeper,PA,41.3671,-79.3022
Limestone,PA,41.2023,-79.4538
Lucinda,PA,41.3124,-79.3754
Mayport,PA,40.9906,-79.2617
New Bethlehem,PA,40.9999,-79.3527
Rimersburg,PA,41.0411,-79.5017
Shippenville,PA,41.2475,-79.4332
Sligo,PA,41.1139,-79.4805
Snydersburg,PA,41.3328,-79.3556
Strattanville,PA,41.1955,-79.3082
Vowinckel,PA,41.3957,-79.2266
Fryburg,PA,41.3717,-79.4134
Kossuth,PA,41.2926,-79.5655
Lickingville,PA,41.3789,-79.3715
Marble,PA,41.3261,-79.4459
Tylersburg,PA,41.3848,-79.3223
Lamartine,PA,41.2226,-79.6339
Burnside,PA,40.8134,-78.7865
La Jose,PA,40.7876,-78.6514
Mahaffey,PA,40.8875,-78.7353
Du Bois,PA,41.126,-78.7527
Luthersburg,PA,41.0532,-78.7428
Penfield,PA,41.2085,-78.5791
Rockton,PA,41.0806,-78.6577
Troutville,PA,41.0256,-78.7853
Beccaria,PA,40.7683,-78.4455
Brisbin,PA,40.8387,-78.3526
Coalport,PA,40.7503,-78.5352
Glen Hope,PA,40.7984,-78.4999
Houtzdale,PA,40.8278,-78.35645
Irvona,PA,40.8017,-78.5602
Madera,PA,40.8271,-78.4275
Morann,PA,40.7864,-78.367
Osceola Mills,PA,40.8722,-78.2757
Ramey,PA,40.8015,-78.3998
Smithmill,PA,40.7507,-78.4012
Smokerun,PA,40.9891,-78.4224
Westover,PA,40.7615,-78.7355
Allport,PA,40.967,-78.2014
Bigler,PA,40.9848,-78.3064
Clearfield,PA,41.021,-78.4435
Curwensville,PA,40.966,-78.5272
Drifting,PA,41.0242,-78.1083
Frenchville,PA,41.1038,-78.2345
Glen Richey,PA,40.9458,-78.475
Grampian,PA,40.9818,-78.5949
Grassflat,PA,41.0036,-78.1104
Hawk Run,PA,40.923,-78.2037
Hyde,PA,41.003,-78.4642
Karthaus,PA,41.1136,-78.0875
Kylertown,PA,40.9934,-78.1672
Lanse,PA,40.9605,-78.1144
Lecontes Mills,PA,41.0831,-78.2833
Mineral Springs,PA,40.9981,-78.3636
Morrisdale,PA,41.0001,-78.2357
Munson,PA,40.9468,-78.1718
New Millport,PA,40.8652,-78.5237
Olanta,PA,40.9056,-78.5001
Pottersdale,PA,41.1868,-78.0341
Shawville,PA,41.0692,-78.3581
Wallaceton,PA,40.9616,-78.2926
West Decatur,PA,40.9493,-78.3129
Winburne,PA,40.9696,-78.1508
Woodland,PA,41.0098,-78.3214
Beech Creek,PA,41.0845,-77.5851
Lamar,PA,41.0162,-77.5311
Avis,PA,41.186,-77.3162
Castanea,PA,41.1227,-77.4317
Lock Haven,PA,41.1425,-77.4436
Loganton,PA,41.0283,-77.3204
Mc Elhattan,PA,41.1355,-77.37
Mackeyville,PA,41.0545,-77.4614
Mill Hall,PA,41.0867,-77.4836
North Bend,PA,41.4083,-77.6641
Renovo,PA,41.3334,-77.7448
Westport,PA,41.2745,-77.9315
Woolrich,PA,41.1948,-77.3764
Benton,PA,41.2231,-76.3406
Bloomsburg,PA,41.0115,-76.4384
Catawissa,PA,40.918,-76.4416
Millville,PA,41.1261,-76.5208
Numidia,PA,40.8806,-76.4022
Orangeville,PA,41.1016,-76.381
Stillwater,PA,41.1515,-76.3696
Wilburton,PA,40.8121,-76.3929
Aristes,PA,40.8167,-76.3503
Berwick,PA,41.0665,-76.2443
Mifflinville,PA,41.0323,-76.308
Adamsville,PA,41.5067,-80.3765
Atlantic,PA,41.5333,-80.2863
Hartstown,PA,41.5509,-80.3813
Cochranton,PA,41.5205,-80.0573
Conneaut Lake,PA,41.6189,-80.3086
Guys Mills,PA,41.6333,-79.9714
Hydetown,PA,41.6526,-79.727
Meadville,PA,41.6467,-80.1532
Titusville,PA,41.6382,-79.6855
Townville,PA,41.6856,-79.8767
Cambridge Springs,PA,41.8034,-80.0594
Centerville,PA,41.7243,-79.79
Conneautville,PA,41.7455,-80.3445
Harmonsburg,PA,41.6609,-80.3178
Linesville,PA,41.6244,-80.4523
Riceville,PA,41.7776,-79.8028
Saegertown,PA,41.7268,-80.1479
Spartansburg,PA,41.7936,-79.6849
Springboro,PA,41.8113,-80.3753
Venango,PA,41.764,-80.0982
Camp Hill,PA,40.240175,-76.927525
Boiling Springs,PA,40.1449,-77.1195
Carlisle,PA,40.20945,-77.21475
Enola,PA,40.2922,-76.9432
Grantham,PA,40.158,-76.9964
Lemoyne,PA,40.2469,-76.9001
Mechanicsburg,PA,40.1956,-77.01505
Mount Holly Springs,PA,40.1115,-77.1902
New Cumberland,PA,40.2151,-76.8689
New Kingstown,PA,40.2306,-77.0794
Plainfield,PA,40.203,-77.2848
Summerdale,PA,40.3078,-76.9312
Newburg,PA,40.1333,-77.5669
Newville,PA,40.1855,-77.4114
Shippensburg,PA,40.0514,-77.5195
Walnut Bottom,PA,40.086,-77.409
Berrysburg,PA,40.601,-76.8117
Dauphin,PA,40.3846,-76.9283
Elizabethville,PA,40.555,-76.8355
Grantville,PA,40.3606,-76.6713
Gratz,PA,40.6082,-76.7375
Halifax,PA,40.476,-76.894
Hershey,PA,40.2638,-76.6545
Highspire,PA,40.2083,-76.7853
Hummelstown,PA,40.2782,-76.7094
Lykens,PA,40.5909,-76.7074
Middletown,PA,40.2041,-76.7331
Millersburg,PA,40.5587,-76.9305
Pillow,PA,40.6392,-76.8029
Wiconisco,PA,40.5734,-76.6914
Williamstown,PA,40.5808,-76.6223
Harrisburg,PA,40.278123,-76.863158
Ardmore,PA,40.002,-75.2966
Broomall,PA,39.9747,-75.3602
Bryn Mawr,PA,40.0236,-75.3295
Chester,PA,39.8919,-75.39035
Aston,PA,39.8643,-75.4332
Brookhaven,PA,39.8654,-75.3885
Chester Heights,PA,39.8901,-75.4755
Clifton Heights,PA,39.9218,-75.2876
Crum Lynne,PA,39.8685,-75.3374
Darby,PA,39.9176,-75.2696
Drexel Hill,PA,39.9503,-75.304
Edgemont,PA,39.9748,-75.4505
Essington,PA,39.8621,-75.2971
Folcroft,PA,39.8905,-75.2821
Folsom,PA,39.8901,-75.3296
Glenolden,PA,39.9048,-75.2946
Glen Riddle Lima,PA,39.934,-75.406
Gradyville,PA,39.9432,-75.4694
Haverford,PA,40.0097,-75.3121
Holmes,PA,39.89785,-75.3097
Lansdowne,PA,39.9375,-75.2637
Lenni,PA,39.8942,-75.4456
Garnet Valley,PA,39.852,-75.5007
Marcus Hook,PA,39.8295,-75.4354
Media,PA,39.924633,-75.397067
Springfield,PA,39.9296,-75.3338
Morton,PA,39.9063,-75.3238
Newtown Square,PA,39.9863,-75.407
Norwood,PA,39.887,-75.2972
Prospect Park,PA,39.8857,-75.3082
Ridley Park,PA,39.8784,-75.3215
Sharon Hill,PA,39.9035,-75.2695
Wayne,PA,40.0208,-75.395325
Swarthmore,PA,39.8967,-75.3474
Upper Darby,PA,39.9579,-75.2681
Havertown,PA,39.9774,-75.3106
Villanova,PA,40.0399,-75.3459
Wallingford,PA,39.8871,-75.3721
Woodlyn,PA,39.876,-75.3463
Philadelphia,PA,39.990761,-75.142609
Chadds Ford,PA,39.8648,-75.5885
Cheyney,PA,39.9209,-75.5222
Concordville,PA,39.900467,-75.4809
Glen Mills,PA,39.9015,-75.5049
Thornton,PA,39.9041,-75.5313
Benezett,PA,41.3253,-78.3576
Brandy Camp,PA,41.3209,-78.6875
Brockport,PA,41.2822,-78.7128
Byrnedale,PA,41.2865,-78.5051
Dagus Mines,PA,41.3539,-78.6056
Force,PA,41.2629,-78.5298
Johnsonburg,PA,41.4928,-78.6783
Kersey,PA,41.3563,-78.6015
Ridgway,PA,41.3621,-78.7262
Saint Marys,PA,41.4289,-78.5505
Weedville,PA,41.2685,-78.4952
Wilcox,PA,41.5735,-78.6823
De Young,PA,41.4159,-78.6651
James City,PA,41.6192,-78.8394
Albion,PA,41.89265,-80.3388
Corry,PA,41.9226,-79.6567
Cranesville,PA,41.9162,-80.3085
East Springfield,PA,41.9794,-80.4303
Edinboro,PA,41.87315,-80.1287
Elgin,PA,41.9031,-79.7437
Fairview,PA,42.0407,-80.2395
Girard,PA,41.9896,-80.3178
Harborcreek,PA,42.1767,-79.9416
Lake City,PA,42.0204,-80.3388
Mc Kean,PA,41.999,-80.1473
Mill Village,PA,41.8773,-79.9692
North East,PA,42.2008,-79.8332
North Springfield,PA,41.9999,-80.4258
Union City,PA,41.8939,-79.8455
Waterford,PA,41.9603,-79.9996
Wattsburg,PA,42.0391,-79.8363
West Springfield,PA,41.9465,-80.465
Erie,PA,42.133838,-80.072158
Belle Vernon,PA,40.1588,-79.8122
Uniontown,PA,39.8897,-79.7282
Adah,PA,39.8965,-79.922
Allison,PA,39.9868,-79.8637
Brier Hill,PA,39.9808,-79.8504
Brownfield,PA,39.857,-79.712
Brownsville,PA,40.0237,-79.8839
Cardale,PA,39.9567,-79.8662
Chalk Hill,PA,39.8451,-79.5991
Chestnut Ridge,PA,39.9812,-79.8116
Connellsville,PA,40.0265,-79.5566
Dawson,PA,40.0638,-79.6602
Dickerson Run,PA,40.0418,-79.66
Dunbar,PA,39.9722,-79.6431
East Millsboro,PA,39.9822,-79.9664
Fairbank,PA,39.9434,-79.8495
Fairchance,PA,39.8229,-79.7551
Farmington,PA,39.807,-79.5832
Fayette City,PA,40.0988,-79.8366
Gans,PA,39.7429,-79.8242
Gibbon Glade,PA,39.7364,-79.5736
Grindstone,PA,40.0084,-79.8404
Hibbs,PA,39.9317,-79.8825
Hiller,PA,40.012,-79.9088
Hopwood,PA,39.8728,-79.6568
Indian Head,PA,40.0248,-79.395
Isabella,PA,39.946,-79.9393
Keisterville,PA,39.9636,-79.7853
La Belle,PA,39.9983,-79.9754
Lake Lynn,PA,39.7501,-79.8618
Leckrone,PA,39.8615,-79.8701
Leisenring,PA,39.9985,-79.6435
Lemont Furnace,PA,39.9311,-79.6477
Mc Clellandtown,PA,39.8882,-79.8694
Markleysburg,PA,39.7597,-79.46
Martin,PA,39.8065,-79.9098
Masontown,PA,39.8424,-79.9003
Melcroft,PA,40.052,-79.3892
Merrittstown,PA,39.8825,-79.8336
Mill Run,PA,39.968,-79.4622
Mount Braddock,PA,39.9321,-79.6522
Newell,PA,40.0751,-79.8943
New Geneva,PA,39.7884,-79.9092
New Salem,PA,39.9242,-79.8356
Normalville,PA,40.0418,-79.4151
Ohiopyle,PA,39.8507,-79.523
Oliver,PA,39.9183,-79.7158
Perryopolis,PA,40.0646,-79.7756
Point Marion,PA,39.7351,-79.899
Republic,PA,39.9626,-79.8767
Ronco,PA,39.8697,-79.9206
Smithfield,PA,39.7923,-79.8127
Smock,PA,39.9961,-79.7678
Star Junction,PA,40.0651,-79.769
Uledi,PA,39.8936,-79.7856
Vanderbilt,PA,40.0246,-79.6955
Waltersburg,PA,39.9763,-79.7689
West Leisenring,PA,39.9561,-79.7007
White,PA,40.0726,-79.4251
Wickhaven,PA,40.1194,-79.7623
Everson,PA,40.0911,-79.5873
Clarington,PA,41.3233,-79.1466
Cooksburg,PA,41.3384,-79.1971
Marienville,PA,41.4622,-79.1306
East Hickory,PA,41.584,-79.4017
Endeavor,PA,41.5895,-79.385
Tionesta,PA,41.5116,-79.3663
West Hickory,PA,41.5687,-79.4081
Chambersburg,PA,39.91925,-77.64695
Amberson,PA,40.1704,-77.6772
Blue Ridge Summit,PA,39.7399,-77.4707
Concord,PA,40.2252,-77.725
Doylesburg,PA,40.2184,-77.6797
Dry Run,PA,40.1781,-77.7353
Fannettsburg,PA,40.0717,-77.821
Fayetteville,PA,39.9065,-77.531
Fort Loudon,PA,39.9547,-77.8984
Greencastle,PA,39.7818,-77.747
Lemasters,PA,39.8594,-77.8579
Lurgan,PA,40.1055,-77.6405
Marion,PA,39.8587,-77.6981
Mercersburg,PA,39.8195,-77.9073
Mont Alto,PA,39.8417,-77.5537
Orrstown,PA,40.0731,-77.6398
Pleasant Hall,PA,40.0531,-77.6539
Quincy,PA,39.7995,-77.5811
Rouzerville,PA,39.7364,-77.5247
Roxbury,PA,40.1104,-77.6619
Saint Thomas,PA,39.9241,-77.7908
Scotland,PA,39.9696,-77.5848
Shady Grove,PA,39.7834,-77.6749
South Mountain,PA,39.8465,-77.4878
Spring Run,PA,40.1734,-77.7092
State Line,PA,39.7248,-77.7186
Upperstrasburg,PA,40.058,-77.7368
Waynesboro,PA,39.7635,-77.5674
Willow Hill,PA,40.1137,-77.7969
Zullinger,PA,39.7714,-77.627
Crystal Spring,PA,39.92,-78.2258
Waterfall,PA,40.1276,-78.0628
Wells Tannery,PA,40.101,-78.1403
Big Cove Tannery,PA,39.8127,-78.0645
Burnt Cabins,PA,40.0753,-77.9017
Fort Littleton,PA,40.078,-77.9532
Harrisonville,PA,39.9761,-78.0841
Hustontown,PA,40.0441,-78.0148
Mc Connellsburg,PA,39.9443,-77.9901
Needmore,PA,39.8713,-78.1439
Warfordsburg,PA,39.7698,-78.1986
Aleppo,PA,39.8246,-80.4579
Bobtown,PA,39.7612,-79.9814
Brave,PA,39.7245,-80.2537
Carmichaels,PA,39.8825,-79.971
Clarksville,PA,39.9667,-80.0452
Crucible,PA,39.9502,-79.9676
Dilliner,PA,39.7555,-79.9771
Garards Fort,PA,39.8083,-79.9679
Graysville,PA,39.9092,-80.3952
Greensboro,PA,39.8045,-79.9399
Holbrook,PA,39.8489,-80.3385
Jefferson,PA,39.9334,-80.0503
Mather,PA,39.9354,-80.0753
Mount Morris,PA,39.774,-80.0246
Nemacolin,PA,39.8779,-79.9258
New Freeport,PA,39.7507,-80.4542
Nineveh,PA,39.9615,-80.3078
Rices Landing,PA,39.944,-79.9857
Rogersville,PA,39.8765,-80.2758
Spraggs,PA,39.7447,-80.2145
Sycamore,PA,39.9415,-80.2906
Waynesburg,PA,39.8917,-80.1795
Wind Ridge,PA,39.8971,-80.4647
Alexandria,PA,40.5485,-78.0951
Broad Top,PA,40.2019,-78.1406
Calvin,PA,40.3367,-78.0272
Cassville,PA,40.294,-78.0272
Dudley,PA,40.2054,-78.1814
Entriken,PA,40.334,-78.1989
Hesston,PA,40.4121,-78.1281
Huntingdon,PA,40.49355,-78.00765
James Creek,PA,40.3567,-78.1887
Mc Connellstown,PA,40.4025,-77.967
Petersburg,PA,40.603,-77.9984
Robertsdale,PA,40.1787,-78.1117
Spruce Creek,PA,40.6218,-78.1361
Todd,PA,40.271,-78.0772
Warriors Mark,PA,40.7414,-78.0775
Mapleton Depot,PA,40.3864,-77.9604
Mill Creek,PA,40.4679,-77.8967
Mount Union,PA,40.3901,-77.8637
Blairs Mills,PA,40.2548,-77.7695
Neelyton,PA,40.1371,-77.858
Orbisonia,PA,40.2389,-77.9069
Rockhill Furnace,PA,40.2414,-77.8995
Saltillo,PA,40.2133,-78.0069
Shade Gap,PA,40.173,-77.868
Shirleysburg,PA,40.2979,-77.8742
Three Springs,PA,40.1834,-77.9941
Saltsburg,PA,40.5429,-79.3978
Indiana,PA,40.62055,-79.15605
Alverda,PA,40.6303,-78.857
Arcadia,PA,40.7817,-78.8536
Aultman,PA,40.5698,-79.2617
Black Lick,PA,40.4725,-79.1869
Blairsville,PA,40.4413,-79.2533
Brush Valley,PA,40.5292,-79.0846
Chambersville,PA,40.7056,-79.1615
Cherry Tree,PA,40.7554,-78.8474
Clarksburg,PA,40.5039,-79.3677
Clune,PA,40.5503,-79.3237
Clymer,PA,40.6688,-79.0119
Commodore,PA,40.7016,-78.9134
Coral,PA,40.4992,-79.1739
Creekside,PA,40.7199,-79.2014
Dixonville,PA,40.7165,-79.007
Ernest,PA,40.678,-79.1657
Gipsy,PA,40.8073,-78.8764
Glen Campbell,PA,40.8508,-78.8555
Heilwood,PA,40.6207,-78.9186
Hillsdale,PA,40.7517,-78.885
Home,PA,40.7834,-79.1641
Homer City,PA,40.5245,-79.0843
Josephine,PA,40.4828,-79.185
Kent,PA,40.5412,-79.282
Lucernemines,PA,40.5567,-79.1515
Mc Intyre,PA,40.5684,-79.2999
Marchand,PA,40.8576,-79.0228
Marion Center,PA,40.7814,-79.0252
Mentcle,PA,40.6373,-78.8823
Northpoint,PA,40.9037,-79.1257
Penn Run,PA,40.6213,-78.9943
Rochester Mills,PA,40.8308,-78.9892
Rossiter,PA,40.8846,-78.9414
Starford,PA,40.7027,-78.9588
West Lebanon,PA,40.6026,-79.3537
Armagh,PA,40.4603,-79.0097
Dilltown,PA,40.4665,-79.0025
Robinson,PA,40.4042,-79.1395
Strongstown,PA,40.5727,-78.9
Beyer,PA,40.7865,-79.2011
Plumville,PA,40.7931,-79.1806
Smicksburg,PA,40.8372,-79.1614
Anita,PA,41.0018,-78.9666
Big Run,PA,40.9704,-78.8758
Coolspring,PA,41.0431,-79.0836
De Lancey,PA,41.1411,-78.9629
Hamilton,PA,40.9233,-79.0831
Oliveburg,PA,40.9926,-79.0291
Punxsutawney,PA,40.9479,-78.9681
Ringgold,PA,40.9997,-79.1766
Sprankle Mills,PA,41.0133,-79.114
Timblin,PA,40.9684,-79.2014
Valier,PA,40.9159,-79.0448
Walston,PA,40.9651,-78.9948
Worthville,PA,41.0238,-79.1387
Brockway,PA,41.2406,-78.8116
Brookville,PA,41.1627,-79.0816
Corsica,PA,41.1762,-79.1976
Falls Creek,PA,41.1455,-78.8128
Knox Dale,PA,41.0862,-79.0264
Reynoldsville,PA,41.097,-78.8886
Sigel,PA,41.3099,-79.054
Stump Creek,PA,41.0126,-78.8373
Summerville,PA,41.1058,-79.1726
Sykesville,PA,41.0514,-78.8195
Cocolamus,PA,40.6479,-77.2125
East Waterford,PA,40.3542,-77.6528
Honey Grove,PA,40.4309,-77.5761
Mc Alisterville,PA,40.6469,-77.2602
Mexico,PA,40.5373,-77.3543
Mifflin,PA,40.5695,-77.4028
Mifflintown,PA,40.5727,-77.3761
Oakland Mills,PA,40.6147,-77.3192
Port Royal,PA,40.5107,-77.431
Richfield,PA,40.6884,-77.1223
Thompsontown,PA,40.5908,-77.2076
Archbald,PA,41.4876,-75.5334
Carbondale,PA,41.5831,-75.5056
Chinchilla,PA,41.4865,-75.6933
Clarks Summit,PA,41.4878,-75.7057
Dalton,PA,41.5395,-75.7037
Elmhurst,PA,41.3756,-75.548
Fleetville,PA,41.5981,-75.7146
Jermyn,PA,41.5744,-75.5881
Jessup,PA,41.4724,-75.5689
La Plume,PA,41.5516,-75.7676
Moscow,PA,41.3432,-75.5301
Olyphant,PA,41.4663,-75.59885
Peckville,PA,41.4821,-75.5899
Waverly,PA,41.5238,-75.6906
Scranton,PA,41.411585,-75.656369
Moosic,PA,41.3554,-75.6805
Taylor,PA,41.3904,-75.7158
Old Forge,PA,41.3701,-75.7391
Ransom,PA,41.3945,-75.8242
Elizabethtown,PA,40.1553,-76.6025
Akron,PA,40.1573,-76.2042
Bainbridge,PA,40.1086,-76.6726
Bart,PA,40.0185,-76.2976
Bausman,PA,40.024,-76.3281
Bird In Hand,PA,40.0561,-76.183
Blue Ball,PA,40.1173,-76.0524
Bowmansville,PA,40.1966,-76.016
Brownstown,PA,40.124,-76.2176
Christiana,PA,39.904,-76.0401
Columbia,PA,40.0391,-76.4862
Conestoga,PA,39.9403,-76.3575
Denver,PA,40.2297,-76.1157
Drumore,PA,39.8183,-76.2499
East Earl,PA,40.1395,-76.0276
East Petersburg,PA,40.1008,-76.3512
Elm,PA,40.2044,-76.3464
Ephrata,PA,40.1756,-76.1821
Gap,PA,40.002,-75.9978
Goodville,PA,40.1257,-76.0033
Gordonville,PA,40.0353,-76.1106
Holtwood,PA,39.8631,-76.3008
Hopeland,PA,40.2339,-76.2607
Intercourse,PA,40.0367,-76.1069
Kinzers,PA,40.0053,-76.0493
Kirkwood,PA,39.8257,-76.0933
Lampeter,PA,39.9885,-76.2387
Landisville,PA,40.0892,-76.4156
Leola,PA,40.0964,-76.1921
Lititz,PA,40.1846,-76.3015
Manheim,PA,40.1702,-76.4168
Marietta,PA,40.0664,-76.5645
Martindale,PA,40.1545,-76.0876
Maytown,PA,40.0754,-76.5822
Millersville,PA,39.9982,-76.3566
Mount Joy,PA,40.1083,-76.5103
Mountville,PA,40.0427,-76.4277
Narvon,PA,40.1252,-75.9756
New Holland,PA,40.1005,-76.0801
New Providence,PA,39.9098,-76.2243
Paradise,PA,39.9852,-76.1081
Peach Bottom,PA,39.7705,-76.1791
Penryn,PA,40.0185,-76.2976
Pequea,PA,39.9058,-76.3209
Quarryville,PA,39.8949,-76.1465
Reamstown,PA,40.2099,-76.1164
Refton,PA,39.9469,-76.2322
Reinholds,PA,40.2688,-76.1013
Rheems,PA,40.1301,-76.5705
Ronks,PA,40.0235,-76.16735
Silver Spring,PA,40.0647,-76.4343
Smoketown,PA,40.0376,-76.1969
Stevens,PA,40.2194,-76.1626
Strasburg,PA,39.9701,-76.1848
Talmage,PA,40.1168,-76.2131
Terre Hill,PA,40.1585,-76.0511
Washington Boro,PA,39.9881,-76.4402
West Willow,PA,39.9723,-76.2873
Willow Street,PA,39.967,-76.2752
Witmer,PA,40.0484,-76.2114
Lancaster,PA,40.040745,-76.309118
Adamstown,PA,40.2423,-76.0577
New Castle,PA,40.992183,-80.331617
Bessemer,PA,40.9755,-80.4937
Edinburg,PA,41.0276,-80.4632
Ellwood City,PA,40.8729,-80.2559
Enon Valley,PA,40.8721,-80.4612
Hillsville,PA,41.0113,-80.4975
New Bedford,PA,41.0973,-80.5048
New Wilmington,PA,41.1291,-80.32885
Pulaski,PA,41.0942,-80.4685
Villa Maria,PA,41.0737,-80.5073
Volant,PA,41.0938,-80.2441
Wampum,PA,40.8819,-80.3392
West Pittsburg,PA,40.9301,-80.3611
Annville,PA,40.3456,-76.5447
Campbelltown,PA,40.2776,-76.5852
Cornwall,PA,40.2755,-76.4053
Fredericksburg,PA,40.4524,-76.4267
Jonestown,PA,40.4361,-76.5038
Kleinfeltersville,PA,40.3005,-76.2584
Lawn,PA,40.2236,-76.538
Lebanon,PA,40.3564,-76.4172
Mount Gretna,PA,40.2476,-76.4711
Myerstown,PA,40.3789,-76.3143
Newmanstown,PA,40.3495,-76.2133
Ono,PA,40.4029,-76.5347
Palmyra,PA,40.3011,-76.5886
Quentin,PA,40.2796,-76.4397
Rexmont,PA,40.2771,-76.3857
Richland,PA,40.3806,-76.2654
Schaefferstown,PA,40.2984,-76.2944
Alburtis,PA,40.5145,-75.6029
Bethlehem,PA,40.646467,-75.390033
Breinigsville,PA,40.5526,-75.6553
Catasauqua,PA,40.6557,-75.4693
Center Valley,PA,40.5396,-75.4242
Coopersburg,PA,40.5076,-75.3888
Coplay,PA,40.6701,-75.4955
East Texas,PA,40.5476,-75.5613
Emmaus,PA,40.5361,-75.498267
Fogelsville,PA,40.593,-75.6568
Whitehall,PA,40.6567,-75.5041
Germansville,PA,40.7118,-75.7147
Laurys Station,PA,40.7177,-75.5335
Limeport,PA,40.509,-75.4471
Macungie,PA,40.5285,-75.5666
Neffs,PA,40.6967,-75.6116
New Tripoli,PA,40.6545,-75.7417
Old Zionsville,PA,40.4865,-75.5202
Orefield,PA,40.6248,-75.5974
Schnecksville,PA,40.6819,-75.6239
Slatedale,PA,40.7455,-75.6592
Slatington,PA,40.7345,-75.6186
Trexlertown,PA,40.5482,-75.5961
Zionsville,PA,40.4734,-75.5261
Allentown,PA,40.6015,-75.5101
Hazleton,PA,40.9497,-76.0025
Conyngham,PA,40.9907,-76.0564
Drifton,PA,41.0016,-75.9057
Drums,PA,41.0255,-75.9768
Ebervale,PA,40.9862,-75.9413
Freeland,PA,41.0196,-75.888
Harleigh,PA,40.9806,-75.9713
Lattimer Mines,PA,40.9925,-75.9626
Milnesville,PA,40.9961,-75.9815
Rock Glen,PA,40.9654,-76.1844
Saint Johns,PA,41.0281,-76.006
Sugarloaf,PA,40.9971,-76.0717
Sybertsville,PA,41.0015,-76.0763
Weston,PA,40.9448,-76.1452
Beach Haven,PA,41.0684,-76.1758
Bear Creek,PA,41.1922,-75.7161
Cambra,PA,41.1981,-76.3058
Dallas,PA,41.3428,-75.97335
Glen Lyon,PA,41.1746,-76.0746
Harveys Lake,PA,41.3592,-76.0451
Hunlock Creek,PA,41.2459,-76.0879
Huntington Mills,PA,41.1906,-76.2335
Lehman,PA,41.3166,-76.021
Nanticoke,PA,41.1963,-76.0044
Nescopeck,PA,41.0469,-76.1981
Pittston,PA,41.340033,-75.785033
Duryea,PA,41.3486,-75.7611
Wyoming,PA,41.3197,-75.8541
Plymouth,PA,41.2458,-75.9481
Shawanese,PA,41.3501,-76.0319
Shickshinny,PA,41.1513,-76.1081
Sweet Valley,PA,41.3066,-76.1339
Wapwallopen,PA,41.068,-76.0857
White Haven,PA,41.079,-75.7715
Wilkes Barre,PA,41.2573,-75.873664
Kingston,PA,41.2742,-75.8903
Mountain Top,PA,41.135,-75.9376
Shavertown,PA,41.2998,-75.9711
Luzerne,PA,41.2843,-75.8935
Williamsport,PA,41.25235,-77.020125
Antes Fort,PA,41.1865,-77.2184
Jersey Shore,PA,41.3395,-77.3634
Cedar Run,PA,41.5299,-77.4917
Cogan Station,PA,41.3152,-77.069
Hughesville,PA,41.256,-76.7141
Jersey Mills,PA,41.3573,-77.4066
Lairdsville,PA,41.2359,-76.605
Linden,PA,41.2472,-77.1527
Montgomery,PA,41.1788,-76.8839
Montoursville,PA,41.2663,-76.903
Muncy,PA,41.2137,-76.7633
Picture Rocks,PA,41.2798,-76.713
Ralston,PA,41.5038,-76.9583
Slate Run,PA,41.4728,-77.5016
Trout Run,PA,41.4125,-77.0098
Unityville,PA,41.2436,-76.5183
Waterville,PA,41.3114,-77.3604
Ludlow,PA,41.7284,-78.9434
Bradford,PA,41.9547,-78.654
Crosby,PA,41.7451,-78.3903
Custer City,PA,41.9059,-78.6517
Cyclone,PA,41.8186,-78.5957
Derrick City,PA,41.9726,-78.5626
Duke Center,PA,41.954,-78.4923
East Smethport,PA,41.8087,-78.4195
Eldred,PA,41.9489,-78.3884
Gifford,PA,41.8581,-78.5964
Hazel Hurst,PA,41.7059,-78.5825
Kane,PA,41.6619,-78.7978
Lewis Run,PA,41.8211,-78.6805
Mount Jewett,PA,41.7247,-78.6446
Port Allegany,PA,41.8169,-78.2799
Rew,PA,41.9015,-78.5392
Rixford,PA,41.9262,-78.4942
Smethport,PA,41.8021,-78.4702
Turtlepoint,PA,41.8847,-78.3308
Clark,PA,41.2866,-80.4237
Clarks Mills,PA,41.3931,-80.1837
Farrell,PA,41.211,-80.4944
Fredonia,PA,41.3241,-80.2699
Greenville,PA,41.4057,-80.3739
Grove City,PA,41.1607,-80.0841
Hadley,PA,41.4432,-80.2153
Jackson Center,PA,41.2801,-80.1037
Jamestown,PA,41.4566,-80.4492
Mercer,PA,41.2325,-80.234
Sandy Lake,PA,41.3383,-80.0497
Sharon,PA,41.2316,-80.4993
Hermitage,PA,41.2326,-80.453
Sharpsville,PA,41.2676,-80.4656
Sheakleyville,PA,41.4435,-80.2055
Stoneboro,PA,41.3439,-80.0976
Transfer,PA,41.3244,-80.4197
West Middlesex,PA,41.1741,-80.4528
Wheatland,PA,41.2009,-80.4978
Carlton,PA,41.4815,-80.0203
Allensville,PA,40.5075,-77.8392
Belleville,PA,40.6016,-77.7358
Burnham,PA,40.6361,-77.5625
Granville,PA,40.5537,-77.6255
Lewistown,PA,40.5994,-77.5756
Mc Veytown,PA,40.5046,-77.7186
Mattawana,PA,40.496,-77.7237
Milroy,PA,40.7203,-77.5567
Newton Hamilton,PA,40.3931,-77.8316
Reedsville,PA,40.6722,-77.6116
Yeagertown,PA,40.6431,-77.5805
Kunkletown,PA,40.8999,-75.476
East Stroudsburg,PA,41.06515,-75.1461
Analomink,PA,41.0712,-75.2364
Bartonsville,PA,41.008,-75.2967
Brodheadsville,PA,40.9309,-75.4104
Buck Hill Falls,PA,41.1879,-75.2657
Canadensis,PA,41.2338,-75.2573
Cresco,PA,41.154,-75.2805
Delaware Water Gap,PA,40.9793,-75.143
Effort,PA,40.9669,-75.4523
Gilbert,PA,40.9089,-75.4314
Henryville,PA,41.0889,-75.2798
Kresgeville,PA,40.8982,-75.5074
Long Pond,PA,41.0677,-75.4482
Marshalls Creek,PA,41.0508,-75.2083
Minisink Hills,PA,41.0004,-75.1371
Mountainhome,PA,41.1737,-75.271
Mount Pocono,PA,41.1216,-75.3529
Pocono Summit,PA,41.1353,-75.4079
Pocono Lake,PA,41.1187,-75.5559
Pocono Lake Preserve,PA,41.0338,-75.308
Pocono Manor,PA,41.1001,-75.3588
Pocono Pines,PA,41.1054,-75.476
Reeders,PA,41.019,-75.336
Saylorsburg,PA,40.8965,-75.367
Sciota,PA,40.9257,-75.325
Scotrun,PA,41.0751,-75.3265
Shawnee On Delaware,PA,41.0123,-75.1107
Skytop,PA,41.2336,-75.2389
Stroudsburg,PA,40.9877,-75.2485
Swiftwater,PA,41.0879,-75.3483
Tannersville,PA,41.0472,-75.3244
Tobyhanna,PA,41.1836,-75.3918
Blakeslee,PA,41.0485,-75.5343
East Greenville,PA,40.4119,-75.5056
Green Lane,PA,40.3534,-75.4351
Palm,PA,40.4317,-75.5331
Pennsburg,PA,40.3911,-75.4866
Perkiomenville,PA,40.3157,-75.5022
Red Hill,PA,40.3758,-75.4846
Sumneytown,PA,40.3278,-75.454
Colmar,PA,40.2728,-75.2563
Earlington,PA,40.32,-75.3742
Franconia,PA,40.3081,-75.3586
Montgomeryville,PA,40.2241,-75.231
Salford,PA,40.3029,-75.4486
Salfordville,PA,40.2904,-75.4355
Souderton,PA,40.2884,-75.341
Telford,PA,40.3205,-75.352
Tylersport,PA,40.347,-75.377
Woxall,PA,40.3107,-75.4488
Abington,PA,40.1238,-75.1148
Ambler,PA,40.1809,-75.2156
Bala Cynwyd,PA,40.0118,-75.2342
Huntingdon Valley,PA,40.1284,-75.0607
Bryn Athyn,PA,40.135,-75.0623
Cheltenham,PA,40.0603,-75.1048
Dresher,PA,40.1431,-75.1624
Elkins Park,PA,40.075,-75.1315
Flourtown,PA,40.1068,-75.2115
Fort Washington,PA,40.1386,-75.2022
Gladwyne,PA,40.0451,-75.2821
Glenside,PA,40.1096,-75.155
Hatboro,PA,40.1785,-75.1072
Horsham,PA,40.1821,-75.1479
Jenkintown,PA,40.098,-75.1078
Merion Station,PA,40.003,-75.2503
Narberth,PA,40.0177,-75.2594
Oreland,PA,40.1132,-75.1869
Willow Grove,PA,40.1567,-75.1269
Wyncote,PA,40.0867,-75.1524
Wynnewood,PA,40.0,-75.276
Norristown,PA,40.162,-75.3553
Bridgeport,PA,40.103,-75.3402
King Of Prussia,PA,40.0956,-75.3737
Audubon,PA,40.2119,-75.3559
Eagleville,PA,40.1569,-75.40955
Fairview Village,PA,40.1579,-75.3871
Blue Bell,PA,40.15495,-75.2731
Cedars,PA,40.2174,-75.365
Collegeville,PA,40.1913,-75.4373
Conshohocken,PA,40.0809,-75.303
Creamery,PA,40.1851,-75.42
Frederick,PA,40.3275,-75.5692
Gwynedd,PA,40.2021,-75.2507
Gwynedd Valley,PA,40.1811,-75.2579
Harleysville,PA,40.2727,-75.3877
Hatfield,PA,40.2778,-75.2975
Kulpsville,PA,40.241,-75.3439
Lafayette Hill,PA,40.0896,-75.2601
Lansdale,PA,40.2378,-75.2955
Lederach,PA,40.2119,-75.3559
Mainland,PA,40.2119,-75.3559
Mont Clare,PA,40.1364,-75.4999
North Wales,PA,40.21375,-75.26735
Oaks,PA,40.1318,-75.4596
Plymouth Meeting,PA,40.1077,-75.2796
Royersford,PA,40.2075,-75.5329
Sassamansville,PA,40.3448,-75.5775
Schwenksville,PA,40.2471,-75.4602
Skippack,PA,40.2251,-75.4031
Spring House,PA,40.1839,-75.2327
Spring Mount,PA,40.2759,-75.4618
West Point,PA,40.2033,-75.3019
Worcester,PA,40.1929,-75.3576
Zieglerville,PA,40.2901,-75.503
Gilbertsville,PA,40.3059,-75.5953
Danville,PA,40.97365,-76.6139
Washingtonville,PA,41.0518,-76.6747
Lehigh Valley,PA,40.684133,-75.4562
Bangor,PA,40.853,-75.1718
Bath,PA,40.7551,-75.4086
Cherryville,PA,40.751,-75.5394
Danielsville,PA,40.7866,-75.5186
Easton,PA,40.6938,-75.23472
Hellertown,PA,40.5817,-75.3255
Martins Creek,PA,40.7825,-75.1735
Nazareth,PA,40.745,-75.3199
Northampton,PA,40.6998,-75.4874
Pen Argyl,PA,40.8518,-75.2701
Stockertown,PA,40.754,-75.2621
Tatamy,PA,40.7406,-75.2549
Treichlers,PA,40.7361,-75.5449
Walnutport,PA,40.7615,-75.5657
Wind Gap,PA,40.8169,-75.3264
Mount Bethel,PA,40.9008,-75.1115
Portland,PA,40.9214,-75.097
Dalmatia,PA,40.6483,-76.8797
Dewart,PA,41.1092,-76.8766
Mc Ewensville,PA,41.072,-76.8184
Turbotville,PA,41.1119,-76.7425
Watsontown,PA,41.102,-76.8532
Sunbury,PA,40.8551,-76.7776
Dornsife,PA,40.7571,-76.7626
Elysburg,PA,40.8639,-76.5569
Herndon,PA,40.6918,-76.8008
Marion Heights,PA,40.8046,-76.4651
Kulpmont,PA,40.7933,-76.4744
Leck Kill,PA,40.7101,-76.6271
Locust Gap,PA,40.7727,-76.4383
Milton,PA,41.0168,-76.8398
Montandon,PA,40.9661,-76.8575
Mount Carmel,PA,40.7955,-76.4195
Northumberland,PA,40.9044,-76.7908
Paxinos,PA,40.8448,-76.635
Potts Grove,PA,40.9937,-76.7891
Coal Township,PA,40.7917,-76.5519
Rebuck,PA,40.7141,-76.6886
Riverside,PA,40.9529,-76.6311
Shamokin,PA,40.789,-76.5588
Snydertown,PA,40.879,-76.6673
Trevorton,PA,40.7819,-76.6702
Blain,PA,40.3293,-77.5117
Duncannon,PA,40.4087,-77.0473
Elliottsburg,PA,40.4096,-77.3121
Ickesburg,PA,40.4363,-77.397
Landisburg,PA,40.3326,-77.3191
Liverpool,PA,40.5753,-77.0083
Loysville,PA,40.3658,-77.4138
Marysville,PA,40.3351,-76.9722
Millerstown,PA,40.5505,-77.1298
New Bloomfield,PA,40.4193,-77.1938
New Buffalo,PA,40.4543,-76.9697
New Germantown,PA,40.309,-77.5697
Newport,PA,40.4827,-77.1659
Shermans Dale,PA,40.3299,-77.1809
Bushkill,PA,41.1285,-75.0132
Dingmans Ferry,PA,41.24,-74.938
Matamoras,PA,41.3674,-74.7154
Milford,PA,41.3228,-74.8824
Millrift,PA,41.4093,-74.7432
Tamiment,PA,41.1423,-75.0271
Greeley,PA,41.4372,-75.0125
Greentown,PA,41.3321,-75.2819
Lackawaxen,PA,41.482,-74.986
Paupack,PA,41.3962,-75.1963
Rowland,PA,41.4719,-75.0485
Shohola,PA,41.4182,-74.918
Tafton,PA,41.4045,-75.183
Austin,PA,41.6296,-78.0908
Roulette,PA,41.7738,-78.1538
Shinglehouse,PA,41.9572,-78.1906
Coudersport,PA,41.7762,-77.9567
Galeton,PA,41.723,-77.6548
Genesee,PA,41.9642,-77.81525
Harrison Valley,PA,41.9587,-77.6587
Mills,PA,41.9656,-77.7111
Ulysses,PA,41.8459,-77.7126
Cross Fork,PA,41.4737,-77.8095
Pottsville,PA,40.684,-76.2123
Ashland,PA,40.7732,-76.343
Auburn,PA,40.5962,-76.1344
Branchdale,PA,40.6643,-76.3328
Brockton,PA,40.7508,-76.0629
Cressona,PA,40.6284,-76.195
Cumbola,PA,40.7114,-76.1392
Frackville,PA,40.78325,-76.23065
Friedensburg,PA,40.6026,-76.2408
Gilberton,PA,40.7986,-76.2155
Girardville,PA,40.7922,-76.2858
Gordon,PA,40.7489,-76.3355
Hegins,PA,40.6669,-76.4732
Klingerstown,PA,40.6676,-76.6507
Lavelle,PA,40.7634,-76.3827
Llewellyn,PA,40.6729,-76.2791
Locustdale,PA,40.7773,-76.3761
Lost Creek,PA,40.8081,-76.2407
Mahanoy City,PA,40.8123,-76.1396
Mahanoy Plane,PA,40.794,-76.2433
Mar Lin,PA,40.683,-76.2387
Mary D,PA,40.7473,-76.0628
Middleport,PA,40.7331,-76.0858
Minersville,PA,40.6904,-76.2597
Muir,PA,40.5926,-76.5161
New Philadelphia,PA,40.7195,-76.1158
New Ringgold,PA,40.7149,-75.9484
Orwigsburg,PA,40.6431,-76.084
Pine Grove,PA,40.5671,-76.3269
Pitman,PA,40.7049,-76.5233
Port Carbon,PA,40.6977,-76.166
Ravine,PA,40.5745,-76.4038
Ringtown,PA,40.8559,-76.2349
Sacramento,PA,40.6352,-76.6128
Saint Clair,PA,40.7193,-76.1924
Schuylkill Haven,PA,40.6306,-76.17
Seltzer,PA,40.6954,-76.2338
Shenandoah,PA,40.8167,-76.2035
Spring Glen,PA,40.6258,-76.6218
Summit Station,PA,40.5545,-76.2038
Tower City,PA,40.5845,-76.55
Tremont,PA,40.6343,-76.3905
Tuscarora,PA,40.7815,-76.0134
Valley View,PA,40.6445,-76.5448
Zion Grove,PA,40.9141,-76.1931
Andreas,PA,40.7465,-75.8342
Barnesville,PA,40.8138,-76.0611
Coaldale,PA,40.8219,-75.9104
Delano,PA,40.8389,-76.0694
Kelayres,PA,40.9002,-76.0054
Mcadoo,PA,40.8979,-75.9971
Nuremberg,PA,40.9395,-76.1716
Oneida,PA,40.911,-76.1223
Quakake,PA,40.8518,-76.036
Sheppton,PA,40.902,-76.1188
Tamaqua,PA,40.7983,-75.9735
Port Clinton,PA,40.5818,-76.0267
Beaver Springs,PA,40.7495,-77.2206
Beavertown,PA,40.7774,-77.1691
Freeburg,PA,40.765,-76.9395
Hummels Wharf,PA,40.8344,-76.8354
Kreamer,PA,40.8031,-76.9639
Mc Clure,PA,40.6991,-77.3758
Middleburg,PA,40.7977,-77.0468
Mount Pleasant Mills,PA,40.7237,-77.0135
Paxtonville,PA,40.7725,-77.0833
Penns Creek,PA,40.8598,-77.0553
Port Trevorton,PA,40.6996,-76.9082
Selinsgrove,PA,40.8224,-76.8683
Shamokin Dam,PA,40.8459,-76.8224
Troxelville,PA,40.8031,-77.2053
Addison,PA,39.7476,-79.3454
Confluence,PA,39.8129,-79.3567
Ursina,PA,39.8173,-79.3306
Somerset,PA,39.99405,-79.06085
Hidden Valley,PA,40.046,-79.2585
Acosta,PA,40.1104,-79.0689
Berlin,PA,39.9188,-78.9637
Boswell,PA,40.1918,-79.0362
Boynton,PA,39.7673,-79.062
Fairhope,PA,39.868,-78.8362
Fort Hill,PA,39.7961,-79.2472
Friedens,PA,40.011,-78.9033
Garrett,PA,39.8646,-79.0616
Gray,PA,40.1377,-79.0926
Jenners,PA,40.1431,-79.0428
Jennerstown,PA,40.1595,-79.0616
Kantner,PA,40.1011,-78.9387
Listie,PA,40.0208,-79.0123
Markleton,PA,39.8691,-79.2879
Meyersdale,PA,39.7905,-79.0261
New Baltimore,PA,39.9828,-78.7719
Quecreek,PA,40.0914,-79.0872
Rockwood,PA,39.9373,-79.1865
Salisbury,PA,39.7531,-79.0835
Shanksville,PA,40.0171,-78.9077
Sipesville,PA,40.0964,-79.0902
Springs,PA,39.748,-79.1237
Stoystown,PA,40.0948,-78.9658
Wellersburg,PA,39.7299,-78.8441
West Salisbury,PA,39.7542,-79.095
Cairnbrook,PA,40.1149,-78.7851
Central City,PA,40.0913,-78.8448
Davidsville,PA,40.2245,-78.9363
Hollsopple,PA,40.2343,-78.9515
Hooversville,PA,40.1488,-78.9141
Jerome,PA,40.2084,-78.9873
Seanor,PA,40.212,-78.8984
Tire Hill,PA,40.268,-78.9156
Windber,PA,40.2287,-78.8303
Eagles Mere,PA,41.4109,-76.5819
Muncy Valley,PA,41.3426,-76.5852
Shunk,PA,41.5536,-76.7455
Dushore,PA,41.5232,-76.4021
Forksville,PA,41.5269,-76.6008
Hillsgrove,PA,41.4482,-76.6979
Laporte,PA,41.4329,-76.5169
Lopez,PA,41.418,-76.3002
Mildred,PA,41.4792,-76.3831
Clifford,PA,41.649,-75.5988
Forest City,PA,41.6515,-75.4666
Herrick Center,PA,41.742,-75.4894
Lenoxville,PA,41.6595,-75.6282
Thompson,PA,41.834,-75.5342
Union Dale,PA,41.7079,-75.5465
Montrose,PA,41.8396,-75.8821
Brackney,PA,41.9666,-75.9375
Brooklyn,PA,41.7512,-75.8069
Dimock,PA,41.7465,-75.8983
Friendsville,PA,41.9164,-76.0257
Gibson,PA,41.8034,-75.6441
Great Bend,PA,41.9717,-75.7432
Hallstead,PA,41.9598,-75.7826
Harford,PA,41.7761,-75.6935
Hop Bottom,PA,41.6932,-75.7897
Jackson,PA,41.8203,-75.8046
Kingsley,PA,41.7659,-75.7831
Lanesboro,PA,41.957,-75.5849
Lawton,PA,41.7573,-76.0912
Little Meadows,PA,41.9766,-76.1185
New Milford,PA,41.8664,-75.7171
South Gibson,PA,41.7342,-75.6302
South Montrose,PA,41.7973,-75.8913
Springville,PA,41.7147,-75.9025
Susquehanna,PA,41.9487,-75.5862
Wellsboro,PA,41.7373,-77.308
Arnot,PA,41.6626,-77.123
Blossburg,PA,41.6698,-77.0797
Covington,PA,41.7448,-77.0772
Elkland,PA,41.9882,-77.3134
Gaines,PA,41.7471,-77.568
Knoxville,PA,41.9596,-77.4357
Lawrenceville,PA,41.9783,-77.1136
Liberty,PA,41.5656,-77.1195
Mainesburg,PA,41.784,-76.9983
Mansfield,PA,41.8123,-77.0716
Middlebury Center,PA,41.8664,-77.3128
Millerton,PA,41.9625,-76.9748
Morris,PA,41.5475,-77.292
Morris Run,PA,41.6775,-77.0152
Nelson,PA,41.9787,-77.2419
Osceola,PA,41.9848,-77.354
Sabinsville,PA,41.8408,-77.6155
Tioga,PA,41.9125,-77.1393
Westfield,PA,41.9193,-77.523
Roaring Branch,PA,41.5692,-76.9421
Allenwood,PA,41.1264,-76.9724
Hartleton,PA,40.9005,-77.1558
Laurelton,PA,40.8831,-77.1986
Lewisburg,PA,40.9702,-76.9099
Mifflinburg,PA,40.9218,-77.0505
Millmont,PA,40.8803,-77.1941
New Berlin,PA,40.8802,-76.9861
New Columbia,PA,41.0541,-76.9019
Swengel,PA,40.8923,-77.1266
Vicksburg,PA,40.9387,-76.988
Weikert,PA,40.8584,-77.2953
West Milton,PA,41.0179,-76.8708
White Deer,PA,41.0759,-76.8747
Winfield,PA,40.8908,-76.8718
Oil City,PA,41.4319,-79.6916
Cooperstown,PA,41.498,-79.8757
Cranberry,PA,41.3197,-79.6317
Franklin,PA,41.4048,-79.8309
Pleasantville,PA,41.5867,-79.5685
Polk,PA,41.3583,-79.9346
Reno,PA,41.411,-79.7493
Rouseville,PA,41.4717,-79.6881
Seneca,PA,41.3744,-79.6759
Utica,PA,41.4798,-79.9403
Venus,PA,41.3761,-79.5048
Clintonville,PA,41.2002,-79.8734
Emlenton,PA,41.2028,-79.747
Kennerdell,PA,41.2848,-79.7393
Chandlers Valley,PA,41.9358,-79.3097
Clarendon,PA,41.7302,-79.1719
Irvine,PA,41.8117,-79.2643
Pittsfield,PA,41.8366,-79.4196
Russell,PA,41.9461,-79.1271
Sheffield,PA,41.7005,-79.0348
Sugar Grove,PA,41.9475,-79.3186
Tidioute,PA,41.703,-79.3752
Tiona,PA,41.7434,-79.0528
Warren,PA,41.8438,-79.1542
Youngsville,PA,41.8537,-79.3187
Bear Lake,PA,41.9701,-79.4614
Columbus,PA,41.9382,-79.5731
Garland,PA,41.8188,-79.4463
Grand Valley,PA,41.6963,-79.5473
Spring Creek,PA,41.92,-79.4482
Atlasburg,PA,40.3413,-80.3822
Bulger,PA,40.4051,-80.3622
Burgettstown,PA,40.3821,-80.4044
Charleroi,PA,40.1404,-79.92
Donora,PA,40.1768,-79.8619
Elrama,PA,40.2521,-79.9252
Joffre,PA,40.38,-80.3605
Langeloth,PA,40.3625,-80.4086
Lawrence,PA,40.3058,-80.1219
Mc Donald,PA,40.3697,-80.2562
Midway,PA,40.368,-80.2921
Monongahela,PA,40.1937,-79.9241
New Eagle,PA,40.2066,-79.9534
Slovan,PA,40.3584,-80.3879
Washington,PA,40.1717,-80.256
Amity,PA,40.0498,-80.1681
Avella,PA,40.2734,-80.4565
Beallsville,PA,40.0655,-80.0221
Bentleyville,PA,40.1187,-80.007
Canonsburg,PA,40.2706,-80.1668
Cecil,PA,40.3234,-80.1879
Claysville,PA,40.1179,-80.4103
Cokeburg,PA,40.1008,-80.0652
Prosperity,PA,40.0224,-80.2613
Eighty Four,PA,40.1868,-80.0627
Ellsworth,PA,40.1073,-80.0204
Finleyville,PA,40.2593,-79.9753
Fredericktown,PA,40.0026,-79.9981
Gastonville,PA,40.2601,-79.9927
Hendersonville,PA,40.3018,-80.1543
Hickory,PA,40.2925,-80.3025
Houston,PA,40.2425,-80.2209
Marianna,PA,40.0331,-80.1145
Meadow Lands,PA,40.2174,-80.2269
Millsboro,PA,39.9867,-79.9937
Muse,PA,40.2928,-80.2003
Richeyville,PA,40.0563,-79.9926
Scenery Hill,PA,40.0859,-80.0703
Southview,PA,40.3282,-80.2563
Strabane,PA,40.2505,-80.1984
Taylorstown,PA,40.1611,-80.3781
Van Voorhis,PA,40.1562,-79.9742
Venetia,PA,40.2755,-80.0598
Vestaburg,PA,40.0144,-79.9889
West Alexander,PA,40.1065,-80.4978
West Finley,PA,39.9914,-80.4408
Westland,PA,40.2775,-80.2731
West Middletown,PA,40.2417,-80.4242
Allenport,PA,40.0959,-79.8499
California,PA,40.0625,-79.8953
Coal Center,PA,40.0973,-79.8839
Daisytown,PA,40.0743,-79.967
Denbo,PA,40.0081,-79.9392
Dunlevy,PA,40.1151,-79.8627
Elco,PA,40.0797,-79.8758
Roscoe,PA,40.0787,-79.8656
Stockdale,PA,40.0826,-79.8501
Beach Lake,PA,41.6034,-75.1165
Damascus,PA,41.7366,-75.1312
Equinunk,PA,41.8117,-75.1891
Gouldsboro,PA,41.2448,-75.5037
Hamlin,PA,41.4047,-75.4069
Hawley,PA,41.4787,-75.1978
Honesdale,PA,41.5792,-75.2528
Lake Ariel,PA,41.4395,-75.4313
Lake Como,PA,41.8666,-75.3231
Lakeville,PA,41.4223,-75.2607
Lakewood,PA,41.8171,-75.3838
Milanville,PA,41.667,-75.1185
Newfoundland,PA,41.3041,-75.3384
Orson,PA,41.8137,-75.448
Pleasant Mount,PA,41.7322,-75.3989
Poyntelle,PA,41.8206,-75.4199
Preston Park,PA,41.8867,-75.356
Prompton,PA,41.582,-75.3207
South Canaan,PA,41.616,-75.2747
South Sterling,PA,41.2643,-75.348
Starlight,PA,41.9251,-75.3212
Starrucca,PA,41.8907,-75.449
Sterling,PA,41.3412,-75.3899
Tyler Hill,PA,41.7011,-75.1422
Waymart,PA,41.5703,-75.4065
White Mills,PA,41.5262,-75.2035
Monessen,PA,40.1524,-79.8835
New Kensington,PA,40.5657,-79.73885
Pricedale,PA,40.1393,-79.8562
Sutersville,PA,40.2382,-79.7922
Trafford,PA,40.3857,-79.7223
Webster,PA,40.1851,-79.8487
West Newton,PA,40.2075,-79.758
Jacobs Creek,PA,40.1331,-79.7417
Smithton,PA,40.1553,-79.7381
Greensburg,PA,40.323033,-79.507033
Acme,PA,40.1201,-79.4051
Adamsburg,PA,40.3126,-79.6565
Alverton,PA,40.1373,-79.5997
Apollo,PA,40.5565,-79.5772
Ardara,PA,40.3578,-79.735
Armbrust,PA,40.2237,-79.5512
Arona,PA,40.268,-79.6591
Avonmore,PA,40.5221,-79.4853
Bovard,PA,40.3198,-79.5034
Bradenville,PA,40.3238,-79.3434
Calumet,PA,40.2109,-79.4853
Champion,PA,40.044,-79.3247
Claridge,PA,40.3692,-79.619
Crabtree,PA,40.3623,-79.4706
Darragh,PA,40.2665,-79.6787
Delmont,PA,40.4139,-79.5764
Derry,PA,40.3349,-79.3326
Donegal,PA,40.0996,-79.381
East Vandergrift,PA,40.598,-79.5624
Export,PA,40.4252,-79.611
Forbes Road,PA,40.354,-79.5217
Grapeville,PA,40.3239,-79.6049
Hannastown,PA,40.352,-79.4979
Harrison City,PA,40.366,-79.6565
Herminie,PA,40.2455,-79.7172
Hostetter,PA,40.2662,-79.3984
Hunker,PA,40.2149,-79.5824
Hutchinson,PA,40.2251,-79.7328
Hyde Park,PA,40.6311,-79.5899
Irwin,PA,40.3191,-79.7205
Jeannette,PA,40.3295,-79.6144
Jones Mills,PA,40.0889,-79.3427
Larimer,PA,40.3453,-79.7264
Latrobe,PA,40.2926,-79.4103
Laughlintown,PA,40.212,-79.1978
Ligonier,PA,40.2431,-79.2375
Lowber,PA,40.2459,-79.7709
Loyalhanna,PA,40.3222,-79.3601
Luxor,PA,40.3342,-79.4781
Madison,PA,40.2467,-79.676
Mammoth,PA,40.3108,-79.6172
Manor,PA,40.334,-79.67
Mount Pleasant,PA,40.1742,-79.5134
Murrysville,PA,40.4467,-79.6842
New Alexandria,PA,40.3987,-79.422
New Derry,PA,40.3494,-79.3225
New Stanton,PA,40.2192,-79.6095
Norvelt,PA,40.216,-79.4872
Penn,PA,40.3301,-79.6413
Pleasant Unity,PA,40.2424,-79.4542
Rector,PA,40.1864,-79.2473
Rillton,PA,40.2872,-79.7262
Ruffs Dale,PA,40.1585,-79.6277
Salina,PA,40.5189,-79.4959
Scottdale,PA,40.1029,-79.593
Slickville,PA,40.4653,-79.5067
Southwest,PA,40.3602,-79.4398
Stahlstown,PA,40.1386,-79.3445
Tarrs,PA,40.1686,-79.5848
United,PA,40.2184,-79.4878
Vandergrift,PA,40.6418,-79.5399
Wendel,PA,40.294,-79.6866
Westmoreland City,PA,40.3294,-79.6806
Whitney,PA,40.2534,-79.4103
Wyano,PA,40.1962,-79.6942
Youngstown,PA,40.2793,-79.3661
Youngwood,PA,40.2395,-79.5823
Yukon,PA,40.2155,-79.6849
Torrance,PA,40.3992,-79.2177
Bolivar,PA,40.3673,-79.1605
New Florence,PA,40.3823,-79.0968
Seward,PA,40.4099,-79.0232
Factoryville,PA,41.5762,-75.7652
Nicholson,PA,41.6412,-75.7641
Falls,PA,41.4667,-75.856
Laceyville,PA,41.6662,-76.1426
Lake Winola,PA,41.5096,-75.8508
Mehoopany,PA,41.5587,-76.1035
Meshoppen,PA,41.6392,-76.0155
Noxen,PA,41.4181,-76.046
Tunkhannock,PA,41.5387,-75.9466
Dillsburg,PA,40.0964,-77.0339
Airville,PA,39.821,-76.4012
Brogue,PA,39.8608,-76.4673
Codorus,PA,39.8718,-76.7599
Craley,PA,39.9467,-76.5066
Dallastown,PA,39.9124,-76.6535
Delta,PA,39.7518,-76.3441
Dover,PA,40.0062,-76.8555
East Prospect,PA,39.9701,-76.5217
Emigsville,PA,40.0215,-76.7266
Etters,PA,40.1545,-76.8019
Fawn Grove,PA,39.751,-76.4392
Felton,PA,39.836,-76.5937
Franklintown,PA,40.075,-77.0279
Glen Rock,PA,39.7813,-76.7477
Glenville,PA,39.757,-76.8153
Hanover,PA,39.80302,-76.9809
Lewisberry,PA,40.1463,-76.87
Loganville,PA,39.8536,-76.708
Manchester,PA,40.0695,-76.7332
Mount Wolf,PA,40.0711,-76.6966
New Freedom,PA,39.7423,-76.6841
New Park,PA,39.76,-76.5042
Porters Sideling,PA,39.8246,-76.8993
Railroad,PA,39.7573,-76.6994
Red Lion,PA,39.9026,-76.6081
Rossville,PA,39.973,-76.6878
Seven Valleys,PA,39.8556,-76.7383
Shrewsbury,PA,39.7601,-76.6748
Spring Grove,PA,39.8572,-76.8774
Stewartstown,PA,39.772,-76.597
Thomasville,PA,39.9346,-76.8822
Wellsville,PA,40.0557,-76.9443
Windsor,PA,39.9233,-76.5591
Wrightsville,PA,39.9966,-76.527
York Haven,PA,40.1222,-76.7737
York New Salem,PA,39.9006,-76.7896
York,PA,39.964987,-76.697
Barrington,RI,41.7443,-71.3175
Bristol,RI,41.6825,-71.2676
Prudence Island,RI,41.7071,-71.2868
Warren,RI,41.7256,-71.2702
Coventry,RI,41.6914,-71.5768
West Greenwich,RI,41.64,-71.6435
East Greenwich,RI,41.6498,-71.474
Greene,RI,41.7062,-71.7356
Warwick,RI,41.71655,-71.415575
West Warwick,RI,41.7004,-71.5183
Adamsville,RI,41.5301,-71.2841
Jamestown,RI,41.5164,-71.3761
Little Compton,RI,41.522,-71.1612
Newport,RI,41.4933,-71.31305
Middletown,RI,41.5198,-71.2731
Portsmouth,RI,41.5944,-71.252
Tiverton,RI,41.6338,-71.1808
Albion,RI,41.9512,-71.4545
Chepachet,RI,41.9155,-71.6795
Clayville,RI,41.7778,-71.6706
Fiskeville,RI,41.7312,-71.5468
Forestdale,RI,42.0002,-71.5631
Foster,RI,41.7815,-71.7187
Glendale,RI,41.9762,-71.6326
Greenville,RI,41.8734,-71.5569
Harmony,RI,41.8793,-71.5894
Harrisville,RI,41.9764,-71.6534
Hope,RI,41.7516,-71.5612
Manville,RI,41.9689,-71.4741
Mapleville,RI,41.9417,-71.6376
North Scituate,RI,41.8439,-71.6242
Oakland,RI,41.9573,-71.6478
Pascoag,RI,41.9627,-71.7099
Pawtucket,RI,41.871833,-71.371933
Central Falls,RI,41.8883,-71.3945
Cumberland,RI,41.9484,-71.4154
Lincoln,RI,41.9089,-71.4348
Slatersville,RI,41.9984,-71.5763
Woonsocket,RI,41.9846,-71.5194
North Smithfield,RI,41.9724,-71.5508
Providence,RI,41.823358,-71.421625
Cranston,RI,41.769867,-71.4701
North Providence,RI,41.8547,-71.4735
East Providence,RI,41.8138,-71.3688
Riverside,RI,41.7723,-71.3542
Rumford,RI,41.8425,-71.3559
Smithfield,RI,41.8964,-71.5207
Johnston,RI,41.8274,-71.52
Ashaway,RI,41.4231,-71.7837
Block Island,RI,41.1715,-71.5748
Bradford,RI,41.4114,-71.7465
Carolina,RI,41.4691,-71.6751
Charlestown,RI,41.4007,-71.6615
Exeter,RI,41.574,-71.6076
Hope Valley,RI,41.5096,-71.7339
Hopkinton,RI,41.4751,-71.7726
Kenyon,RI,41.4474,-71.6204
North Kingstown,RI,41.5894,-71.4625
Rockville,RI,41.5199,-71.774
Saunderstown,RI,41.5105,-71.4427
Shannock,RI,41.456,-71.6355
Slocum,RI,41.5289,-71.5299
Wakefield,RI,41.4095,-71.58905
Kingston,RI,41.4803,-71.5292
Narragansett,RI,41.4353,-71.4616
Peace Dale,RI,41.4512,-71.4987
Westerly,RI,41.3691,-71.8126
West Kingston,RI,41.5058,-71.6211
Wood River Junction,RI,41.45,-71.7074
Wyoming,RI,41.5041,-71.663
Abbeville,SC,34.1819,-82.3785
Calhoun Falls,SC,34.0999,-82.5805
Donalds,SC,34.3304,-82.3367
Due West,SC,34.3344,-82.4002
Lowndesville,SC,34.2126,-82.6496
Salley,SC,33.5972,-81.3184
Wagener,SC,33.6494,-81.3995
Aiken,SC,33.565667,-81.6634
New Ellenton,SC,33.413,-81.69
Bath,SC,33.5046,-81.869
Clearwater,SC,33.4997,-81.8649
Gloverville,SC,33.5182,-81.8277
Graniteville,SC,33.563,-81.8147
Jackson,SC,33.3389,-81.7976
Langley,SC,33.5179,-81.844
Montmorenci,SC,33.5073,-81.5992
North Augusta,SC,33.543233,-81.959767
Beech Island,SC,33.4707,-81.8639
Vaucluse,SC,33.6126,-81.8098
Warrenville,SC,33.526,-81.7956
Windsor,SC,33.4674,-81.5136
Allendale,SC,33.0077,-81.3203
Fairfax,SC,32.9515,-81.2586
Martin,SC,33.1093,-81.5003
Sycamore,SC,33.0241,-81.2258
Ulmer,SC,33.0988,-81.2068
Anderson,SC,34.481933,-82.70185
Belton,SC,34.5087,-82.5101
Honea Path,SC,34.4417,-82.4255
Iva,SC,34.3198,-82.6574
La France,SC,34.6252,-82.7654
Pelzer,SC,34.6461,-82.4673
Pendleton,SC,34.6369,-82.7406
Sandy Springs,SC,34.5975,-82.7568
Starr,SC,34.3962,-82.6897
Townville,SC,34.5226,-82.8963
Williamston,SC,34.6206,-82.511
Bamberg,SC,33.2779,-81.0177
Denmark,SC,33.3209,-81.1407
Ehrhardt,SC,33.1044,-81.0221
Olar,SC,33.1836,-81.164
Barnwell,SC,33.2335,-81.3523
Hilda,SC,33.2735,-81.247
Blackville,SC,33.3645,-81.2718
Elko,SC,33.3804,-81.3796
Williston,SC,33.3926,-81.4161
Beaufort,SC,32.417417,-80.6769
Parris Island,SC,32.3281,-80.6915
Bluffton,SC,32.2513,-80.8721
Dale,SC,32.5527,-80.677
Daufuskie Island,SC,32.1145,-80.8686
Saint Helena Island,SC,32.3716,-80.5383
Hilton Head Island,SC,32.2445,-80.7413
Lobeco,SC,32.5527,-80.7434
Port Royal,SC,32.3874,-80.6844
Seabrook,SC,32.5693,-80.7192
Sheldon,SC,32.5431,-80.8126
Hanahan,SC,32.9185,-80.022
Bonneau,SC,33.2703,-79.8736
Cordesville,SC,33.1362,-79.8826
Cross,SC,33.3364,-80.1859
Goose Creek,SC,33.058,-80.0101
Huger,SC,33.0439,-79.7841
Jamestown,SC,33.2221,-79.6282
Ladson,SC,32.993,-80.1257
Moncks Corner,SC,33.1971,-80.0233
Pineville,SC,33.4199,-80.0932
Pinopolis,SC,33.2241,-80.0398
Russellville,SC,33.3971,-79.9717
Saint Stephen,SC,33.3362,-79.9236
Summerville,SC,33.0061,-80.189825
Charleston,SC,32.825244,-79.928263
Cameron,SC,33.5703,-80.7081
Saint Matthews,SC,33.6967,-80.8678
Charleston Afb,SC,32.8982,-80.0686
North Charleston,SC,32.87774,-80.01786
Adams Run,SC,32.779,-80.3288
Awendaw,SC,33.0063,-79.6561
Folly Beach,SC,32.663,-79.927
Hollywood,SC,32.7105,-80.2744
Isle Of Palms,SC,32.7943,-79.7729
Johns Island,SC,32.7924,-80.1081
Mc Clellanville,SC,33.1194,-79.5074
Mount Pleasant,SC,32.836267,-79.829367
Ravenel,SC,32.7881,-80.2223
Sullivans Island,SC,32.7637,-79.8399
Wadmalaw Island,SC,32.6529,-80.1829
Gaffney,SC,35.052567,-81.669033
Blacksburg,SC,35.1095,-81.4942
Blackstock,SC,34.5779,-81.1249
Great Falls,SC,34.5705,-80.9133
Chester,SC,34.7149,-81.2186
Edgemoor,SC,34.797,-80.9891
Fort Lawn,SC,34.7006,-80.9092
Lando,SC,34.7763,-81.0101
Richburg,SC,34.6822,-80.9891
Mc Bee,SC,34.4606,-80.2544
Cheraw,SC,34.6863,-79.9174
Patrick,SC,34.5598,-80.065
Chesterfield,SC,34.7278,-80.0958
Jefferson,SC,34.6546,-80.3639
Mount Croghan,SC,34.7439,-80.2428
Pageland,SC,34.7722,-80.3966
Ruby,SC,34.7379,-80.191
Alcolu,SC,33.7684,-80.1788
Davis Station,SC,33.6027,-80.2645
Gable,SC,33.8644,-80.1276
Manning,SC,33.6184,-80.2116
New Zion,SC,33.7957,-80.0148
Sardinia,SC,33.8343,-80.0829
Summerton,SC,33.5946,-80.3606
Turbeville,SC,33.8907,-80.0184
Lodge,SC,33.0377,-80.9417
Canadys,SC,33.0614,-80.6312
Cottageville,SC,32.9612,-80.4794
Edisto Island,SC,32.5486,-80.307
Green Pond,SC,32.6628,-80.528
Jacksonboro,SC,32.7305,-80.4609
Round O,SC,32.9405,-80.5739
Ruffin,SC,33.0103,-80.8137
Smoaks,SC,33.0963,-80.813
Walterboro,SC,32.9052,-80.6668
Williams,SC,33.0327,-80.8445
Islandton,SC,32.9503,-80.8916
Lamar,SC,34.1862,-80.0963
Lydia,SC,34.289,-80.1123
Darlington,SC,34.3423,-79.8577
Hartsville,SC,34.37075,-80.1083
Society Hill,SC,34.4512,-79.8865
Dillon,SC,34.4146,-79.377
Fork,SC,34.2873,-79.2501
Hamer,SC,34.4849,-79.3502
Lake View,SC,34.3445,-79.1929
Latta,SC,34.3398,-79.4417
Little Rock,SC,34.5613,-79.4335
Dorchester,SC,33.1247,-80.4034
Grover,SC,33.1052,-80.5948
Harleyville,SC,33.2205,-80.4501
Reevesville,SC,33.1872,-80.6672
Ridgeville,SC,33.108,-80.3086
Saint George,SC,33.1845,-80.5732
Edgefield,SC,33.8056,-81.966
Johnston,SC,33.8231,-81.7972
Trenton,SC,33.6938,-81.8534
Blair,SC,34.4967,-81.3459
Jenkinsville,SC,34.2717,-81.2712
Ridgeway,SC,34.3167,-80.9288
Rion,SC,34.3074,-81.1252
Winnsboro,SC,34.381,-81.109
Olanta,SC,33.9285,-79.9153
Timmonsville,SC,34.1012,-79.9378
Florence,SC,34.137967,-79.70625
Coward,SC,33.9905,-79.7515
Effingham,SC,34.0946,-79.7918
Johnsonville,SC,33.8299,-79.4783
Lake City,SC,33.8655,-79.7418
Pamplico,SC,33.9922,-79.5929
Scranton,SC,33.9281,-79.7731
Georgetown,SC,33.41725,-79.27495
Andrews,SC,33.4525,-79.5604
Murrells Inlet,SC,33.5507,-79.0528
Pawleys Island,SC,33.4508,-79.1341
Greenville,SC,34.855065,-82.4125
Cleveland,SC,35.0654,-82.6093
Conestee,SC,34.7682,-82.3498
Fountain Inn,SC,34.6578,-82.2441
Greer,SC,34.926933,-82.238467
Marietta,SC,35.0296,-82.5136
Mauldin,SC,34.7807,-82.3035
Piedmont,SC,34.7244,-82.4702
Simpsonville,SC,34.7237,-82.27215
Slater,SC,35.0289,-82.4941
Taylors,SC,34.9245,-82.3197
Tigerville,SC,35.0477,-82.353
Travelers Rest,SC,35.0039,-82.4272
Greenwood,SC,34.1975,-82.1614
Hodges,SC,34.2879,-82.22925
Ninety Six,SC,34.1652,-82.0292
Ware Shoals,SC,34.4025,-82.2678
Bradley,SC,34.0326,-82.2027
Troy,SC,33.9876,-82.2979
Brunson,SC,32.9413,-81.1807
Crocketville,SC,32.9166,-81.0773
Early Branch,SC,32.723,-80.9634
Estill,SC,32.7375,-81.2178
Furman,SC,32.6816,-81.1882
Garnett,SC,32.6007,-81.2396
Gifford,SC,32.8596,-81.239
Hampton,SC,32.8729,-81.0973
Luray,SC,32.8138,-81.2398
Miley,SC,32.9479,-81.0318
Scotia,SC,32.6786,-81.2455
Varnville,SC,32.8349,-81.0288
Yemassee,SC,32.643,-80.8129
Aynor,SC,33.9823,-79.1777
Conway,SC,33.863867,-79.040733
Galivants Ferry,SC,34.0563,-79.2464
Green Sea,SC,34.1668,-78.9589
Little River,SC,33.8768,-78.6508
Longs,SC,33.9064,-78.7934
Loris,SC,34.0558,-78.9161
Myrtle Beach,SC,33.701,-78.944486
Nichols,SC,34.2426,-79.1625
North Myrtle Beach,SC,33.8221,-78.673533
Okatie,SC,32.3301,-80.8435
Coosawhatchie,SC,32.5888,-80.9273
Hardeeville,SC,32.2635,-81.0669
Pineland,SC,32.5931,-81.1078
Ridgeland,SC,32.4807,-80.9804
Tillman,SC,32.468,-81.1667
Bethune,SC,34.4201,-80.3662
Camden,SC,34.2835,-80.59995
Cassatt,SC,34.3424,-80.5
Elgin,SC,34.162,-80.8113
Liberty Hill,SC,34.457,-80.7892
Lugoff,SC,34.2296,-80.7147
Westville,SC,34.4418,-80.6033
Heath Springs,SC,34.6024,-80.7103
Kershaw,SC,34.5578,-80.5546
Fort Mill,SC,35.011425,-80.930225
Lancaster,SC,34.738567,-80.734067
Van Wyck,SC,34.8585,-80.8459
Clinton,SC,34.4707,-81.8772
Cross Hill,SC,34.2693,-81.9843
Joanna,SC,34.4068,-81.8191
Laurens,SC,34.499,-82.0143
Mountville,SC,34.3408,-81.9584
Waterloo,SC,34.3367,-82.088
Gray Court,SC,34.5953,-82.1147
Bishopville,SC,34.2241,-80.275
Elliott,SC,34.1071,-80.1637
Lynchburg,SC,34.0526,-80.0988
Batesburg,SC,33.8702,-81.5505
Cayce,SC,33.9626,-81.0671
Chapin,SC,34.1312,-81.3318
Gaston,SC,33.8337,-81.1174
Gilbert,SC,33.9581,-81.3914
Leesville,SC,33.9132,-81.4598
Lexington,SC,33.939033,-81.235733
Pelion,SC,33.7766,-81.2502
Swansea,SC,33.7339,-81.0933
West Columbia,SC,33.94425,-81.14215
Columbia,SC,34.016062,-81.007685
Clarks Hill,SC,33.6505,-82.1488
Mc Cormick,SC,33.8751,-82.29595
Modoc,SC,33.7052,-82.2187
Mount Carmel,SC,34.0065,-82.5324
Parksville,SC,33.7854,-82.2111
Plum Branch,SC,33.8329,-82.248
Centenary,SC,34.027,-79.3537
Gresham,SC,33.9069,-79.3564
Marion,SC,34.1562,-79.3898
Mullins,SC,34.2044,-79.2542
Rains,SC,34.1053,-79.3221
Sellers,SC,34.258,-79.4783
Bennettsville,SC,34.6255,-79.6898
Blenheim,SC,34.5171,-79.6442
Clio,SC,34.5805,-79.5453
Mc Coll,SC,34.6704,-79.5597
Tatum,SC,34.6405,-79.5869
Wallace,SC,34.7307,-79.8011
Chappells,SC,34.1856,-81.8644
Little Mountain,SC,34.1676,-81.4184
Newberry,SC,34.2847,-81.6157
Peak,SC,34.2386,-81.3271
Pomaria,SC,34.3063,-81.45
Prosperity,SC,34.1832,-81.5324
Silverstreet,SC,34.2207,-81.7741
Whitmire,SC,34.4955,-81.606
Kinards,SC,34.3804,-81.7773
Fair Play,SC,34.5112,-82.9854
Long Creek,SC,34.7634,-83.2776
Mountain Rest,SC,34.8541,-83.1134
Newry,SC,34.7247,-82.9106
Seneca,SC,34.714167,-82.945033
Richland,SC,34.7641,-83.0883
Salem,SC,34.8728,-82.9607
Tamassee,SC,34.897,-83.0375
Walhalla,SC,34.7648,-83.064
Westminster,SC,34.6965,-83.1535
West Union,SC,34.7516,-83.0399
Bowman,SC,33.3475,-80.6709
Cope,SC,33.3726,-80.9631
Cordova,SC,33.4275,-80.8857
Elloree,SC,33.531,-80.572
Eutawville,SC,33.3922,-80.32
Holly Hill,SC,33.3276,-80.4024
Neeses,SC,33.5318,-81.1232
North,SC,33.6211,-81.0601
Norway,SC,33.4534,-81.1097
Orangeburg,SC,33.514425,-80.866075
Rowesville,SC,33.3703,-80.8331
Santee,SC,33.4835,-80.4805
Springfield,SC,33.5343,-81.2499
Vance,SC,33.4139,-80.4617
Branchville,SC,33.2628,-80.8059
Central,SC,34.7401,-82.7947
Clemson,SC,34.683325,-82.8343
Easley,SC,34.810867,-82.6088
Liberty,SC,34.7872,-82.6974
Norris,SC,34.7648,-82.7567
Pickens,SC,34.9024,-82.7058
Six Mile,SC,34.8283,-82.8278
Sunset,SC,34.9706,-82.8076
Ballentine,SC,34.1265,-81.2348
Blythewood,SC,34.1911,-80.9758
Eastover,SC,33.9153,-80.6996
Gadsden,SC,33.8455,-80.7532
Hopkins,SC,33.9349,-80.8449
Irmo,SC,34.1103,-81.1966
State Park,SC,34.0907,-80.9662
White Rock,SC,34.1504,-81.2601
Monetta,SC,33.8084,-81.5956
Ridge Spring,SC,33.8714,-81.6559
Saluda,SC,34.0175,-81.7754
Ward,SC,33.8849,-81.7283
Spartanburg,SC,34.93785,-81.899775
Boiling Springs,SC,35.0465,-81.9818
Arcadia,SC,34.9572,-81.9916
Campobello,SC,35.108,-82.1403
Chesnee,SC,35.1154,-81.8678
Clifton,SC,34.9796,-81.8179
Converse,SC,34.9921,-81.8348
Cowpens,SC,35.039,-81.822
Cross Anchor,SC,34.6383,-81.8567
Drayton,SC,34.9685,-81.9064
Duncan,SC,34.9176,-82.1258
Enoree,SC,34.671,-81.9237
Fairforest,SC,34.9565,-82.0101
Fingerville,SC,35.134,-82.0065
Glendale,SC,34.9448,-81.8376
Gramling,SC,35.0768,-82.1326
Inman,SC,35.0528,-82.054
Landrum,SC,35.1565,-82.2115
Lyman,SC,34.9684,-82.1435
Mayo,SC,35.084,-81.8598
Moore,SC,34.8646,-82.0215
Pacolet,SC,34.9017,-81.7587
Pacolet Mills,SC,34.9226,-81.7426
Pauline,SC,34.7855,-81.8492
Reidville,SC,34.8636,-82.1101
Roebuck,SC,34.8688,-81.9526
Startex,SC,34.9285,-82.099
Una,SC,34.969,-81.9704
Wellford,SC,34.9514,-82.0927
White Stone,SC,34.8882,-81.969
Woodruff,SC,34.7579,-82.0447
Dalzell,SC,34.0144,-80.4665
Horatio,SC,34.0213,-80.5659
Mayesville,SC,33.9502,-80.2173
Pinewood,SC,33.7642,-80.4978
Rembert,SC,34.1085,-80.4945
Sumter,SC,33.910075,-80.362975
Shaw Afb,SC,33.9204,-80.3415
Wedgefield,SC,33.8953,-80.498
Carlisle,SC,34.567,-81.4814
Buffalo,SC,34.7247,-81.6826
Jonesville,SC,34.82955,-81.6829
Lockhart,SC,34.7865,-81.462
Union,SC,34.7269,-81.6202
Greeleyville,SC,33.5966,-79.9802
Cades,SC,33.7886,-79.848
Hemingway,SC,33.7419,-79.4489
Kingstree,SC,33.6878,-79.7832
Lane,SC,33.5083,-79.8715
Nesmith,SC,33.6625,-79.5589
Salters,SC,33.5611,-79.83
Bowling Green,SC,35.1499,-81.2123
Catawba,SC,34.8507,-80.9342
Clover,SC,35.1065,-81.2201
Hickory Grove,SC,34.9708,-81.4306
Mc Connells,SC,34.8677,-81.2368
Rock Hill,SC,34.9722,-81.11958
Sharon,SC,34.9084,-81.3729
Smyrna,SC,35.0308,-81.3896
York,SC,34.9947,-81.2245
Plankinton,SD,43.7373,-98.4694
Stickney,SD,43.5842,-98.5088
White Lake,SD,43.7564,-98.7076
Cavour,SD,44.365,-98.0208
Hitchcock,SD,44.5834,-98.4509
Huron,SD,44.36115,-98.2153
Virgil,SD,44.2908,-98.4243
Wessington,SD,44.4128,-98.692
Wolsey,SD,44.3991,-98.4743
Yale,SD,44.5225,-98.0401
Martin,SD,43.1722,-101.7341
Tuthill,SD,43.1196,-101.4701
Allen,SD,43.2908,-101.9329
Batesland,SD,43.1085,-102.2006
Scotland,SD,43.1212,-97.7296
Springfield,SD,42.8687,-97.9288
Tabor,SD,42.9383,-97.6923
Tyndall,SD,42.99,-97.8633
Avon,SD,43.0397,-98.0283
Aurora,SD,44.2838,-96.7043
Brookings,SD,44.33765,-96.79105
Elkton,SD,44.235,-96.5011
Sinai,SD,44.2444,-97.0409
Volga,SD,44.3224,-96.9251
Bruce,SD,44.4675,-96.911
White,SD,44.4132,-96.615
Aberdeen,SD,45.52785,-98.4188
Barnard,SD,45.7325,-98.4965
Bath,SD,45.4564,-98.3552
Claremont,SD,45.6661,-98.0404
Columbia,SD,45.6512,-98.3158
Ferney,SD,45.329,-98.0837
Frederick,SD,45.8493,-98.5176
Groton,SD,45.4503,-98.1058
Hecla,SD,45.8725,-98.1918
Houghton,SD,45.7967,-98.0952
Stratford,SD,45.2866,-98.2792
Warner,SD,45.3486,-98.4757
Westport,SD,45.6705,-98.5802
Chamberlain,SD,43.80305,-99.32125
Kimball,SD,43.7467,-98.9584
Pukwana,SD,43.7783,-99.1779
Fort Thompson,SD,44.0517,-99.3973
Gann Valley,SD,44.0693,-99.0543
Belle Fourche,SD,44.6723,-103.8396
Newell,SD,44.741,-103.3914
Nisland,SD,44.6665,-103.5402
Vale,SD,44.6222,-103.3795
Herreid,SD,45.8452,-100.049
Mound City,SD,45.6786,-100.0479
Pollock,SD,45.889,-100.2875
Dante,SD,42.9967,-98.1746
Geddes,SD,43.2597,-98.6926
Lake Andes,SD,43.1303,-98.4964
Marty,SD,42.9925,-98.4251
Pickstown,SD,43.0673,-98.523
Platte,SD,43.4251,-98.9479
Wagner,SD,43.0819,-98.2819
Bradley,SD,45.0751,-97.6387
Clark,SD,44.878,-97.7265
Garden City,SD,44.9841,-97.5814
Raymond,SD,44.8637,-97.9168
Vienna,SD,44.7362,-97.5307
Willow Lake,SD,44.6272,-97.6747
Carpenter,SD,44.6648,-97.9168
Burbank,SD,42.7638,-96.8466
Irene,SD,43.1027,-97.2558
Vermillion,SD,42.7951,-96.9258
Wakonda,SD,42.996,-97.0694
Watertown,SD,44.9043,-97.124
Florence,SD,45.0554,-97.2866
Henry,SD,44.8858,-97.4442
Kranzburg,SD,44.8923,-96.9174
South Shore,SD,45.1049,-96.9859
Wallace,SD,45.0815,-97.4458
Bullhead,SD,45.7656,-101.0807
Keldron,SD,45.7528,-101.8843
Little Eagle,SD,45.6758,-100.8043
Mc Intosh,SD,45.7084,-101.1546
Mc Laughlin,SD,45.8763,-100.8915
Morristown,SD,45.9386,-101.7232
Trail City,SD,45.4725,-100.7254
Wakpala,SD,45.7006,-100.5332
Walker,SD,45.9103,-101.0904
Watauga,SD,45.9276,-101.5129
Buffalo Gap,SD,43.4958,-103.3157
Custer,SD,43.6573,-103.4258
Fairburn,SD,43.6623,-103.2133
Hermosa,SD,43.8188,-103.206
Pringle,SD,43.6086,-103.5938
Mitchell,SD,43.7094,-98.0298
Ethan,SD,43.5478,-97.9881
Mount Vernon,SD,43.7204,-98.2633
Bristol,SD,45.288,-97.8086
Grenville,SD,45.5097,-97.3092
Roslyn,SD,45.5006,-97.5401
Waubay,SD,45.3784,-97.295
Webster,SD,45.3151,-97.5254
Andover,SD,45.4222,-97.9175
Pierpont,SD,45.496,-97.8128
Astoria,SD,44.5735,-96.5416
Brandt,SD,44.6738,-96.6435
Clear Lake,SD,44.7612,-96.6907
Gary,SD,44.827,-96.5044
Goodwin,SD,44.8754,-96.8608
Toronto,SD,44.5786,-96.7077
Eagle Butte,SD,45.0016,-101.2329
Glencross,SD,45.4483,-100.9213
Isabel,SD,45.3962,-101.4385
Lantry,SD,45.0144,-101.4315
Ridgeview,SD,45.2024,-100.605
Timber Lake,SD,45.3927,-101.0351
Whitehorse,SD,45.2705,-100.8865
Armour,SD,43.316,-98.3414
Corsica,SD,43.4213,-98.3564
Delmont,SD,43.2573,-98.1596
Harrison,SD,43.4297,-98.5273
New Holland,SD,43.4291,-98.6069
Bowdle,SD,45.453,-99.654
Hosmer,SD,45.569,-99.4857
Ipswich,SD,45.4489,-99.0148
Roscoe,SD,45.4271,-99.3326
Edgemont,SD,43.2874,-103.811
Hot Springs,SD,43.4223,-103.4766
Oelrichs,SD,43.1551,-103.2162
Oral,SD,43.3876,-103.1832
Smithwick,SD,43.3014,-103.2183
Cresbard,SD,45.1691,-98.9411
Faulkton,SD,45.0855,-99.1954
Onaka,SD,45.1965,-99.4551
Orient,SD,44.8343,-99.1058
Rockham,SD,44.8767,-98.8669
Seneca,SD,45.0262,-99.461
Big Stone City,SD,45.285,-96.5614
Labolt,SD,45.0415,-96.6892
Marvin,SD,45.2727,-96.91
Milbank,SD,45.2061,-96.6255
Revillo,SD,45.0805,-96.5557
Stockholm,SD,45.1031,-96.8106
Strandburg,SD,45.0389,-96.7901
Twin Brooks,SD,45.2309,-96.8237
Bonesteel,SD,43.0695,-98.988
Fairfax,SD,43.0351,-98.8308
Burke,SD,43.1825,-99.2937
Dallas,SD,43.2351,-99.514
Gregory,SD,43.2136,-99.3622
Herrick,SD,43.1012,-99.2173
Saint Charles,SD,43.0852,-99.0925
Midland,SD,44.0717,-101.1554
Milesville,SD,44.4283,-101.7523
Philip,SD,44.055,-101.6876
Bryant,SD,44.5987,-97.4537
Castlewood,SD,44.7313,-97.0204
Estelline,SD,44.6029,-96.8928
Hayti,SD,44.6647,-97.2305
Hazel,SD,44.7572,-97.3083
Lake Norden,SD,44.5844,-97.2009
Miller,SD,44.4966,-98.9894
Ree Heights,SD,44.5603,-99.2286
Saint Lawrence,SD,44.5215,-98.8754
Alexandria,SD,43.6684,-97.7563
Emery,SD,43.5656,-97.6475
Fulton,SD,43.7588,-97.8712
Ralph,SD,45.8554,-103.0356
Reva,SD,45.5277,-103.0692
Buffalo,SD,45.574,-103.5826
Camp Crook,SD,45.6402,-104.0278
Ludlow,SD,45.8366,-103.3491
Redig,SD,45.2711,-103.5482
Pierre,SD,44.3695,-100.3211
Blunt,SD,44.5026,-99.9463
Harrold,SD,44.5215,-99.7382
Freeman,SD,43.3605,-97.4601
Menno,SD,43.234,-97.565
Olivet,SD,43.2928,-97.7184
Dimock,SD,43.4705,-97.9988
Kaylor,SD,43.3341,-97.7569
Parkston,SD,43.3978,-97.9678
Tripp,SD,43.2404,-97.9713
Highmore,SD,44.5326,-99.4543
Stephan,SD,44.248,-99.4532
Holabird,SD,44.5173,-99.5943
Belvidere,SD,43.886,-101.2387
Kadoka,SD,43.8446,-101.5523
Long Valley,SD,43.4754,-101.4294
Wanblee,SD,43.5589,-101.7219
Interior,SD,43.7319,-101.9642
Alpena,SD,44.1709,-98.3962
Lane,SD,44.0696,-98.4252
Wessington Springs,SD,44.0664,-98.6751
Draper,SD,43.926,-100.5085
Murdo,SD,43.8961,-100.7121
Okaton,SD,43.8861,-100.8918
Oldham,SD,44.2457,-97.2696
Arlington,SD,44.3668,-97.0687
Badger,SD,44.4918,-97.2184
De Smet,SD,44.3852,-97.5634
Erwin,SD,44.4915,-97.4103
Lake Preston,SD,44.3692,-97.3828
Iroquois,SD,44.3455,-97.8542
Chester,SD,43.8981,-96.9759
Madison,SD,44.0054,-97.1149
Nunda,SD,44.1525,-96.9942
Ramona,SD,44.1229,-97.2349
Rutland,SD,44.0683,-96.9519
Wentworth,SD,43.9852,-96.9615
Winfred,SD,43.9972,-97.3623
Deadwood,SD,44.3767,-103.7296
Lead,SD,44.263,-103.8712
Nemo,SD,44.2097,-103.5449
Saint Onge,SD,44.5473,-103.7232
Spearfish,SD,44.4952,-103.86765
Whitewood,SD,44.4589,-103.637
Canton,SD,43.3038,-96.5938
Fairview,SD,43.197,-96.5135
Harrisburg,SD,43.446,-96.6864
Hudson,SD,43.1284,-96.5306
Lennox,SD,43.3451,-96.8821
Tea,SD,43.4711,-96.8177
Worthing,SD,43.3291,-96.7628
Oacoma,SD,43.7975,-99.3947
Kennebec,SD,43.8921,-99.8502
Lower Brule,SD,44.0937,-99.6139
Presho,SD,43.8995,-100.0746
Reliance,SD,43.8789,-99.6032
Vivian,SD,43.9535,-100.286
Canistota,SD,43.5856,-97.2889
Montrose,SD,43.7063,-97.1885
Salem,SD,43.7356,-97.3797
Bridgewater,SD,43.5503,-97.4691
Spencer,SD,43.7557,-97.5936
Eureka,SD,45.7707,-99.3308
Leola,SD,45.7228,-98.9409
Long Lake,SD,45.8566,-99.2051
Eden,SD,45.6211,-97.3741
Lake City,SD,45.6899,-97.3481
Veblen,SD,45.8535,-97.3122
Amherst,SD,45.7585,-97.9274
Britton,SD,45.8023,-97.7418
Langford,SD,45.6174,-97.7925
Faith,SD,44.9926,-102.0541
Ellsworth Afb,SD,44.1447,-103.0759
Black Hawk,SD,44.1512,-103.3486
Enning,SD,44.5755,-102.5632
Fort Meade,SD,44.4093,-103.4554
Howes,SD,44.5838,-102.0229
Mud Butte,SD,45.031,-102.8031
Piedmont,SD,44.2287,-103.3688
Sturgis,SD,44.3692,-103.3617
Union Center,SD,44.6539,-102.7252
White Owl,SD,44.6182,-102.4452
Norris,SD,43.4662,-101.1517
White River,SD,43.5666,-100.7449
Wood,SD,43.5366,-100.4379
Canova,SD,43.8855,-97.5342
Carthage,SD,44.1496,-97.7116
Fedora,SD,43.9841,-97.789
Howard,SD,44.0371,-97.5603
Baltic,SD,43.7309,-96.7563
Brandon,SD,43.5926,-96.586
Colton,SD,43.7951,-96.9572
Crooks,SD,43.6669,-96.8221
Dell Rapids,SD,43.8228,-96.7223
Garretson,SD,43.7162,-96.5196
Hartford,SD,43.6155,-96.9501
Humboldt,SD,43.612,-97.0697
Lyons,SD,43.7285,-96.8709
Renner,SD,43.6366,-96.7119
Valley Springs,SD,43.5773,-96.4956
Sioux Falls,SD,43.589987,-96.750673
Colman,SD,43.9558,-96.8189
Egan,SD,43.9866,-96.6493
Flandreau,SD,44.0658,-96.6222
Trent,SD,43.8942,-96.6326
Kyle,SD,43.425,-102.1765
Manderson,SD,43.2353,-102.4707
Oglala,SD,43.1886,-102.7396
Pine Ridge,SD,43.1124,-102.5984
Porcupine,SD,43.2397,-102.331
Wounded Knee,SD,43.1405,-102.3657
Rapid City,SD,44.0673,-103.264375
Box Elder,SD,44.1199,-103.0682
Caputa,SD,43.9481,-102.7935
Hill City,SD,43.9377,-103.5782
Keystone,SD,43.8848,-103.3995
New Underwood,SD,44.0874,-102.8136
Owanka,SD,44.0631,-102.5628
Quinn,SD,44.1035,-102.0159
Scenic,SD,43.7994,-102.5353
Wall,SD,43.9812,-102.2245
Wasta,SD,44.225,-102.4311
Bison,SD,45.5161,-102.4827
Lemmon,SD,45.9159,-102.1928
Lodgepole,SD,45.8232,-102.7599
Meadow,SD,45.3538,-102.2844
Prairie City,SD,45.5813,-102.8085
Gettysburg,SD,45.0259,-99.9766
Hoven,SD,45.2278,-99.7763
Lebanon,SD,45.0123,-99.7366
Tolstoy,SD,45.1702,-99.6176
Claire City,SD,45.8755,-97.1073
Corona,SD,45.3595,-96.6649
New Effington,SD,45.8659,-96.915
Ortley,SD,45.2657,-97.1925
Peever,SD,45.5206,-97.0012
Rosholt,SD,45.8753,-96.7174
Sisseton,SD,45.6732,-97.0715
Summit,SD,45.3521,-97.0427
Wilmot,SD,45.4125,-96.856
Artesian,SD,44.021,-98.0114
Letcher,SD,43.8923,-98.1743
Woonsocket,SD,44.0572,-98.243
Ashton,SD,45.0465,-98.3973
Brentford,SD,45.1635,-98.3193
Conde,SD,45.1393,-98.1534
Doland,SD,44.8159,-98.0947
Frankfort,SD,44.8084,-98.2935
Mansfield,SD,45.243,-98.5629
Mellette,SD,45.1631,-98.4824
Northville,SD,45.1611,-98.6589
Redfield,SD,44.8719,-98.5112
Tulare,SD,44.7305,-98.5539
Turton,SD,45.0379,-98.0996
Fort Pierre,SD,44.3426,-100.4043
Hayes,SD,44.3703,-101.0215
Agar,SD,44.8393,-100.0712
Onida,SD,44.7125,-100.0957
Mission,SD,43.285,-100.5954
Okreek,SD,43.3633,-100.3809
Parmelee,SD,43.3117,-101.0081
Rosebud,SD,43.2328,-100.8535
Saint Francis,SD,43.1444,-100.9051
Colome,SD,43.2273,-99.6933
Hamill,SD,43.6439,-99.6918
Ideal,SD,43.5596,-99.9279
Winner,SD,43.3318,-99.8033
Witten,SD,43.4498,-100.0783
Centerville,SD,43.1176,-96.9636
Chancellor,SD,43.408,-96.9827
Davis,SD,43.2864,-96.9792
Hurley,SD,43.2893,-97.1904
Marion,SD,43.4188,-97.2771
Monroe,SD,43.5207,-97.212
Parker,SD,43.402,-97.1333
Viborg,SD,43.1815,-97.114
Alcester,SD,43.0047,-96.6332
Beresford,SD,43.0874,-96.7813
Elk Point,SD,42.7382,-96.687
Jefferson,SD,42.6013,-96.5784
North Sioux City,SD,42.5249,-96.5074
Akaska,SD,45.3324,-100.1186
Java,SD,45.4492,-99.822
Selby,SD,45.4786,-100.0541
Mobridge,SD,45.5407,-100.4315
Glenham,SD,45.5335,-100.2716
Gayville,SD,42.8835,-97.183
Lesterville,SD,43.0394,-97.5956
Mission Hill,SD,42.9836,-97.3349
Utica,SD,43.0164,-97.3694
Volin,SD,42.9572,-97.1803
Yankton,SD,42.8821,-97.3986
Cherry Creek,SD,44.6055,-101.4999
Dupree,SD,45.0079,-101.6337
Andersonville,TN,36.1915,-84.0544
Briceville,TN,36.1626,-84.2992
Clinton,TN,36.09845,-84.17845
Lake City,TN,36.2032,-84.1386
Norris,TN,36.2005,-84.0858
Oak Ridge,TN,36.06095,-84.22905
Bell Buckle,TN,35.6381,-86.3949
Shelbyville,TN,35.4935,-86.457567
Unionville,TN,35.6224,-86.5639
Wartrace,TN,35.5123,-86.3277
Normandy,TN,35.4296,-86.2557
Big Sandy,TN,36.2285,-88.0627
Camden,TN,36.0556,-88.1119
Eva,TN,36.1142,-87.982
Holladay,TN,35.8951,-88.0912
Pikeville,TN,35.6408,-85.2077
Alcoa,TN,35.7852,-83.9809
Friendsville,TN,35.7523,-84.1061
Louisville,TN,35.8375,-84.0089
Maryville,TN,35.724475,-83.98205
Rockford,TN,35.8305,-83.9412
Tallassee,TN,35.5844,-83.9923
Townsend,TN,35.6784,-83.7572
Walland,TN,35.7533,-83.8243
Charleston,TN,35.2556,-84.7666
Cleveland,TN,35.16302,-84.85842
Mc Donald,TN,35.0869,-84.9892
Caryville,TN,36.3028,-84.203
Duff,TN,36.5086,-84.0454
Jacksboro,TN,36.3266,-84.1928
Jellico,TN,36.577,-84.126
La Follette,TN,36.4248,-84.0907
Newcomb,TN,36.5428,-84.1798
Pioneer,TN,36.4695,-84.2907
Auburntown,TN,35.9338,-86.1126
Bradyville,TN,35.7053,-86.0912
Readyville,TN,35.7989,-86.2415
Woodbury,TN,35.8143,-86.05
Mc Kenzie,TN,36.1272,-88.5134
Atwood,TN,35.9663,-88.6247
Mc Lemoresville,TN,35.9778,-88.5744
Trezevant,TN,36.0172,-88.61
Bruceton,TN,36.0268,-88.2518
Buena Vista,TN,35.9431,-88.2926
Cedar Grove,TN,35.8613,-88.5517
Clarksburg,TN,35.8675,-88.3934
Hollow Rock,TN,36.0381,-88.2737
Huntingdon,TN,36.0062,-88.4202
Lavinia,TN,35.8583,-88.6324
Westport,TN,35.8845,-88.2892
Yuma,TN,35.868,-88.3819
Elizabethton,TN,36.3466,-82.2061
Hampton,TN,36.2577,-82.1891
Milligan College,TN,36.296,-82.3054
Roan Mountain,TN,36.1773,-82.081
Watauga,TN,36.3702,-82.2683
Ashland City,TN,36.2731,-87.0447
Chapmansboro,TN,36.3768,-87.1127
Kingston Springs,TN,36.0953,-87.1156
Pegram,TN,36.1129,-87.0316
Pleasant View,TN,36.3783,-87.0395
Enville,TN,35.4393,-88.4206
Henderson,TN,35.4269,-88.6398
Jacks Creek,TN,35.4782,-88.5019
Luray,TN,35.5355,-88.5379
Arthur,TN,36.5481,-83.6707
Clairfield,TN,36.565,-83.9397
Cumberland Gap,TN,36.5504,-83.681
Eagan,TN,36.552,-83.9769
Harrogate,TN,36.5767,-83.6073
Lone Mountain,TN,36.3906,-83.5849
New Tazewell,TN,36.43725,-83.619
Pruden,TN,36.5862,-83.901
Shawanee,TN,36.5803,-83.6473
Speedwell,TN,36.4797,-83.8135
Tazewell,TN,36.471,-83.5552
Celina,TN,36.5475,-85.4966
Moss,TN,36.5966,-85.6772
Bybee,TN,36.0482,-83.1793
Cosby,TN,35.8347,-83.2187
Del Rio,TN,35.883,-83.015
Hartford,TN,35.8256,-83.0996
Newport,TN,35.9607,-83.1952
Parrottsville,TN,35.9983,-83.0736
Beechgrove,TN,35.6447,-86.2046
Hillsboro,TN,35.3699,-85.9724
Manchester,TN,35.4967,-86.0782
Summitville,TN,35.5595,-85.9925
Tullahoma,TN,35.3468,-86.22
Arnold Afb,TN,35.4976,-86.0748
Alamo,TN,35.8017,-89.1765
Bells,TN,35.7198,-89.0729
Crockett Mills,TN,35.8676,-89.1692
Friendship,TN,35.909,-89.2453
Maury City,TN,35.8379,-89.2273
Fruitvale,TN,35.7484,-89.0327
Gadsden,TN,35.7799,-88.9929
Crab Orchard,TN,35.9537,-84.8205
Crossville,TN,35.97198,-85.01606
Pleasant Hill,TN,35.9813,-85.1984
Antioch,TN,36.0598,-86.6657
Goodlettsville,TN,36.3324,-86.71725
Hermitage,TN,36.1848,-86.6002
Joelton,TN,36.329,-86.9163
Madison,TN,36.2235,-86.7449
Old Hickory,TN,36.2416,-86.6117
Whites Creek,TN,36.2744,-86.8292
Nashville,TN,36.166456,-86.785662
Bath Springs,TN,35.4521,-88.1286
Decaturville,TN,35.5585,-88.1334
Parsons,TN,35.6664,-88.1195
Scotts Hill,TN,35.505,-88.2405
Sugar Tree,TN,35.792,-88.0322
Alexandria,TN,36.0711,-86.0372
Dowelltown,TN,35.9725,-85.9055
Liberty,TN,36.0067,-85.9678
Smithville,TN,35.9299,-85.8046
Burns,TN,36.0471,-87.3061
Charlotte,TN,36.2326,-87.2816
Cumberland Furnace,TN,36.2721,-87.3914
Dickson,TN,36.11145,-87.37625
Slayden,TN,36.2948,-87.4703
Vanleer,TN,36.2237,-87.4565
White Bluff,TN,36.1253,-87.219
Bogota,TN,36.164,-89.4384
Dyersburg,TN,36.03945,-89.3846
Finley,TN,36.0169,-89.5134
Lenox,TN,36.0892,-89.4984
Newbern,TN,36.1009,-89.2514
Tigrett,TN,35.9515,-89.2401
Trimble,TN,36.2011,-89.1863
Braden,TN,35.2886,-89.488
Gallaway,TN,35.3274,-89.6198
Laconia,TN,35.2904,-89.2322
La Grange,TN,35.0454,-89.2437
Macon,TN,35.1507,-89.4814
Moscow,TN,35.0588,-89.3595
Oakland,TN,35.229,-89.5151
Rossville,TN,35.0768,-89.5678
Somerville,TN,35.2772,-89.3918
Williston,TN,35.1576,-89.3684
Allardt,TN,36.3818,-84.7756
Clarkrange,TN,36.2112,-84.9777
Jamestown,TN,36.4245,-84.9357
Grimsley,TN,36.2598,-85.0015
Pall Mall,TN,36.5781,-85.0384
Wilder,TN,36.2822,-85.0913
Belvidere,TN,35.1415,-86.1728
Cowan,TN,35.1783,-86.0167
Decherd,TN,35.2326,-86.0589
Estill Springs,TN,35.2705,-86.1396
Huntland,TN,35.0512,-86.2694
Sewanee,TN,35.1908,-85.90805
Sherwood,TN,35.0452,-85.9302
Winchester,TN,35.1864,-86.113
Kenton,TN,36.1906,-89.0229
Bradford,TN,36.0645,-88.8046
Dyer,TN,36.0716,-89.0192
Eaton,TN,35.9693,-89.1319
Gibson,TN,35.8708,-88.8464
Humboldt,TN,35.837,-88.9057
Idlewild,TN,36.0306,-88.8056
Medina,TN,35.8081,-88.7627
Milan,TN,35.9251,-88.7688
Rutherford,TN,36.13,-88.9849
Trenton,TN,35.9712,-88.9507
Yorkville,TN,36.1354,-89.1117
Ardmore,TN,35.0574,-86.8796
Elkton,TN,35.0523,-86.8886
Frankewing,TN,35.1834,-86.85
Goodspring,TN,35.1167,-87.1278
Lynnville,TN,35.3792,-87.0629
Minor Hill,TN,35.05,-87.1522
Prospect,TN,35.0666,-87.0174
Pulaski,TN,35.2093,-87.0393
Bean Station,TN,36.3249,-83.3142
Blaine,TN,36.1583,-83.6783
Powder Springs,TN,36.2357,-83.6801
Rutledge,TN,36.2501,-83.5125
Thorn Hill,TN,36.3917,-83.366
Washburn,TN,36.3106,-83.5937
Afton,TN,36.2265,-82.7476
Chuckey,TN,36.2569,-82.6905
Greeneville,TN,36.1818,-82.849267
Midway,TN,36.151,-83.0281
Mohawk,TN,36.1869,-83.0902
Mosheim,TN,36.1839,-82.9674
Altamont,TN,35.4258,-85.7635
Beersheba Springs,TN,35.4652,-85.6942
Coalmont,TN,35.3516,-85.7003
Gruetli Laager,TN,35.3723,-85.618
Monteagle,TN,35.2402,-85.8228
Palmer,TN,35.3741,-85.5643
Pelham,TN,35.314,-85.8441
Tracy City,TN,35.2721,-85.7362
Lowland,TN,36.2133,-83.2752
Morristown,TN,36.211775,-83.28445
Russellville,TN,36.2567,-83.1914
Talbott,TN,36.16,-83.4129
Whitesburg,TN,36.2621,-83.1458
Apison,TN,35.0149,-85.0164
Bakewell,TN,35.3452,-85.138
Birchwood,TN,35.352,-84.9618
Collegedale,TN,35.0479,-85.0574
Harrison,TN,35.1679,-85.0945
Hixson,TN,35.1591,-85.2182
Lookout Mountain,TN,34.9948,-85.3506
Lupton City,TN,35.1045,-85.2631
Ooltewah,TN,35.0781,-85.0635
Sale Creek,TN,35.3858,-85.1023
Signal Mountain,TN,35.1494,-85.3362
Soddy Daisy,TN,35.2369,-85.18605
Chattanooga,TN,35.04139,-85.283515
Kyles Ford,TN,36.5721,-83.0507
Sneedville,TN,36.5275,-83.2529
Bolivar,TN,35.2461,-89.0007
Grand Junction,TN,35.049,-89.187
Hickory Valley,TN,35.158,-89.1309
Hornsby,TN,35.2197,-88.8263
Middleton,TN,35.0818,-88.9046
Pocahontas,TN,35.0315,-88.8116
Saulsbury,TN,35.0498,-89.0769
Whiteville,TN,35.3191,-89.1337
Silerton,TN,35.356,-88.8269
Toone,TN,35.3574,-88.9353
Counce,TN,35.0394,-88.2936
Crump,TN,35.2191,-88.3192
Morris Chapel,TN,35.3026,-88.3176
Pickwick Dam,TN,35.0383,-88.2256
Saltillo,TN,35.3815,-88.2472
Savannah,TN,35.2023,-88.2005
Shiloh,TN,35.1154,-88.3617
Olivehill,TN,35.2667,-88.039
Church Hill,TN,36.5399,-82.7252
Mount Carmel,TN,36.5629,-82.6532
Bulls Gap,TN,36.2832,-83.0374
Eidson,TN,36.4995,-83.0827
Mooresburg,TN,36.3621,-83.2095
Rogersville,TN,36.4162,-83.0108
Surgoinsville,TN,36.4741,-82.8306
Brownsville,TN,35.61,-89.2624
Stanton,TN,35.4482,-89.3326
Darden,TN,35.663,-88.2177
Huron,TN,35.6144,-88.5195
Lexington,TN,35.6512,-88.3927
Reagan,TN,35.5096,-88.3508
Sardis,TN,35.4386,-88.3058
Wildersville,TN,35.7698,-88.4388
Buchanan,TN,36.4146,-88.1515
Como,TN,36.2931,-88.5123
Cottage Grove,TN,36.3479,-88.4614
Henry,TN,36.2039,-88.4198
Mansfield,TN,36.1847,-88.2859
Paris,TN,36.3005,-88.3093
Puryear,TN,36.4456,-88.3472
Springville,TN,36.265,-88.1459
Bon Aqua,TN,35.9471,-87.2996
Centerville,TN,35.7797,-87.4775
Lyles,TN,35.8502,-87.3127
Nunnelly,TN,35.8763,-87.5067
Only,TN,35.8679,-87.6655
Duck River,TN,35.748,-87.3577
Primm Springs,TN,35.8104,-87.253
Erin,TN,36.3067,-87.679
Stewart,TN,36.3241,-87.8725
Tennessee Ridge,TN,36.3297,-87.7808
Hurricane Mills,TN,35.924,-87.8105
Mc Ewen,TN,36.1185,-87.6422
New Johnsonville,TN,36.0088,-87.9547
Waverly,TN,36.0997,-87.7991
Gainesboro,TN,36.3438,-85.6355
Granville,TN,36.2768,-85.7475
Whitleyville,TN,36.5158,-85.6899
Dandridge,TN,36.0008,-83.4233
Jefferson City,TN,36.1163,-83.481
New Market,TN,36.081,-83.5673
Strawberry Plains,TN,36.0687,-83.6568
White Pine,TN,36.0776,-83.2998
Butler,TN,36.3282,-81.9856
Laurel Bloomery,TN,36.5793,-81.7254
Mountain City,TN,36.4657,-81.814
Shady Valley,TN,36.5272,-81.9068
Trade,TN,36.3683,-81.7572
Corryton,TN,36.12,-83.813
Heiskell,TN,36.115,-84.0438
Mascot,TN,36.0844,-83.7411
Powell,TN,36.0435,-84.04
Knoxville,TN,35.971652,-83.964548
Wynnburg,TN,36.3281,-89.4744
Tiptonville,TN,36.3846,-89.4649
Ridgely,TN,36.2638,-89.4858
Gates,TN,35.796,-89.3938
Halls,TN,35.8862,-89.4147
Henning,TN,35.6593,-89.6962
Ripley,TN,35.7527,-89.535
Ethridge,TN,35.3326,-87.3039
Five Points,TN,35.031,-87.2961
Iron City,TN,35.0563,-87.6473
Lawrenceburg,TN,35.2507,-87.3526
Leoma,TN,35.1382,-87.3168
Loretto,TN,35.0728,-87.427
Saint Joseph,TN,35.0376,-87.5018
Summertown,TN,35.4307,-87.3198
Westpoint,TN,35.1393,-87.538
Hohenwald,TN,35.5266,-87.4891
Petersburg,TN,35.2924,-86.6447
Elora,TN,35.0295,-86.3481
Fayetteville,TN,35.1527,-86.5664
Flintville,TN,35.0581,-86.413
Kelso,TN,35.1024,-86.4683
Mulberry,TN,35.1941,-86.4217
Dellrose,TN,35.1214,-86.8121
Taft,TN,35.0517,-86.6447
Greenback,TN,35.6567,-84.171
Lenoir City,TN,35.79935,-84.24265
Loudon,TN,35.7292,-84.3436
Philadelphia,TN,35.6781,-84.4312
Athens,TN,35.45015,-84.59865
Calhoun,TN,35.3228,-84.7364
Englewood,TN,35.4272,-84.4833
Etowah,TN,35.3314,-84.5283
Riceville,TN,35.3731,-84.6951
Niota,TN,35.5819,-84.5721
Adamsville,TN,35.2556,-88.4134
Bethel Springs,TN,35.2289,-88.644
Finger,TN,35.3544,-88.5876
Guys,TN,35.0142,-88.5208
Michie,TN,35.0603,-88.4405
Milledgeville,TN,35.3729,-88.3675
Ramer,TN,35.0642,-88.6017
Selmer,TN,35.1691,-88.5958
Stantonville,TN,35.1809,-88.4364
Chewalla,TN,34.9969,-88.6456
Lafayette,TN,36.539,-86.0242
Red Boiling Springs,TN,36.5177,-85.8662
Jackson,TN,35.623783,-88.834483
Beech Bluff,TN,35.5922,-88.6396
Medon,TN,35.4345,-88.8953
Oakfield,TN,35.7242,-88.7801
Pinson,TN,35.4781,-88.7304
Spring Creek,TN,35.7668,-88.6839
Denmark,TN,35.5571,-88.9759
Mercer,TN,35.4816,-89.0271
Guild,TN,35.0178,-85.5116
Jasper,TN,35.097,-85.5897
Sequatchie,TN,35.1634,-85.6371
South Pittsburg,TN,35.028,-85.7225
Whiteside,TN,34.9873,-85.4977
Whitwell,TN,35.1972,-85.5011
Belfast,TN,35.4069,-86.7095
Chapel Hill,TN,35.6354,-86.6836
Cornersville,TN,35.3409,-86.8286
Lewisburg,TN,35.4596,-86.7812
Spring Hill,TN,35.7173,-86.9048
Columbia,TN,35.61535,-87.03665
Culleoka,TN,35.4749,-87.0005
Hampshire,TN,35.5915,-87.3251
Mount Pleasant,TN,35.5301,-87.2037
Santa Fe,TN,35.7588,-87.1515
Williamsport,TN,35.6494,-87.2257
Decatur,TN,35.5072,-84.8081
Georgetown,TN,35.2932,-84.9127
Ten Mile,TN,35.6862,-84.6548
Cokercreek,TN,35.2467,-84.3031
Madisonville,TN,35.4916,-84.3395
Tellico Plains,TN,35.3562,-84.3068
Sweetwater,TN,35.6015,-84.461
Vonore,TN,35.5354,-84.1778
Clarksville,TN,36.52536,-87.3547
Cunningham,TN,36.3789,-87.4245
Palmyra,TN,36.4176,-87.4914
Southside,TN,36.3626,-87.3061
Woodlawn,TN,36.5147,-87.5393
Lynchburg,TN,35.2706,-86.372
Coalfield,TN,36.029,-84.4208
Deer Lodge,TN,36.2176,-84.8191
Rugby,TN,36.3519,-84.7137
Lancing,TN,36.1456,-84.7135
Oakdale,TN,36.01,-84.5753
Oliver Springs,TN,36.0366,-84.3486
Petros,TN,36.0959,-84.4424
Sunbright,TN,36.2622,-84.6984
Wartburg,TN,36.1016,-84.5652
Hornbeak,TN,36.3596,-89.3056
Obion,TN,36.2657,-89.2805
Rives,TN,36.3108,-89.0731
Samburg,TN,36.3791,-89.3538
South Fulton,TN,36.4814,-88.8808
Troy,TN,36.3416,-89.1611
Union City,TN,36.42525,-89.06185
Woodland Mills,TN,36.4583,-89.2332
Allons,TN,36.497,-85.3197
Allred,TN,36.324,-85.2031
Alpine,TN,36.3803,-85.1522
Crawford,TN,36.2361,-85.1688
Hilham,TN,36.4227,-85.4464
Livingston,TN,36.389,-85.3205
Monroe,TN,36.4642,-85.2164
Rickman,TN,36.2812,-85.3048
Linden,TN,35.5944,-87.8567
Lobelville,TN,35.7467,-87.8251
Byrdstown,TN,36.5709,-85.1456
Benton,TN,35.173,-84.6544
Conasauga,TN,34.9971,-84.7327
Copperhill,TN,35.0207,-84.3748
Delano,TN,35.2612,-84.6024
Ducktown,TN,35.0339,-84.3792
Farner,TN,35.1449,-84.3209
Ocoee,TN,35.1025,-84.7136
Old Fort,TN,35.2829,-85.2568
Reliance,TN,35.1807,-84.541
Turtletown,TN,35.1081,-84.3544
Cookeville,TN,36.17762,-85.49758
Baxter,TN,36.1249,-85.6378
Bloomington Springs,TN,36.2321,-85.6628
Buffalo Valley,TN,36.1833,-85.7589
Monterey,TN,36.1509,-85.2542
Silver Point,TN,36.1006,-85.7338
Dayton,TN,35.5002,-85.0135
Evensville,TN,35.6153,-85.0228
Grandview,TN,35.7608,-84.8615
Graysville,TN,35.4484,-85.179
Spring City,TN,35.6935,-84.8198
Harriman,TN,35.9348,-84.5155
Kingston,TN,35.8528,-84.4971
Rockwood,TN,35.8587,-84.6842
Adams,TN,36.5582,-87.1226
Cedar Hill,TN,36.5514,-86.9992
Cross Plains,TN,36.5531,-86.6761
Greenbrier,TN,36.4229,-86.7914
Orlinda,TN,36.611,-86.699
Ridgetop,TN,36.4025,-86.7722
Springfield,TN,36.5018,-86.8769
White House,TN,36.46,-86.6705
Christiana,TN,35.696,-86.368
Eagleville,TN,35.7492,-86.6327
Fosterville,TN,35.6551,-86.403
Lascassas,TN,35.9495,-86.3112
La Vergne,TN,35.93615,-86.4905
Milton,TN,35.9221,-86.1824
Murfreesboro,TN,35.8414,-86.414229
Rockvale,TN,35.745,-86.5352
Smyrna,TN,35.9656,-86.5048
Elgin,TN,36.3323,-84.6063
Helenwood,TN,36.4329,-84.5381
Huntsville,TN,36.3983,-84.4288
Oneida,TN,36.5053,-84.5293
Robbins,TN,36.3527,-84.5904
Winfield,TN,36.5598,-84.434
Dunlap,TN,35.3842,-85.3925
Gatlinburg,TN,35.729,-83.4874
Kodak,TN,35.9722,-83.6171
Sevierville,TN,35.855133,-83.5439
Pigeon Forge,TN,35.83655,-83.55995
Seymour,TN,35.87,-83.7495
Memphis,TN,35.159839,-89.969254
Arlington,TN,35.2752,-89.7295
Brunswick,TN,35.2673,-89.7687
Cordova,TN,35.157133,-89.778
Collierville,TN,35.04855,-89.6706
Eads,TN,35.1551,-89.676
Ellendale,TN,35.2306,-89.8259
Millington,TN,35.29895,-89.9112
Germantown,TN,35.1258,-89.849033
Carthage,TN,36.2763,-85.9517
Dixon Springs,TN,36.4455,-86.0533
Pleasant Shade,TN,36.3462,-85.9189
Riddleton,TN,36.3506,-86.0335
Brush Creek,TN,36.1107,-86.0203
Chestnut Mound,TN,36.2028,-85.8264
Elmwood,TN,36.2355,-85.8808
Gordonsville,TN,36.1843,-86.0008
Hickman,TN,36.1197,-85.9023
Lancaster,TN,36.0954,-85.8551
Big Rock,TN,36.5716,-87.7378
Bumpus Mills,TN,36.6226,-87.8614
Cumberland City,TN,36.3729,-87.6306
Dover,TN,36.4942,-87.8787
Indian Mound,TN,36.4946,-87.6804
Blountville,TN,36.5356,-82.3656
Bluff City,TN,36.4774,-82.2362
Bristol,TN,36.555967,-82.2117
Kingsport,TN,36.536233,-82.54315
Piney Flats,TN,36.4328,-82.319
Bethpage,TN,36.5186,-86.3146
Castalian Springs,TN,36.3806,-86.3107
Cottontown,TN,36.4912,-86.6033
Gallatin,TN,36.3834,-86.4512
Hendersonville,TN,36.30505,-86.61415
Mitchellville,TN,36.632,-86.539
Portland,TN,36.5673,-86.5059
Westmoreland,TN,36.5756,-86.2353
Atoka,TN,35.4412,-89.7781
Brighton,TN,35.484,-89.7251
Burlison,TN,35.5399,-89.8177
Covington,TN,35.5598,-89.6501
Drummonds,TN,35.4452,-89.9236
Mason,TN,35.438,-89.5518
Munford,TN,35.459,-89.8197
Tipton,TN,35.4143,-89.8188
Hartsville,TN,36.3947,-86.1704
Erwin,TN,36.1342,-82.4163
Flag Pond,TN,36.0085,-82.5623
Unicoi,TN,36.2066,-82.322
Luttrell,TN,36.2001,-83.76
Maynardville,TN,36.2343,-83.8403
Sharps Chapel,TN,36.3685,-83.8127
Spencer,TN,35.7279,-85.4287
Mcminnville,TN,35.6834,-85.77
Morrison,TN,35.6029,-85.9197
Smartt,TN,35.6403,-85.8366
Viola,TN,35.5384,-85.8591
Campaign,TN,35.7734,-85.6192
Rock Island,TN,35.7668,-85.6788
Johnson City,TN,36.298133,-82.43695
Fall Branch,TN,36.4158,-82.6256
Jonesborough,TN,36.2954,-82.4902
Limestone,TN,36.254,-82.625
Mountain Home,TN,36.3107,-82.3732
Telford,TN,36.2451,-82.5369
Clifton,TN,35.3819,-87.95
Collinwood,TN,35.1635,-87.7185
Cypress Inn,TN,35.0579,-87.7883
Lutts,TN,35.1138,-87.8923
Waynesboro,TN,35.322,-87.7395
Dresden,TN,36.295,-88.6963
Dukedom,TN,36.4796,-88.6926
Gleason,TN,36.2117,-88.6184
Greenfield,TN,36.1485,-88.7453
Martin,TN,36.34295,-88.85285
Palmersville,TN,36.3948,-88.6142
Sharon,TN,36.2395,-88.8477
Doyle,TN,35.8356,-85.5191
Quebeck,TN,35.8303,-85.552
Sparta,TN,35.9439,-85.4392
Walling,TN,35.8695,-85.6185
Arrington,TN,35.8566,-86.6633
Brentwood,TN,36.0197,-86.78685
College Grove,TN,35.7832,-86.7495
Fairview,TN,35.9755,-87.1321
Franklin,TN,35.92484,-86.86628
Nolensville,TN,35.9307,-86.6829
Thompsons Station,TN,35.809,-86.8913
Gladeville,TN,36.1562,-86.3049
Lebanon,TN,36.1788,-86.2855
Mount Juliet,TN,36.1949,-86.51045
Norene,TN,36.1562,-86.3049
Watertown,TN,36.0953,-86.1434
Frankston,TX,32.0535,-95.5163
Neches,TX,31.8668,-95.4958
Palestine,TX,31.76805,-95.645375
Cayuga,TX,31.9571,-95.9747
Elkhart,TX,31.648,-95.5551
Montalba,TX,31.8766,-95.7327
Tennessee Colony,TX,31.824775,-95.854125
Andrews,TX,32.3201,-102.5409
Lufkin,TX,31.3192,-94.70748
Diboll,TX,31.195,-94.7729
Huntington,TX,31.2837,-94.5662
Pollok,TX,31.4291,-94.8254
Zavalla,TX,31.1569,-94.3871
Fulton,TX,28.0614,-97.0411
Rockport,TX,28.02195,-97.0812
Archer City,TX,33.5562,-98.6249
Holliday,TX,33.8162,-98.6951
Megargel,TX,33.4533,-98.9297
Scotland,TX,33.6535,-98.465
Windthorst,TX,33.5796,-98.4376
Claude,TX,35.0967,-101.3813
Wayside,TX,34.7928,-101.5471
Campbellton,TX,28.767,-98.2566
Charlotte,TX,28.8649,-98.707
Christine,TX,28.7858,-98.4886
Jourdanton,TX,28.903,-98.544
Leming,TX,29.073,-98.4842
Lytle,TX,29.2366,-98.7945
Peggy,TX,28.7397,-98.1786
Pleasanton,TX,28.9924,-98.4831
Poteet,TX,29.0994,-98.6241
Bellville,TX,29.9658,-96.2531
Kenney,TX,30.0477,-96.3269
San Felipe,TX,29.8019,-96.1014
Sealy,TX,29.7826,-96.1592
Wallis,TX,29.6397,-96.0456
Bleiblerville,TX,30.0292,-96.4448
Cat Spring,TX,29.7512,-96.39
Industry,TX,29.9904,-96.4843
New Ulm,TX,29.9134,-96.4961
Enochs,TX,33.8731,-102.7599
Maple,TX,33.8487,-102.8985
Muleshoe,TX,34.2193,-102.7496
Bandera,TX,29.7276,-99.0453
Medina,TX,29.8475,-99.3215
Pipe Creek,TX,29.6796,-98.9484
Tarpley,TX,29.6455,-99.2469
Vanderpool,TX,29.7452,-99.5551
Bastrop,TX,30.1388,-97.2921
Cedar Creek,TX,30.0966,-97.4976
Elgin,TX,30.3231,-97.3737
Mc Dade,TX,30.2968,-97.2386
Paige,TX,30.1858,-97.1198
Red Rock,TX,29.9906,-97.4081
Rosanky,TX,29.9241,-97.3119
Smithville,TX,30.0178,-97.1494
Seymour,TX,33.5914,-99.2587
Beeville,TX,28.40765,-97.7688
Mineral,TX,28.5552,-97.9407
Normanna,TX,28.5278,-97.7831
Pawnee,TX,28.6526,-97.9921
Pettus,TX,28.6164,-97.8082
Tuleta,TX,28.5708,-97.7972
Skidmore,TX,28.2121,-97.7127
Tynan,TX,28.1693,-97.7549
Temple,TX,31.0685,-97.38024
Bartlett,TX,30.7991,-97.4263
Belton,TX,31.0723,-97.472
Heidenheimer,TX,31.0496,-97.4936
Holland,TX,30.88,-97.3857
Killeen,TX,31.085317,-97.7284
Fort Hood,TX,31.1349,-97.7756
Harker Heights,TX,31.0286,-97.6115
Little River Academy,TX,30.9863,-97.3586
Nolanville,TX,31.0833,-97.5941
Pendleton,TX,31.1952,-97.3486
Rogers,TX,30.955,-97.2228
Salado,TX,30.9494,-97.533
Troy,TX,31.1759,-97.2852
Atascosa,TX,29.2705,-98.7421
Boerne,TX,29.8129,-98.67515
Helotes,TX,29.6321,-98.7542
Macdona,TX,29.3258,-98.6911
Somerset,TX,29.2205,-98.6678
Von Ormy,TX,29.275,-98.6677
Adkins,TX,29.3805,-98.265
Converse,TX,29.5173,-98.3217
Elmendorf,TX,29.2308,-98.372
Universal City,TX,29.5465,-98.2954
Jbsa Randolph,TX,29.3759,-97.958
Saint Hedwig,TX,29.4353,-98.1952
San Antonio,TX,29.464699,-98.498407
Jbsa Ft Sam Houston,TX,29.4241,-98.4936
Jbsa Lackland,TX,29.4241,-98.4936
Blanco,TX,30.0874,-98.4107
Hye,TX,30.2269,-98.5396
Johnson City,TX,30.2948,-98.3691
Round Mountain,TX,30.4429,-98.4365
Gail,TX,32.7523,-101.45
Clifton,TX,31.7918,-97.5203
Cranfills Gap,TX,31.7486,-97.8113
Laguna Park,TX,31.8593,-97.3797
Iredell,TX,31.9722,-97.8793
Kopperl,TX,32.1035,-97.5421
Meridian,TX,31.929,-97.6443
Morgan,TX,32.0195,-97.5608
Valley Mills,TX,31.6599,-97.4935
Walnut Springs,TX,32.0593,-97.7514
Texarkana,TX,33.435983,-94.078233
De Kalb,TX,33.5087,-94.6163
Hooks,TX,33.5253,-94.2657
Maud,TX,33.3409,-94.3175
Nash,TX,33.4344,-94.1219
New Boston,TX,33.4619,-94.4375
Redwater,TX,33.358,-94.2571
Simms,TX,33.3359,-94.552
Brazoria,TX,29.0236,-95.5867
Damon,TX,29.3014,-95.7036
Danciger,TX,29.1737,-95.8207
Old Ocean,TX,29.08,-95.7497
Sweeny,TX,29.0415,-95.7004
West Columbia,TX,29.1408,-95.6694
Alvin,TX,29.4179,-95.2478
Angleton,TX,29.1752,-95.4393
Clute,TX,29.0325,-95.4026
Danbury,TX,29.2291,-95.3435
Freeport,TX,28.9949,-95.3488
Lake Jackson,TX,29.0393,-95.4401
Liverpool,TX,29.2667,-95.2889
Manvel,TX,29.4694,-95.3503
Pearland,TX,29.5383,-95.282367
Rosharon,TX,29.4203,-95.4537
Bryan,TX,30.685714,-96.367071
College Station,TX,30.607533,-96.3299
Kurten,TX,30.7871,-96.2641
Millican,TX,30.4491,-96.217
Wellborn,TX,30.5334,-96.3032
Alpine,TX,30.311,-103.659467
Big Bend National Park,TX,29.2924,-103.2963
Marathon,TX,30.1886,-103.2214
Terlingua,TX,29.3165,-103.5597
Quitaque,TX,34.3796,-101.0465
Silverton,TX,34.4641,-101.3169
Encino,TX,26.9249,-98.1922
Falfurrias,TX,27.2242,-98.1408
Blanket,TX,31.7882,-98.8311
Brownwood,TX,31.7748,-99.0418
Early,TX,31.76475,-98.93425
Bangs,TX,31.7503,-99.1568
Brookesmith,TX,31.5176,-99.1277
May,TX,31.9571,-98.9656
Zephyr,TX,31.6694,-98.8182
Caldwell,TX,30.5298,-96.7143
Chriesman,TX,30.5994,-96.7708
Deanville,TX,30.4322,-96.7561
Lyons,TX,30.3863,-96.5633
Snook,TX,30.4702,-96.4804
Somerville,TX,30.4076,-96.5358
Bertram,TX,30.7411,-98.0529
Briggs,TX,30.9325,-97.9702
Burnet,TX,30.7766,-98.2642
Marble Falls,TX,30.5784,-98.2751
Dale,TX,29.9528,-97.581
Fentress,TX,29.7561,-97.7764
Lockhart,TX,29.8868,-97.6769
Luling,TX,29.6826,-97.6499
Martindale,TX,29.8394,-97.8508
Maxwell,TX,29.8953,-97.8144
Prairie Lea,TX,29.7239,-97.7449
Point Comfort,TX,28.6651,-96.5506
Port Lavaca,TX,28.6011,-96.6259
Port O Connor,TX,28.4483,-96.4058
Seadrift,TX,28.4101,-96.7023
Cross Plains,TX,32.1482,-99.1872
Putnam,TX,32.374,-99.1957
Baird,TX,32.3916,-99.3777
Clyde,TX,32.3803,-99.5184
Brownsville,TX,25.94204,-97.49338
Combes,TX,26.2451,-97.7416
Harlingen,TX,26.203375,-97.713125
La Feria,TX,26.1666,-97.8261
Los Fresnos,TX,26.1158,-97.4107
Los Indios,TX,26.0492,-97.745
Lozano,TX,26.1904,-97.5423
Olmito,TX,26.0353,-97.5496
Port Isabel,TX,26.0539,-97.3125
Rio Hondo,TX,26.2339,-97.5513
San Benito,TX,26.1337,-97.6447
Santa Maria,TX,26.0787,-97.8494
Santa Rosa,TX,26.2555,-97.8257
South Padre Island,TX,26.2393,-97.1936
Leesburg,TX,32.9763,-95.1079
Pittsburg,TX,32.9623,-94.9603
Groom,TX,35.2168,-101.1285
Panhandle,TX,35.3808,-101.4304
Skellytown,TX,35.5685,-101.1721
White Deer,TX,35.4278,-101.174
Atlanta,TX,33.109,-94.1646
Bivins,TX,32.966,-94.1404
Bloomburg,TX,33.1339,-94.0647
Douglassville,TX,33.1758,-94.3467
Kildare,TX,32.9468,-94.2539
Linden,TX,33.0048,-94.3605
Mc Leod,TX,32.9511,-94.0808
Marietta,TX,33.1735,-94.5424
Queen City,TX,33.1557,-94.1537
Avinger,TX,32.8485,-94.5795
Hughes Springs,TX,33.0168,-94.6228
Dimmitt,TX,34.5341,-102.3046
Hart,TX,34.3878,-102.1155
Nazareth,TX,34.5444,-102.1069
Summerfield,TX,34.7437,-102.5064
Anahuac,TX,29.662,-94.593
Baytown,TX,29.755525,-94.94325
Hankamer,TX,29.8752,-94.5938
Mont Belvieu,TX,29.8477,-94.8908
Wallisville,TX,29.8591,-94.6759
Stowell,TX,29.7809,-94.39
Winnie,TX,29.8157,-94.3395
Cuney,TX,32.0415,-95.42
Gallatin,TX,31.891,-95.1455
Jacksonville,TX,31.9618,-95.2703
Maydelle,TX,31.8008,-95.3001
New Summerfield,TX,31.9807,-95.0938
Reklaw,TX,31.8859,-95.0118
Rusk,TX,31.8136,-95.0965
Alto,TX,31.6103,-95.0762
Wells,TX,31.4885,-94.9399
Childress,TX,34.4104,-100.2364
Tell,TX,34.3759,-100.3948
Bellevue,TX,33.5879,-98.1574
Bluegrove,TX,33.674,-98.23
Byers,TX,34.0728,-98.1839
Henrietta,TX,33.8196,-98.26
Petrolia,TX,34.0132,-98.2323
Bledsoe,TX,33.5997,-103.0168
Morton,TX,33.7251,-102.7594
Whiteface,TX,33.5988,-102.6199
Bronte,TX,31.8789,-100.2988
Robert Lee,TX,31.8951,-100.5104
Silver,TX,32.0484,-100.6922
Tennyson,TX,31.7397,-100.2884
Burkett,TX,31.9986,-99.2553
Coleman,TX,31.8287,-99.427
Gouldbusk,TX,31.5549,-99.4767
Rockwood,TX,31.5037,-99.3746
Santa Anna,TX,31.7215,-99.3212
Talpa,TX,31.8034,-99.6747
Valera,TX,31.7529,-99.5473
Voss,TX,31.5892,-99.6326
Goldsboro,TX,32.0482,-99.6775
Novice,TX,31.9781,-99.6809
Allen,TX,33.106,-96.66135
Celina,TX,33.3103,-96.7673
Plano,TX,33.0384,-96.719211
Frisco,TX,33.17335,-96.821475
Mckinney,TX,33.1976,-96.6153
Prosper,TX,33.2362,-96.7954
Weston,TX,33.3512,-96.6646
Copeville,TX,33.0875,-96.4186
Josephine,TX,33.0612,-96.3072
Lavon,TX,33.0139,-96.4377
Nevada,TX,33.0593,-96.3877
Princeton,TX,33.1555,-96.4981
Anna,TX,33.3445,-96.5639
Blue Ridge,TX,33.3061,-96.3901
Farmersville,TX,33.1659,-96.3686
Melissa,TX,33.2841,-96.574
Westminster,TX,33.3627,-96.4635
Samnorwood,TX,35.0523,-100.2807
Wellington,TX,34.8717,-100.2207
Dodson,TX,34.7644,-100.0286
Quail,TX,34.918,-100.4252
Altair,TX,29.5714,-96.4541
Eagle Lake,TX,29.5842,-96.3354
Garwood,TX,29.476,-96.4919
Nada,TX,29.405,-96.3864
Rock Island,TX,29.5311,-96.5752
Sheridan,TX,29.4936,-96.6711
Columbus,TX,29.7032,-96.5527
Alleyton,TX,29.7092,-96.4865
Glidden,TX,29.6994,-96.5942
Oakland,TX,29.6016,-96.83
Weimar,TX,29.6787,-96.755
Spring Branch,TX,29.9238,-98.3788
New Braunfels,TX,29.72135,-98.130375
Canyon Lake,TX,29.9112,-98.2374
Bulverde,TX,29.7767,-98.4626
Fischer,TX,29.9627,-98.2088
Comanche,TX,31.9116,-98.6082
De Leon,TX,32.1087,-98.5489
Energy,TX,31.7629,-98.3695
Gustine,TX,31.8468,-98.4017
Proctor,TX,31.9874,-98.4298
Sidney,TX,31.932,-98.768
Eden,TX,31.2192,-99.8407
Lowake,TX,31.5663,-100.0759
Millersview,TX,31.4167,-99.7171
Paint Rock,TX,31.5048,-99.9139
Eola,TX,31.3617,-100.0922
Era,TX,33.4965,-97.3859
Gainesville,TX,33.63255,-97.0976
Lindsay,TX,33.636,-97.2214
Muenster,TX,33.6595,-97.3624
Myra,TX,33.6178,-97.309
Rosston,TX,33.4674,-97.4534
Valley View,TX,33.5022,-97.2311
Copperas Cove,TX,31.2029,-97.9301
Evant,TX,31.4388,-98.0535
Flat,TX,31.2956,-97.5822
Gatesville,TX,31.41178,-97.79312
Jonesboro,TX,31.5599,-97.8456
Mound,TX,31.3514,-97.6444
Oglesby,TX,31.4438,-97.5501
Purmela,TX,31.4841,-97.9903
Cee Vee,TX,34.2295,-100.4573
Paducah,TX,34.0217,-100.2986
Crane,TX,31.3969,-102.3544
Ozona,TX,30.7164,-101.2388
Crosbyton,TX,33.6562,-101.2287
Lorenzo,TX,33.6666,-101.5277
Ralls,TX,33.6851,-101.3836
Van Horn,TX,31.0391,-104.8245
Dalhart,TX,36.0732,-102.5177
Kerrick,TX,36.4956,-102.2427
Texline,TX,36.374,-102.9845
Addison,TX,32.96,-96.8385
Carrollton,TX,32.988275,-96.883125
Irving,TX,32.849633,-96.933775
Coppell,TX,32.96095,-96.99775
Rowlett,TX,32.913533,-96.555167
Garland,TX,32.908978,-96.639167
Sachse,TX,32.9643,-96.6012
Grand Prairie,TX,32.69472,-97.0175
Richardson,TX,32.88666,-96.73844
Wylie,TX,33.0041,-96.5394
Cedar Hill,TX,32.5885,-96.94995
Desoto,TX,32.597,-96.8611
Duncanville,TX,32.6869,-96.866767
Lancaster,TX,32.60375,-96.7779
Hutchins,TX,32.6396,-96.707
Mesquite,TX,32.7636,-96.62904
Seagoville,TX,32.6525,-96.558
Wilmer,TX,32.5981,-96.6838
Balch Springs,TX,32.7287,-96.6228
Sunnyvale,TX,32.797,-96.5616
Dallas,TX,32.788556,-96.787156
Lamesa,TX,32.7367,-101.9569
Welch,TX,32.9298,-102.1278
Ackerly,TX,32.5273,-101.716
Dawn,TX,34.9106,-102.2002
Hereford,TX,34.837,-102.405
Ben Franklin,TX,33.4768,-95.7689
Cooper,TX,33.3812,-95.6623
Enloe,TX,33.4291,-95.6518
Klondike,TX,33.3034,-95.8018
Lake Creek,TX,33.4116,-95.4551
Pecan Gap,TX,33.4196,-95.8262
Flower Mound,TX,33.090833,-97.103367
Lewisville,TX,33.049175,-97.01425
The Colony,TX,33.094,-96.8836
Lake Dallas,TX,33.1219,-97.0237
Little Elm,TX,33.1768,-96.9583
Denton,TX,33.20539,-97.11964
Argyle,TX,33.1062,-97.16
Aubrey,TX,33.292,-96.9879
Justin,TX,33.0734,-97.3093
Krum,TX,33.2734,-97.2675
Pilot Point,TX,33.371,-96.9446
Ponder,TX,33.1774,-97.2848
Roanoke,TX,33.0211,-97.2127
Sanger,TX,33.3563,-97.1814
Cuero,TX,29.091,-97.2812
Hochheim,TX,29.3125,-97.2917
Meyersville,TX,28.9229,-97.3042
Thomaston,TX,28.9974,-97.1539
Westhoff,TX,29.1792,-97.46
Nordheim,TX,28.9142,-97.5946
Yorktown,TX,28.9892,-97.5121
Afton,TX,33.7718,-100.8021
Dickens,TX,33.628,-100.8197
Mcadoo,TX,33.7413,-100.9833
Spur,TX,33.479,-100.8571
Asherton,TX,28.4364,-99.7486
Big Wells,TX,28.5693,-99.5781
Carrizo Springs,TX,28.5278,-99.8635
Catarina,TX,28.3598,-99.586
Clarendon,TX,34.9529,-100.8952
Hedley,TX,34.8698,-100.6806
Lelia Lake,TX,34.8843,-100.7674
Benavides,TX,27.5925,-98.4142
Concepcion,TX,27.3849,-98.309
Freer,TX,27.88,-98.6061
Realitos,TX,27.4184,-98.514
San Diego,TX,27.7654,-98.2503
Carbon,TX,32.2701,-98.8348
Cisco,TX,32.38,-98.9865
Desdemona,TX,32.2819,-98.5673
Eastland,TX,32.3994,-98.8071
Gorman,TX,32.2234,-98.6834
Olden,TX,32.4421,-98.7342
Ranger,TX,32.4681,-98.6747
Rising Star,TX,32.128,-98.9859
Goldsmith,TX,31.9541,-102.625
Gardendale,TX,32.0245,-102.3572
Notrees,TX,31.8599,-102.7413
Odessa,TX,31.848278,-102.376622
Penwell,TX,31.7334,-102.5879
Telegraph,TX,30.3274,-99.9062
Barksdale,TX,29.8282,-100.105
Rocksprings,TX,30.0188,-100.231
Bardwell,TX,32.2731,-96.703
Ennis,TX,32.3334,-96.62795
Ferris,TX,32.5223,-96.6643
Palmer,TX,32.4387,-96.6794
Red Oak,TX,32.5185,-96.8071
Rice,TX,32.2258,-96.4606
Waxahachie,TX,32.377667,-96.8234
Forreston,TX,32.2486,-96.8232
Maypearl,TX,32.2993,-97.0271
Midlothian,TX,32.4757,-96.9936
Avalon,TX,32.2054,-96.79
Italy,TX,32.1785,-96.8823
Milford,TX,32.1482,-96.9612
Anthony,TX,31.9907,-106.5976
Canutillo,TX,31.9344,-106.5929
Clint,TX,31.5494,-106.2038
Fabens,TX,31.4745,-106.1589
San Elizario,TX,31.5508,-106.2507
Tornillo,TX,31.4407,-106.0765
El Paso,TX,31.722307,-106.343082
Fort Bliss,TX,31.8136,-106.4122
Stephenville,TX,32.21835,-98.2152
Bluff Dale,TX,32.2884,-98.0539
Dublin,TX,32.0909,-98.3455
Lingleville,TX,32.2446,-98.3775
Morgan Mill,TX,32.3882,-98.1673
Rosebud,TX,31.0922,-96.9755
Chilton,TX,31.31,-97.09
Lott,TX,31.1925,-97.0581
Marlin,TX,31.3036,-96.8889
Reagan,TX,31.1871,-96.7998
Satin,TX,31.3601,-97.0108
Bailey,TX,33.43,-96.1662
Bonham,TX,33.5806,-96.1836
Dodd City,TX,33.5647,-96.0619
Ector,TX,33.5819,-96.2735
Gober,TX,33.4697,-96.1111
Honey Grove,TX,33.5985,-95.9109
Ivanhoe,TX,33.7612,-96.1193
Ladonia,TX,33.4245,-95.9455
Leonard,TX,33.3796,-96.2475
Randolph,TX,33.4846,-96.2541
Ravenna,TX,33.7098,-96.1452
Savoy,TX,33.6066,-96.3502
Telephone,TX,33.7979,-96.0449
Trenton,TX,33.4235,-96.3398
Windom,TX,33.5633,-96.002
Carmine,TX,30.1404,-96.6861
Ellinger,TX,29.8459,-96.6966
Fayetteville,TX,29.8868,-96.6463
Flatonia,TX,29.7095,-97.0987
La Grange,TX,29.904,-96.886
Ledbetter,TX,30.2383,-96.7613
Muldoon,TX,29.7993,-97.1006
Plum,TX,29.9349,-96.9675
Round Top,TX,30.05315,-96.7151
Schulenburg,TX,29.6882,-96.9106
Warda,TX,30.0702,-96.902
West Point,TX,29.9523,-97.0361
Mc Caulley,TX,32.7787,-100.2168
Roby,TX,32.722,-100.4008
Rotan,TX,32.8555,-100.4705
Sylvester,TX,32.7209,-100.2543
Aiken,TX,34.1423,-101.5257
Dougherty,TX,33.9446,-101.0922
Floydada,TX,33.9743,-101.3346
Lockney,TX,34.1458,-101.4259
South Plains,TX,34.2245,-101.3096
Crowell,TX,33.9912,-99.6983
Richmond,TX,29.619067,-95.7527
Beasley,TX,29.479,-95.9681
Fulshear,TX,29.7217,-95.8977
Guy,TX,29.3327,-95.7702
Kendleton,TX,29.447,-96.0036
Missouri City,TX,29.5833,-95.5269
Needville,TX,29.4117,-95.8273
Orchard,TX,29.5948,-95.9727
Rosenberg,TX,29.5497,-95.7982
Simonton,TX,29.6794,-95.9772
Stafford,TX,29.61945,-95.56275
Sugar Land,TX,29.59658,-95.651
Thompsons,TX,29.4683,-95.5776
Fresno,TX,29.5293,-95.4626
Mount Vernon,TX,33.1702,-95.2181
Scroggins,TX,33.0478,-95.1962
Talco,TX,33.3344,-95.0497
Donie,TX,31.4873,-96.2387
Fairfield,TX,31.7361,-96.1572
Kirvin,TX,31.7666,-96.3303
Streetman,TX,31.8885,-96.2988
Teague,TX,31.6328,-96.2778
Wortham,TX,31.7865,-96.4202
Bigfoot,TX,29.0531,-98.8582
Dilley,TX,28.6782,-99.1747
Moore,TX,29.0595,-99.0204
Pearsall,TX,28.8923,-99.0944
Loop,TX,32.9162,-102.4221
Seagraves,TX,32.9317,-102.5781
Seminole,TX,32.721,-102.6828
Santa Fe,TX,29.38525,-95.10475
Bacliff,TX,29.5055,-94.9893
Dickinson,TX,29.4585,-95.0345
Friendswood,TX,29.5259,-95.19445
Galveston,TX,29.2804,-94.8553
Hitchcock,TX,29.3398,-94.9926
Kemah,TX,29.5236,-95.0276
La Marque,TX,29.3676,-94.9742
League City,TX,29.51445,-95.07725
Texas City,TX,29.3722,-94.9049
Gilchrist,TX,29.523,-94.4755
High Island,TX,29.5472,-94.4267
Port Bolivar,TX,29.4266,-94.6861
Justiceburg,TX,33.0594,-101.1881
Post,TX,33.2017,-101.3922
Doss,TX,30.4613,-99.1707
Fredericksburg,TX,30.2817,-98.8799
Harper,TX,30.2816,-99.241
Stonewall,TX,30.2088,-98.6131
Willow City,TX,30.4549,-98.6646
Garden City,TX,31.8491,-101.5269
Fannin,TX,28.6955,-97.2358
Goliad,TX,28.6993,-97.3783
Weesatche,TX,28.8472,-97.448
Berclair,TX,28.5295,-97.5925
Leesville,TX,29.3961,-97.7566
Nixon,TX,29.3016,-97.7529
Smiley,TX,29.2655,-97.6227
Belmont,TX,29.5233,-97.6839
Cost,TX,29.4321,-97.5531
Gonzales,TX,29.5086,-97.4495
Harwood,TX,29.6661,-97.4906
Ottine,TX,29.5952,-97.5911
Wrightsboro,TX,29.3739,-97.565
Waelder,TX,29.6868,-97.2958
Alanreed,TX,35.2273,-100.7592
Lefors,TX,35.4391,-100.8059
Mclean,TX,35.2312,-100.6008
Pampa,TX,35.5357,-100.95695
Denison,TX,33.73095,-96.53655
Gunter,TX,33.4495,-96.7341
Pottsboro,TX,33.8095,-96.6906
Sherman,TX,33.6388,-96.6116
Bells,TX,33.6178,-96.4237
Howe,TX,33.5311,-96.6777
Tom Bean,TX,33.5193,-96.4843
Whitewright,TX,33.519,-96.451
Van Alstyne,TX,33.4292,-96.5486
Collinsville,TX,33.558,-96.9014
Gordonville,TX,33.8343,-96.8403
Sadler,TX,33.731,-96.84
Southmayd,TX,33.6304,-96.7692
Tioga,TX,33.4675,-96.9097
Whitesboro,TX,33.659,-96.879
Longview,TX,32.509956,-94.764822
Easton,TX,32.3874,-94.583
Gladewater,TX,32.5559,-94.932
Judson,TX,32.5826,-94.7535
Kilgore,TX,32.3853,-94.8802
White Oak,TX,32.5383,-94.8622
Plantersville,TX,30.2969,-95.8498
Anderson,TX,30.5443,-96.0018
Bedias,TX,30.7065,-95.9546
Iola,TX,30.7326,-96.0911
Navasota,TX,30.3576,-96.0594
Richards,TX,30.5796,-95.8959
Roans Prairie,TX,30.6075,-95.9579
Shiro,TX,30.6133,-95.8883
Cibolo,TX,29.575,-98.228
Geronimo,TX,29.5451,-98.0408
Mc Queeney,TX,29.6023,-98.0492
Marion,TX,29.5683,-98.1517
Schertz,TX,29.579,-98.2778
Seguin,TX,29.58655,-97.967
Kingsbury,TX,29.6726,-97.8306
Staples,TX,29.7706,-97.8186
Cotton Center,TX,33.9753,-102.0314
Edmonson,TX,34.2789,-101.8941
Hale Center,TX,34.0669,-101.8736
Plainview,TX,34.13255,-101.77645
Petersburg,TX,33.8768,-101.6046
Abernathy,TX,33.85,-101.8611
Estelline,TX,34.5303,-100.4455
Lakeview,TX,34.6724,-100.7259
Memphis,TX,34.7122,-100.5347
Turkey,TX,34.4036,-100.8449
Carlton,TX,31.8949,-98.1842
Hico,TX,31.9597,-98.0249
Hamilton,TX,31.6781,-98.1131
Pottsville,TX,31.6732,-98.3256
Gruver,TX,36.2868,-101.4089
Morse,TX,36.0596,-101.4729
Spearman,TX,36.1927,-101.1952
Chillicothe,TX,34.2439,-99.5157
Quanah,TX,34.2955,-99.7494
Thicket,TX,30.3765,-94.6361
Votaw,TX,30.4334,-94.6804
Batson,TX,30.225,-94.6096
Saratoga,TX,30.2841,-94.5294
Kountze,TX,30.3703,-94.3259
Silsbee,TX,30.3244,-94.1907
Lumberton,TX,30.2818,-94.2191
Sour Lake,TX,30.1491,-94.3733
Village Mills,TX,30.5185,-94.4458
Houston,TX,29.797948,-95.419085
North Houston,TX,29.834,-95.4342
Kingwood,TX,30.049133,-95.209333
Huffman,TX,30.0565,-95.1051
Hufsmith,TX,30.1222,-95.5966
Humble,TX,29.98945,-95.244925
Spring,TX,30.1258,-95.460583
Tomball,TX,30.0677,-95.6511
Bellaire,TX,29.76815,-95.44765
Cypress,TX,29.9431,-95.6785
Alief,TX,29.7111,-95.5963
Barker,TX,29.7844,-95.6849
Hockley,TX,30.0729,-95.8104
Katy,TX,29.79285,-95.796267
Pasadena,TX,29.6566,-95.157425
Channelview,TX,29.7914,-95.1317
Crosby,TX,29.9249,-95.0578
Deer Park,TX,29.6826,-95.1222
Galena Park,TX,29.7392,-95.24
Highlands,TX,29.8296,-95.0393
La Porte,TX,29.6771,-95.03535
Seabrook,TX,29.5832,-95.037
South Houston,TX,29.6601,-95.2258
Webster,TX,29.5564,-95.144
Elysian Fields,TX,32.3685,-94.183
Hallsville,TX,32.5073,-94.5333
Harleton,TX,32.6579,-94.4652
Jonesville,TX,32.5075,-94.1106
Karnack,TX,32.6205,-94.2001
Marshall,TX,32.531733,-94.351467
Scottsville,TX,32.554,-94.2394
Waskom,TX,32.5184,-94.1355
Woodlawn,TX,32.6537,-94.3427
Channing,TX,35.6837,-102.3302
Hartley,TX,35.8856,-102.3969
Weinert,TX,33.3249,-99.6664
Haskell,TX,33.158,-99.7309
O Brien,TX,33.3749,-99.8473
Rochester,TX,33.3105,-99.8594
Rule,TX,33.13065,-99.9242
Buda,TX,30.0918,-97.8534
Driftwood,TX,30.1072,-98.0327
Dripping Springs,TX,30.2268,-98.1029
Kyle,TX,29.9966,-97.8335
San Marcos,TX,29.9649,-97.972
Wimberley,TX,30.0265,-98.1123
Canadian,TX,35.9045,-100.3841
Eustace,TX,32.2965,-96.0137
Kemp,TX,32.2486,-96.2161
Malakoff,TX,32.1705,-96.006
Trinidad,TX,32.1383,-96.0831
Athens,TX,32.2043,-95.8166
Brownsboro,TX,32.304,-95.6
Chandler,TX,32.2572,-95.5393
Larue,TX,32.1608,-95.5927
Murchison,TX,32.3257,-95.7737
Poynor,TX,32.0797,-95.5938
Mcallen,TX,26.22164,-98.22942
Alamo,TX,26.1906,-98.1164
Donna,TX,26.1671,-98.0529
Edcouch,TX,26.3328,-97.9622
Edinburg,TX,26.373775,-98.17505
Elsa,TX,26.2974,-97.9884
Hargill,TX,26.4671,-98.0393
Hidalgo,TX,26.1028,-98.2536
La Blanca,TX,26.2928,-98.0378
La Joya,TX,26.2426,-98.4747
La Villa,TX,26.2999,-97.9247
Linn,TX,26.6279,-98.2498
Los Ebanos,TX,26.2434,-98.5617
Mercedes,TX,26.1513,-97.9185
Mission,TX,26.276167,-98.332067
Penitas,TX,26.278,-98.4469
Pharr,TX,26.1771,-98.187
Progreso,TX,26.0922,-97.9533
San Juan,TX,26.2044,-98.1537
Sullivan City,TX,26.272,-98.5627
Weslaco,TX,26.16445,-97.98975
Itasca,TX,32.1636,-97.146
Abbott,TX,31.8916,-97.0671
Aquilla,TX,31.8589,-97.2258
Blum,TX,32.1052,-97.3652
Brandon,TX,32.0457,-96.9606
Bynum,TX,31.9907,-96.9837
Covington,TX,32.1595,-97.2591
Hillsboro,TX,32.0149,-97.1198
Hubbard,TX,31.8436,-96.8
Irene,TX,31.9921,-96.8714
Malone,TX,31.924,-96.8907
Mertens,TX,32.0275,-96.8981
Mount Calm,TX,31.7575,-96.8944
Penelope,TX,31.8551,-96.9372
Whitney,TX,31.9713,-97.3463
Anton,TX,33.8043,-102.1652
Levelland,TX,33.586,-102.36515
Pep,TX,33.8104,-102.5656
Ropesville,TX,33.4575,-102.1584
Smyer,TX,33.5918,-102.1692
Sundown,TX,33.4482,-102.4898
Whitharral,TX,33.7354,-102.3419
Cresson,TX,32.5343,-97.6158
Granbury,TX,32.4369,-97.75135
Lipan,TX,32.5072,-97.9536
Paluxy,TX,32.2707,-97.9075
Tolar,TX,32.3772,-97.8802
Brashear,TX,33.1155,-95.7345
Como,TX,33.0107,-95.4734
Cumby,TX,33.1118,-95.7945
Dike,TX,33.2648,-95.4423
Pickton,TX,33.0519,-95.3851
Saltillo,TX,33.1767,-95.3433
Sulphur Bluff,TX,33.3334,-95.374
Sulphur Springs,TX,33.13645,-95.59665
Crockett,TX,31.3208,-95.3928
Grapeland,TX,31.4972,-95.4447
Kennard,TX,31.3384,-95.1541
Latexo,TX,31.3952,-95.4741
Lovelady,TX,31.0564,-95.5501
Ratcliff,TX,31.3916,-95.1397
Coahoma,TX,32.2942,-101.3197
Big Spring,TX,32.276,-101.4159
Forsan,TX,32.1105,-101.3669
Knott,TX,32.4125,-101.6517
Dell City,TX,31.924,-105.2099
Fort Hancock,TX,31.2985,-105.8452
Salt Flat,TX,31.8244,-105.2212
Sierra Blanca,TX,31.1938,-105.3219
Caddo Mills,TX,33.0683,-96.2391
Greenville,TX,33.141225,-96.0882
Campbell,TX,33.151,-95.9439
Celeste,TX,33.2649,-96.2076
Commerce,TX,33.2435,-95.9093
Lone Oak,TX,32.9916,-95.9434
Merit,TX,33.2427,-96.2916
Quinlan,TX,32.8983,-96.1261
Wolfe City,TX,33.3605,-96.0691
Borger,TX,35.6678,-101.3974
Fritch,TX,35.6441,-101.5845
Sanford,TX,35.702,-101.5346
Stinnett,TX,35.8377,-101.45
Barnhart,TX,31.1596,-101.1918
Mertzon,TX,31.2829,-100.8221
Bryson,TX,33.1615,-98.3874
Jacksboro,TX,33.2347,-98.1681
Jermyn,TX,33.2636,-98.3931
Perrin,TX,33.034,-98.0692
Edna,TX,28.9527,-96.6488
Francitas,TX,28.8597,-96.3386
Ganado,TX,29.0308,-96.5031
La Salle,TX,28.7671,-96.6492
La Ward,TX,28.8439,-96.4641
Lolita,TX,28.7724,-96.4793
Vanderbilt,TX,28.8068,-96.6042
Jasper,TX,30.8673,-93.9977
Kirbyville,TX,30.6583,-93.8984
Buna,TX,30.4132,-93.9913
Evadale,TX,30.3129,-94.0731
Fort Davis,TX,30.6131,-103.9364
Valentine,TX,30.62,-104.4811
China,TX,30.0108,-94.363
Groves,TX,29.9448,-93.9152
Hamshire,TX,29.8668,-94.3187
Nederland,TX,29.9716,-94.0012
Nome,TX,30.0015,-94.4189
Port Arthur,TX,29.90045,-93.972225
Port Neches,TX,29.977,-93.9626
Sabine Pass,TX,29.7336,-93.8943
Beaumont,TX,30.090154,-94.144269
Guerra,TX,26.8831,-98.8936
Hebbronville,TX,27.2997,-98.6829
Alice,TX,27.7477,-98.07665
Ben Bolt,TX,27.6475,-98.0814
Orange Grove,TX,27.9487,-97.9838
Premont,TX,27.3544,-98.133
Sandia,TX,28.025,-97.8705
Alvarado,TX,32.4395,-97.213
Burleson,TX,32.53685,-97.3149
Cleburne,TX,32.3497,-97.3707
Godley,TX,32.4282,-97.5349
Grandview,TX,32.2704,-97.1792
Joshua,TX,32.4663,-97.4011
Keene,TX,32.3937,-97.3287
Lillian,TX,32.5065,-97.1875
Venus,TX,32.433,-97.1087
Rio Vista,TX,32.2532,-97.3678
Anson,TX,32.7489,-99.8953
Avoca,TX,32.8832,-99.6964
Hamlin,TX,32.8799,-100.128
Hawley,TX,32.6423,-99.9239
Lueders,TX,32.8712,-99.5783
Stamford,TX,32.9453,-99.7859
Ecleto,TX,29.0464,-97.7514
Falls City,TX,28.9814,-98.0156
Gillett,TX,29.0514,-97.8343
Hobson,TX,28.9445,-97.9707
Karnes City,TX,28.8828,-97.9071
Kenedy,TX,28.8046,-97.8456
Panna Maria,TX,28.9562,-97.8982
Runge,TX,28.8876,-97.7138
Crandall,TX,32.6279,-96.4558
Elmo,TX,32.5996,-96.3027
Forney,TX,32.7491,-96.4598
Kaufman,TX,32.546,-96.2852
Mabank,TX,32.33285,-96.09345
Rosser,TX,32.4626,-96.4533
Scurry,TX,32.4818,-96.3925
Terrell,TX,32.74235,-96.23905
Bergheim,TX,29.8274,-98.5753
Comfort,TX,29.9677,-98.905
Kendalia,TX,29.9406,-98.5166
Waring,TX,29.9523,-98.7944
Armstrong,TX,26.8698,-97.7698
Sarita,TX,27.1496,-97.8576
Girard,TX,33.3632,-100.6937
Jayton,TX,33.2518,-100.5825
Center Point,TX,29.9441,-99.0364
Hunt,TX,30.0027,-99.4823
Ingram,TX,30.0731,-99.269
Kerrville,TX,30.0374,-99.1409
Mountain Home,TX,30.1725,-99.485
Junction,TX,30.4754,-99.7473
London,TX,30.6768,-99.5765
Roosevelt,TX,30.47,-100.0901
Guthrie,TX,33.6206,-100.3229
Brackettville,TX,29.3096,-100.4155
Kingsville,TX,27.4694,-97.8484
Riviera,TX,27.3217,-97.7787
Goree,TX,33.4748,-99.5258
Munday,TX,33.4561,-99.6326
Benjamin,TX,33.584,-99.7923
Knox City,TX,33.4183,-99.8137
Arthur City,TX,33.8643,-95.6111
Blossom,TX,33.6945,-95.3823
Brookston,TX,33.6246,-95.6888
Chicota,TX,33.869,-95.5711
Cunningham,TX,33.409,-95.3711
Deport,TX,33.5221,-95.3654
Paris,TX,33.6665,-95.527967
Pattonville,TX,33.5702,-95.3908
Petty,TX,33.6098,-95.7891
Powderly,TX,33.7779,-95.5307
Roxton,TX,33.5429,-95.7416
Sumner,TX,33.7589,-95.6807
Earth,TX,34.2415,-102.4213
Olton,TX,34.1844,-102.1414
Springlake,TX,34.2393,-102.309
Amherst,TX,33.9976,-102.4416
Fieldton,TX,34.053,-102.206
Littlefield,TX,33.9212,-102.3207
Spade,TX,33.9256,-102.1564
Sudan,TX,34.0697,-102.5255
Kempner,TX,31.0887,-98.0099
Lampasas,TX,31.068,-98.1834
Bend,TX,31.1123,-98.4821
Lometa,TX,31.2167,-98.4006
Artesia Wells,TX,28.2639,-99.2802
Cotulla,TX,28.4398,-99.2328
Encinal,TX,28.0405,-99.3563
Fowlerton,TX,28.4887,-98.8518
Hallettsville,TX,29.4426,-96.9234
Moulton,TX,29.57,-97.1031
Shiner,TX,29.428,-97.164
Sublime,TX,29.4876,-96.7946
Sweet Home,TX,29.3426,-97.0756
Yoakum,TX,29.284,-97.1306
Dime Box,TX,30.3579,-96.8248
Giddings,TX,30.1777,-96.9332
Lexington,TX,30.4191,-97.0524
Lincoln,TX,30.3177,-96.9702
Buffalo,TX,31.4121,-95.9904
Centerville,TX,31.272,-95.9213
Jewett,TX,31.3739,-96.1918
Leona,TX,31.1421,-95.9284
Oakwood,TX,31.5849,-95.8491
Concord,TX,31.3138,-95.9935
Flynn,TX,31.1593,-96.1234
Marquez,TX,31.2309,-96.2375
Normangee,TX,31.0705,-96.125
Cleveland,TX,30.36315,-95.1071
Romayor,TX,30.4513,-94.8433
Rye,TX,30.4596,-94.7436
Daisetta,TX,30.1133,-94.643
Dayton,TX,30.0102,-94.8787
Devers,TX,29.9978,-94.5746
Hardin,TX,30.151,-94.7338
Hull,TX,30.1463,-94.6424
Liberty,TX,30.0946,-94.7378
Raywood,TX,30.0542,-94.6764
Coolidge,TX,31.7438,-96.6577
Groesbeck,TX,31.5357,-96.5234
Kosse,TX,31.3147,-96.6195
Mexia,TX,31.6784,-96.4952
Prairie Hill,TX,31.6591,-96.8094
Tehuacana,TX,31.7504,-96.5416
Thornton,TX,31.4083,-96.5024
Booker,TX,36.4429,-100.5238
Darrouzett,TX,36.4453,-100.3254
Follett,TX,36.4309,-100.2068
Higgins,TX,36.1365,-100.0952
Lipscomb,TX,36.223,-100.2702
George West,TX,28.3204,-98.1162
Oakville,TX,28.4492,-98.1019
Three Rivers,TX,28.4756,-98.1782
Whitsett,TX,28.6373,-98.2565
Dinero,TX,28.2264,-97.9617
Castell,TX,30.701,-98.9564
Valley Spring,TX,30.866,-98.8357
Bluffton,TX,30.8256,-98.515
Buchanan Dam,TX,30.7538,-98.4295
Kingsland,TX,30.6662,-98.4475
Llano,TX,30.7151,-98.6109
Horseshoe Bay,TX,30.5443,-98.3739
Tow,TX,30.8609,-98.4596
Mentone,TX,31.7068,-103.5988
Idalou,TX,33.6504,-101.6786
New Deal,TX,33.7296,-101.8355
Shallowater,TX,33.6919,-101.9836
Slaton,TX,33.4373,-101.6435
Ransom Canyon,TX,33.5334,-101.6796
Wolfforth,TX,33.5059,-102.0091
Lubbock,TX,33.574273,-101.871115
Odonnell,TX,32.9773,-101.8271
Tahoka,TX,33.1988,-101.822
Wilson,TX,33.3299,-101.7122
New Home,TX,33.3451,-101.9203
Brady,TX,31.1509,-99.3372
Doole,TX,31.3957,-99.599
Lohn,TX,31.3173,-99.3833
Melvin,TX,31.1952,-99.5798
Rochelle,TX,31.3,-99.1572
Voca,TX,30.9959,-99.1682
Eddy,TX,31.3088,-97.2774
Moody,TX,31.2533,-97.41
Axtell,TX,31.661,-96.9882
Bruceville,TX,31.3267,-97.2342
China Spring,TX,31.6673,-97.3002
Crawford,TX,31.5598,-97.39
Elm Mott,TX,31.6725,-97.1138
Hewitt,TX,31.4582,-97.1966
Leroy,TX,31.7316,-97.0178
Lorena,TX,31.4093,-97.2302
Mc Gregor,TX,31.4431,-97.3943
Mart,TX,31.5458,-96.8381
Riesel,TX,31.5002,-96.9476
Ross,TX,31.7173,-97.1188
West,TX,31.7754,-97.1258
Waco,TX,31.554531,-97.162744
Woodway,TX,31.5051,-97.2311
Calliham,TX,28.4805,-98.3503
Tilden,TX,28.4198,-98.5693
Midway,TX,30.9806,-95.7089
Madisonville,TX,30.9533,-95.9091
North Zulch,TX,30.9285,-96.0925
Lodi,TX,32.8718,-94.2729
Jefferson,TX,32.8059,-94.3655
Lenorah,TX,32.3046,-101.8762
Stanton,TX,32.14,-101.8099
Tarzan,TX,32.3575,-101.9607
Art,TX,30.767,-99.0486
Fredonia,TX,30.9214,-99.1216
Mason,TX,30.7434,-99.2261
Pontotoc,TX,30.8906,-99.0212
Bay City,TX,28.9232,-95.94335
Cedar Lane,TX,28.9386,-95.7366
Blessing,TX,28.8649,-96.218
Collegeport,TX,28.7253,-96.175
Elmaton,TX,28.8864,-96.14
Markham,TX,28.9547,-96.0928
Matagorda,TX,28.6908,-95.9675
Midfield,TX,28.9362,-96.2265
Palacios,TX,28.715,-96.2154
Pledger,TX,29.1825,-95.9086
Van Vleck,TX,29.016,-95.8905
Wadsworth,TX,28.8259,-95.9046
Eagle Pass,TX,28.6909,-100.4801
El Indio,TX,28.5119,-100.3112
Quemado,TX,28.9256,-100.5912
Castroville,TX,29.3553,-98.8824
Devine,TX,29.1521,-98.909
La Coste,TX,29.3082,-98.8125
Mico,TX,29.5441,-98.9231
Natalia,TX,29.2117,-98.8552
Rio Medina,TX,29.4612,-98.8694
D Hanis,TX,29.3398,-99.2835
Hondo,TX,29.3475,-99.1414
Yancey,TX,29.1404,-99.1428
Fort Mc Kavett,TX,30.829,-100.0809
Hext,TX,30.8816,-99.554
Menard,TX,30.9119,-99.7847
Midland,TX,31.939173,-102.066982
Buckholts,TX,30.8858,-97.1241
Burlington,TX,30.9736,-96.9642
Cameron,TX,30.8527,-96.9766
Davilla,TX,30.7857,-97.275
Milano,TX,30.7304,-96.8807
Rockdale,TX,30.6583,-97.0079
Thorndale,TX,30.6082,-97.1764
Gause,TX,30.7833,-96.7237
Goldthwaite,TX,31.4458,-98.5744
Mullin,TX,31.5748,-98.6635
Priddy,TX,31.641,-98.5276
Star,TX,31.4685,-98.3161
Colorado City,TX,32.3987,-100.8609
Loraine,TX,32.4112,-100.7123
Westbrook,TX,32.3627,-101.043
Bowie,TX,33.5568,-97.8373
Forestburg,TX,33.5398,-97.5848
Montague,TX,33.6639,-97.7282
Nocona,TX,33.7982,-97.727
Ringgold,TX,33.8164,-97.944
Saint Jo,TX,33.744,-97.5568
Sunset,TX,33.4539,-97.7709
Conroe,TX,30.271387,-95.412913
Montgomery,TX,30.3999,-95.6977
Willis,TX,30.44285,-95.495
Dobbin,TX,30.3365,-95.7723
Magnolia,TX,30.200833,-95.6804
New Caney,TX,30.1579,-95.198
Pinehurst,TX,30.1581,-95.6814
Porter,TX,30.1237,-95.2686
Splendora,TX,30.2326,-95.1993
Cactus,TX,36.0412,-102.0007
Dumas,TX,35.8823,-101.968
Masterson,TX,35.6359,-101.9602
Sunray,TX,36.0097,-101.8123
Naples,TX,33.1912,-94.6891
Omaha,TX,33.1808,-94.7639
Cason,TX,33.024,-94.8249
Daingerfield,TX,33.0313,-94.7359
Lone Star,TX,32.9252,-94.7049
Flomot,TX,34.2321,-101.0038
Matador,TX,34.0525,-100.8361
Roaring Springs,TX,33.8977,-100.8528
Cushing,TX,31.7978,-94.8539
Sacul,TX,31.8254,-94.9189
Chireno,TX,31.5119,-94.4302
Douglass,TX,31.6578,-94.8696
Etoile,TX,31.3601,-94.4064
Garrison,TX,31.8111,-94.5266
Martinsville,TX,31.6427,-94.4141
Nacogdoches,TX,31.65168,-94.6163
Woden,TX,31.5037,-94.525
Barry,TX,32.1014,-96.6251
Chatfield,TX,32.2954,-96.3887
Corsicana,TX,32.047633,-96.456533
Kerens,TX,32.1275,-96.2298
Powell,TX,32.1196,-96.3327
Blooming Grove,TX,32.0758,-96.701
Dawson,TX,31.8974,-96.7085
Frost,TX,32.0275,-96.7684
Purdon,TX,31.9483,-96.5856
Richland,TX,31.9018,-96.4373
Bon Wier,TX,30.6876,-93.7665
Burkeville,TX,31.0099,-93.6585
Call,TX,30.5741,-93.8334
Newton,TX,30.8351,-93.7497
Wiergate,TX,31.0414,-93.8039
Deweyville,TX,30.2894,-93.7488
Blackwell,TX,32.082,-100.3111
Maryneal,TX,32.2026,-100.4972
Nolan,TX,32.2919,-100.2107
Roscoe,TX,32.4276,-100.5391
Sweetwater,TX,32.4726,-100.3979
Agua Dulce,TX,27.7817,-97.9086
Banquete,TX,27.8051,-97.7922
Bishop,TX,27.5886,-97.783
Chapman Ranch,TX,27.5988,-97.462
Driscoll,TX,27.6745,-97.7486
Port Aransas,TX,27.7707,-97.1051
Robstown,TX,27.7984,-97.6995
Corpus Christi,TX,27.76236,-97.434843
Farnsworth,TX,36.2963,-100.9843
Perryton,TX,36.3748,-100.8156
Waka,TX,36.2716,-101.0443
Adrian,TX,35.2748,-102.6652
Boys Ranch,TX,35.5314,-102.2541
Vega,TX,35.2241,-102.4214
Wildorado,TX,35.1916,-102.2118
Bridge City,TX,30.0192,-93.8326
Mauriceville,TX,30.204,-93.8866
Orange,TX,30.1138,-93.814467
Orangefield,TX,30.0631,-93.8599
Vidor,TX,30.1409,-94.00815
Mineral Wells,TX,32.8085,-98.1128
Graford,TX,32.9242,-98.337
Gordon,TX,32.5478,-98.3632
Mingus,TX,32.5381,-98.4219
Santo,TX,32.5979,-98.1797
Strawn,TX,32.5945,-98.4995
Palo Pinto,TX,32.7673,-98.2987
Beckville,TX,32.2452,-94.4555
Carthage,TX,32.1544,-94.3527
Clayton,TX,32.1027,-94.4935
De Berry,TX,32.2543,-94.1356
Gary,TX,32.0334,-94.38
Long Branch,TX,32.0449,-94.5381
Panola,TX,32.3579,-94.0913
Aledo,TX,32.7004,-97.6039
Millsap,TX,32.7457,-97.9561
Springtown,TX,32.966,-97.6836
Weatherford,TX,32.77995,-97.772875
Azle,TX,32.8996,-97.5524
Dennis,TX,32.6187,-97.9267
Peaster,TX,32.8721,-97.8667
Poolville,TX,32.968,-97.8472
Whitt,TX,32.9555,-98.021
Bovina,TX,34.5137,-102.883
Friona,TX,34.6417,-102.7241
Lazbuddie,TX,34.3847,-102.587
Farwell,TX,34.386,-102.9901
Coyanosa,TX,31.2295,-103.0538
Fort Stockton,TX,30.8908,-102.8799
Girvin,TX,31.0629,-102.3885
Imperial,TX,31.2729,-102.6926
Iraan,TX,30.9156,-101.9152
Sheffield,TX,30.6935,-101.86
Camden,TX,30.9,-94.7547
Corrigan,TX,31.0408,-94.8124
Moscow,TX,30.9179,-94.8544
Ace,TX,30.5209,-94.8221
Dallardsville,TX,30.6285,-94.6319
Goodrich,TX,30.6079,-94.9592
Leggett,TX,30.8568,-94.8561
Livingston,TX,30.7504,-94.88335
Onalaska,TX,30.8225,-95.1056
Bushland,TX,35.2664,-102.0978
Amarillo,TX,35.253452,-101.865656
Marfa,TX,30.293,-104.0848
Presidio,TX,29.5573,-104.3551
Redford,TX,29.4702,-104.0055
Alba,TX,32.7652,-95.5971
Emory,TX,32.875,-95.7418
Point,TX,32.9007,-95.8903
Canyon,TX,34.97875,-101.92175
Umbarger,TX,34.901,-102.0788
Big Lake,TX,31.417,-101.5423
Camp Wood,TX,29.6795,-100.0084
Leakey,TX,29.769,-99.7479
Rio Frio,TX,29.6495,-99.7165
Bagwell,TX,33.8361,-95.1487
Bogata,TX,33.4699,-95.1937
Clarksville,TX,33.6236,-95.0461
Detroit,TX,33.6627,-95.2385
Annona,TX,33.5535,-94.8992
Avery,TX,33.5339,-94.7867
Balmorhea,TX,30.9843,-103.7446
Orla,TX,31.864,-103.9297
Pecos,TX,31.4467,-103.5791
Saragosa,TX,31.0428,-103.6364
Toyah,TX,31.282,-103.8057
Toyahvale,TX,30.9443,-103.7893
Austwell,TX,28.4023,-96.853
Tivoli,TX,28.4587,-96.8928
Bayside,TX,28.0968,-97.2106
Refugio,TX,28.3169,-97.2767
Woodsboro,TX,28.2232,-97.3192
Miami,TX,35.7193,-100.7027
Bremond,TX,31.156,-96.6697
Calvert,TX,30.9782,-96.6711
Franklin,TX,31.0001,-96.5171
Hearne,TX,30.8669,-96.5843
Mumford,TX,30.7344,-96.565
New Baden,TX,31.051,-96.4291
Wheelock,TX,30.8977,-96.39
Rockwall,TX,32.9176,-96.42565
Fate,TX,32.9415,-96.3814
Royse City,TX,32.9628,-96.3648
Ballinger,TX,31.7468,-99.9589
Miles,TX,31.6121,-100.1823
Norton,TX,31.8795,-100.1315
Rowena,TX,31.6436,-100.0191
Wingate,TX,32.0318,-100.1183
Winters,TX,31.962,-99.9551
Henderson,TX,32.1641,-94.7772
Joinerville,TX,32.1959,-94.9065
Laird Hill,TX,32.3532,-94.9055
Laneville,TX,31.9508,-94.866
Minden,TX,32.0028,-94.7129
Mount Enterprise,TX,31.9125,-94.6235
New London,TX,32.2542,-94.9322
Overton,TX,32.269,-94.9529
Price,TX,32.1518,-94.9554
Selman City,TX,32.1826,-94.9355
Tatum,TX,32.3266,-94.596
Bronson,TX,31.3391,-93.9993
Brookeland,TX,31.0922,-93.9684
Hemphill,TX,31.3161,-93.7905
Milam,TX,31.4324,-93.8457
Pineland,TX,31.2418,-93.9754
Broaddus,TX,31.2952,-94.2156
San Augustine,TX,31.5152,-94.1326
Coldspring,TX,30.6027,-95.1086
Oakhurst,TX,30.7126,-95.3095
Pointblank,TX,30.7593,-95.2295
Shepherd,TX,30.498,-94.9966
Aransas Pass,TX,27.911,-97.17375
Edroy,TX,27.9736,-97.6761
Gregory,TX,27.9222,-97.29
Ingleside,TX,27.8682,-97.2069
Mathis,TX,28.0802,-97.8097
Odem,TX,27.9403,-97.5838
Portland,TX,27.8935,-97.3169
Sinton,TX,28.0339,-97.5196
Taft,TX,27.9765,-97.3966
Cherokee,TX,30.9806,-98.6633
Richland Springs,TX,31.3003,-98.9128
San Saba,TX,31.1627,-98.7309
Eldorado,TX,30.8667,-100.5889
Dunn,TX,32.5671,-100.8854
Fluvanna,TX,32.853,-101.103
Hermleigh,TX,32.6294,-100.7547
Ira,TX,32.5821,-101.0021
Snyder,TX,32.7315,-100.91755
Albany,TX,32.719,-99.3196
Moran,TX,32.5549,-99.1656
Center,TX,31.7865,-94.1869
Joaquin,TX,31.944,-94.0608
Shelbyville,TX,31.7131,-93.9698
Tenaha,TX,31.9408,-94.2488
Timpson,TX,31.8841,-94.3967
Texhoma,TX,36.5055,-101.7829
Stratford,TX,36.3335,-101.9886
Tyler,TX,32.36886,-95.289087
Arp,TX,32.2418,-95.0639
Bullard,TX,32.1095,-95.3342
Flint,TX,32.2079,-95.3948
Lindale,TX,32.5062,-95.4006
Troup,TX,32.1117,-95.1155
Whitehouse,TX,32.222,-95.2266
Winona,TX,32.4662,-95.1246
Glen Rose,TX,32.2298,-97.7629
Nemo,TX,32.2713,-97.6567
Rainbow,TX,32.2812,-97.7065
Delmita,TX,26.6801,-98.4125
Falcon Heights,TX,26.562,-99.1335
Garciasville,TX,26.3396,-98.6876
Grulla,TX,26.2897,-98.6479
Rio Grande City,TX,26.3942,-98.8104
Roma,TX,26.4215,-99.0025
Salineno,TX,26.5164,-99.1123
San Isidro,TX,26.7167,-98.4539
Santa Elena,TX,26.5808,-98.5138
Breckenridge,TX,32.7532,-98.9099
Caddo,TX,32.6886,-98.659
Sterling City,TX,31.8351,-101.0017
Aspermont,TX,33.1301,-100.2344
Old Glory,TX,33.1298,-100.0559
Sonora,TX,30.5558,-100.6307
Happy,TX,34.7219,-101.8256
Kress,TX,34.3737,-101.737
Tulia,TX,34.5583,-101.8039
Arlington,TX,32.719568,-97.1604
Bedford,TX,32.842433,-97.141433
Colleyville,TX,32.8872,-97.146
Crowley,TX,32.5814,-97.3703
Euless,TX,32.8423,-97.0902
Grapevine,TX,32.93355,-97.07945
Haslet,TX,32.9557,-97.3372
Hurst,TX,32.83845,-97.17555
Kennedale,TX,32.6432,-97.2139
Mansfield,TX,32.5773,-97.1416
Southlake,TX,32.9485,-97.1524
Fort Worth,TX,32.76022,-97.314932
Haltom City,TX,32.8087,-97.2709
Naval Air Station Jrb,TX,32.7254,-97.3208
North Richland Hills,TX,32.8614,-97.2174
Keller,TX,32.9293,-97.2666
Buffalo Gap,TX,32.2894,-99.8103
Lawn,TX,32.136,-99.7351
Merkel,TX,32.4444,-99.9924
Ovalo,TX,32.1553,-99.8229
Trent,TX,32.4898,-100.1195
Tuscola,TX,32.235,-99.8244
Tye,TX,32.4477,-99.8684
Abilene,TX,32.44656,-99.73943
Dyess Afb,TX,32.419,-99.8221
Dryden,TX,30.0446,-102.1146
Sanderson,TX,30.1221,-102.3974
Brownfield,TX,33.1698,-102.2762
Meadow,TX,33.3321,-102.2492
Wellman,TX,33.0473,-102.4282
Throckmorton,TX,33.1794,-99.1838
Woodson,TX,33.0741,-99.0546
Mount Pleasant,TX,33.16505,-94.9689
Winfield,TX,33.1673,-95.1119
Cookville,TX,33.2432,-94.8747
Veribest,TX,31.4766,-100.2595
San Angelo,TX,31.460629,-100.443057
Goodfellow Afb,TX,31.4321,-100.4022
Carlsbad,TX,31.6266,-100.6694
Christoval,TX,31.2346,-100.5203
Knickerbocker,TX,31.2501,-100.592
Mereta,TX,31.4518,-100.1349
Vancourt,TX,31.3132,-100.1328
Wall,TX,31.3741,-100.3076
Water Valley,TX,31.6453,-100.716
Austin,TX,30.309436,-97.762286
Del Valle,TX,30.1745,-97.6134
Leander,TX,30.5371,-97.8925
Mc Neil,TX,30.3264,-97.7713
Manchaca,TX,30.1238,-97.8393
Manor,TX,30.3388,-97.5323
Pflugerville,TX,30.44075,-97.62495
Spicewood,TX,30.3899,-98.0539
Centralia,TX,31.258,-95.0399
Groveton,TX,31.0651,-95.0969
Pennington,TX,31.1953,-95.2469
Trinity,TX,30.942,-95.3403
Woodlake,TX,31.0288,-95.033
Apple Springs,TX,31.2269,-94.9812
Chester,TX,30.9447,-94.5554
Colmesneil,TX,30.9007,-94.3916
Doucette,TX,30.8183,-94.4288
Woodville,TX,30.7752,-94.4155
Fred,TX,30.5678,-94.18
Hillister,TX,30.675,-94.3534
Spurger,TX,30.6387,-94.1663
Warren,TX,30.5978,-94.412
Diana,TX,32.7698,-94.7032
Gilmer,TX,32.6645,-94.91025
Ore City,TX,32.7856,-94.7514
Big Sandy,TX,32.59665,-95.10965
Mc Camey,TX,31.1319,-102.2153
Midkiff,TX,31.5424,-101.9244
Rankin,TX,31.2266,-101.9441
Uvalde,TX,29.22045,-99.78625
Concan,TX,29.4952,-99.7126
Knippa,TX,29.2911,-99.6372
Sabinal,TX,29.3267,-99.4781
Utopia,TX,29.5972,-99.5585
Comstock,TX,29.7484,-101.2628
Del Rio,TX,29.38285,-100.913275
Laughlin Afb,TX,29.3627,-100.8968
Langtry,TX,29.8085,-101.5587
Canton,TX,32.5143,-95.9047
Edgewood,TX,32.7003,-95.878
Fruitvale,TX,32.677,-95.7899
Grand Saline,TX,32.6635,-95.7064
Wills Point,TX,32.7283,-96.0079
Ben Wheeler,TX,32.4126,-95.6371
Van,TX,32.5283,-95.6545
Victoria,TX,28.83196,-97.02726
Bloomington,TX,28.6495,-96.8945
Inez,TX,28.8994,-96.8003
Mcfaddin,TX,28.5511,-97.0099
Nursery,TX,28.9543,-97.0906
Placedo,TX,28.6923,-96.8254
Telferner,TX,28.8489,-96.8905
Huntsville,TX,30.735163,-95.565762
Dodge,TX,30.772,-95.3838
New Waverly,TX,30.5354,-95.4532
Riverside,TX,30.853,-95.4036
Brookshire,TX,29.8072,-95.9755
Hempstead,TX,30.092,-96.0716
Prairie View,TX,30.0836,-95.9866
Pattison,TX,29.8173,-96.0073
Waller,TX,30.071,-95.9253
Barstow,TX,31.4639,-103.3971
Grandfalls,TX,31.3459,-102.8568
Monahans,TX,31.5813,-102.9003
Pyote,TX,31.5387,-103.1267
Wickett,TX,31.5692,-103.0067
Chappell Hill,TX,30.1833,-96.2347
Brenham,TX,30.17215,-96.40025
Burton,TX,30.1767,-96.5925
Washington,TX,30.3182,-96.2249
Laredo,TX,27.518557,-99.461743
Bruni,TX,27.4295,-98.8385
Mirando City,TX,27.445,-99.0011
Oilton,TX,27.4685,-98.9586
Boling,TX,29.2529,-95.974
Danevang,TX,29.0575,-96.2075
East Bernard,TX,29.4705,-96.1211
Egypt,TX,29.405,-96.2369
El Campo,TX,29.2008,-96.2743
Glen Flora,TX,29.3475,-96.1933
Hungerford,TX,29.4137,-96.0929
Lane City,TX,29.2161,-96.0263
Lissie,TX,29.5353,-96.2303
Louise,TX,29.1114,-96.4033
Pierce,TX,29.2052,-96.1369
Wharton,TX,29.3205,-96.0858
Allison,TX,35.6059,-100.1007
Briscoe,TX,35.5855,-100.1679
Mobeetie,TX,35.5297,-100.4242
Shamrock,TX,35.2142,-100.249
Wheeler,TX,35.4319,-100.2568
Wichita Falls,TX,33.90615,-98.504638
Sheppard Afb,TX,33.9824,-98.5088
Burkburnett,TX,34.086,-98.5708
Electra,TX,34.0362,-98.9155
Iowa Park,TX,33.9423,-98.6745
Kamay,TX,33.8579,-98.8081
Harrold,TX,34.0806,-99.0323
Oklaunion,TX,34.1295,-99.1429
Vernon,TX,34.15225,-99.28465
Odell,TX,34.3452,-99.4196
Lasara,TX,26.4648,-97.9111
Lyford,TX,26.4089,-97.7817
Raymondville,TX,26.4792,-97.7967
San Perlita,TX,26.5012,-97.6397
Sebastian,TX,26.344,-97.8123
Port Mansfield,TX,26.5548,-97.425
Florence,TX,30.8076,-97.7812
Granger,TX,30.7398,-97.4451
Jarrell,TX,30.8119,-97.5942
Schwertner,TX,30.8155,-97.5142
Taylor,TX,30.5708,-97.4094
Thrall,TX,30.592,-97.2893
Cedar Park,TX,30.5052,-97.8203
Coupland,TX,30.4872,-97.3676
Georgetown,TX,30.656125,-97.713325
Hutto,TX,30.5257,-97.5672
Liberty Hill,TX,30.663,-97.9316
Round Rock,TX,30.584617,-97.637117
Walburg,TX,30.7415,-97.5891
Weir,TX,30.6747,-97.5929
Floresville,TX,29.1693,-98.1936
La Vernia,TX,29.3509,-98.113
Pandora,TX,29.2484,-97.8287
Poth,TX,29.0619,-98.0825
Stockdale,TX,29.2319,-97.9351
Sutherland Springs,TX,29.2888,-98.0509
Kermit,TX,31.855,-103.0913
Wink,TX,31.7527,-103.1561
Boyd,TX,33.0594,-97.5868
Newark,TX,33.007,-97.4923
Paradise,TX,33.0826,-97.6974
Rhome,TX,33.054,-97.4817
Alvord,TX,33.3698,-97.6885
Decatur,TX,33.2351,-97.574
Greenwood,TX,33.407,-97.4716
Slidell,TX,33.378,-97.3922
Bridgeport,TX,33.187,-97.781
Chico,TX,33.3193,-97.8031
Golden,TX,32.7299,-95.5636
Winnsboro,TX,32.9146,-95.2726
Yantis,TX,32.9257,-95.5311
Hawkins,TX,32.6439,-95.222
Mineola,TX,32.6661,-95.487
Quitman,TX,32.8049,-95.4302
Denver City,TX,32.9711,-102.8313
Plains,TX,33.1894,-102.8294
Tokio,TX,33.1826,-102.5768
Newcastle,TX,33.1901,-98.7446
Olney,TX,33.3601,-98.7427
Graham,TX,33.0993,-98.5832
Loving,TX,33.2689,-98.5024
South Bend,TX,33.0052,-98.6892
San Ygnacio,TX,27.0425,-99.44
Zapata,TX,26.8897,-99.2506
Lopeno,TX,26.7114,-99.11
Batesville,TX,28.9286,-99.6115
Crystal City,TX,28.687,-99.8264
La Pryor,TX,28.9488,-99.8507
Beaver,UT,38.2807,-112.6299
Greenville,UT,38.2544,-112.7124
Milford,UT,38.3311,-112.9934
Minersville,UT,38.2149,-112.9231
Bear River City,UT,41.6093,-112.1241
Brigham City,UT,41.5079,-112.0152
Collinston,UT,41.7813,-112.0666
Corinne,UT,41.545,-112.1514
Deweyville,UT,41.6972,-112.0947
Fielding,UT,41.8118,-112.119
Garland,UT,41.7413,-112.1516
Grouse Creek,UT,41.7094,-113.8833
Honeyville,UT,41.652,-112.105
Howell,UT,41.7733,-112.3968
Mantua,UT,41.4975,-111.9416
Park Valley,UT,41.8551,-113.3478
Plymouth,UT,41.8831,-112.1388
Portage,UT,41.9757,-112.2384
Riverside,UT,41.7868,-112.1467
Snowville,UT,41.966,-112.7269
Tremonton,UT,41.7016,-112.1813
Willard,UT,41.3989,-112.0317
Cache Junction,UT,41.8169,-111.9982
Clarkston,UT,41.9188,-112.0486
Cornish,UT,41.9443,-111.9733
Hyde Park,UT,41.8,-111.8123
Hyrum,UT,41.6311,-111.849
Lewiston,UT,41.9701,-111.8768
Logan,UT,41.7249,-111.8401
Mendon,UT,41.71,-111.9817
Millville,UT,41.6759,-111.8185
Newton,UT,41.8627,-111.9908
Paradise,UT,41.56,-111.8297
Providence,UT,41.7,-111.8123
Richmond,UT,41.9282,-111.8069
Smithfield,UT,41.8403,-111.8528
Trenton,UT,41.9105,-111.934
Wellsville,UT,41.6343,-111.9317
Price,UT,39.602,-110.8081
East Carbon,UT,39.5461,-110.4113
Helper,UT,39.6737,-110.856
Kenilworth,UT,39.6884,-110.8073
Sunnyside,UT,39.5514,-110.3879
Wellington,UT,39.5423,-110.735
Dutch John,UT,40.9291,-109.391
Manila,UT,40.9685,-109.7235
Bountiful,UT,40.88345,-111.87675
Centerville,UT,40.9268,-111.877
Clearfield,UT,41.0679,-112.063433
Farmington,UT,40.9889,-111.8938
Kaysville,UT,41.0375,-111.9326
Layton,UT,41.08625,-111.9489
North Salt Lake,UT,40.8446,-111.9191
Hill Afb,UT,41.1202,-111.9898
Syracuse,UT,41.0864,-112.0451
Woods Cross,UT,40.8874,-111.9027
Altamont,UT,40.3514,-110.2754
Altonah,UT,40.4013,-110.2938
Bluebell,UT,40.3594,-110.2174
Duchesne,UT,40.1633,-110.4029
Fruitland,UT,40.1575,-110.8226
Hanna,UT,40.4501,-110.8097
Mountain Home,UT,40.3922,-110.4291
Myton,UT,40.194,-110.0481
Neola,UT,40.45,-110.0181
Roosevelt,UT,40.3102,-110.0108
Tabiona,UT,40.3827,-110.7021
Talmage,UT,40.3207,-110.436
Castle Dale,UT,39.2122,-111.0196
Clawson,UT,39.1198,-111.1008
Cleveland,UT,39.3489,-110.8516
Elmo,UT,39.4033,-110.81
Emery,UT,38.9226,-111.2512
Ferron,UT,39.0692,-111.1467
Green River,UT,39.0002,-110.1598
Huntington,UT,39.3266,-110.9646
Orangeville,UT,39.2302,-111.0518
Antimony,UT,38.1015,-111.993
Boulder,UT,37.9166,-111.4266
Cannonville,UT,37.5396,-112.0451
Escalante,UT,37.7698,-111.6037
Hatch,UT,37.6497,-112.4344
Henrieville,UT,37.5503,-111.9961
Panguitch,UT,37.8078,-112.4369
Bryce,UT,37.6184,-112.1735
Tropic,UT,37.6261,-112.0836
Cisco,UT,38.97,-109.3207
Moab,UT,38.5677,-109.5271
Thompson,UT,38.9711,-109.7137
Beryl,UT,37.8958,-113.6614
Brian Head,UT,37.6985,-112.8437
Cedar City,UT,37.6775,-113.0619
Kanarraville,UT,37.5389,-113.1841
Modena,UT,37.7995,-113.9193
Newcastle,UT,37.6924,-113.6272
Paragonah,UT,37.8917,-112.774
Parowan,UT,37.8449,-112.8323
Summit,UT,37.8011,-112.9363
Eureka,UT,39.9541,-112.1174
Levan,UT,39.5215,-111.9438
Mona,UT,39.8382,-111.848
Nephi,UT,39.6923,-111.8359
Alton,UT,37.4699,-112.5484
Glendale,UT,37.3219,-112.6035
Kanab,UT,37.0475,-112.5263
Mount Carmel,UT,37.2472,-112.6644
Orderville,UT,37.2744,-112.642
Duck Creek Village,UT,37.5169,-112.6636
Delta,UT,39.3755,-112.5319
Fillmore,UT,38.9805,-112.3313
Hinckley,UT,39.3308,-112.6716
Holden,UT,39.0964,-112.2834
Kanosh,UT,38.8318,-112.4561
Leamington,UT,39.5302,-112.2952
Lynndyl,UT,39.4943,-112.3979
Meadow,UT,38.8858,-112.4105
Oak City,UT,39.3729,-112.3288
Scipio,UT,39.2495,-112.1064
Garrison,UT,38.9344,-114.033
Croydon,UT,41.0689,-111.5231
Morgan,UT,41.0678,-111.7163
Circleville,UT,38.1827,-112.2329
Greenwich,UT,38.4454,-111.9023
Junction,UT,38.2439,-112.2237
Kingston,UT,38.2158,-112.2049
Marysvale,UT,38.4449,-112.2518
Garden City,UT,41.9376,-111.407
Laketown,UT,41.8107,-111.2689
Randolph,UT,41.6563,-111.1856
Woodruff,UT,41.4888,-111.1868
Bingham Canyon,UT,40.5646,-112.0977
South Jordan,UT,40.55815,-111.9418
Draper,UT,40.5046,-111.881
Magna,UT,40.7009,-112.0809
Midvale,UT,40.6152,-111.8851
Riverton,UT,40.4954,-111.9444
Sandy,UT,40.610083,-111.856267
West Jordan,UT,40.608333,-111.991067
Herriman,UT,40.5144,-112.0325
Salt Lake City,UT,40.709875,-111.888812
West Valley City,UT,40.6916,-112.0011
Aneth,UT,37.2161,-109.1871
Blanding,UT,37.5863,-109.4866
Bluff,UT,37.2844,-109.5518
La Sal,UT,38.3122,-109.2482
Mexican Hat,UT,37.1184,-109.9919
Lake Powell,UT,37.7489,-110.2269
Montezuma Creek,UT,37.2539,-109.1061
Monticello,UT,37.9217,-109.3153
Monument Valley,UT,37.0614,-110.4273
Axtell,UT,39.0532,-111.8243
Centerfield,UT,39.1251,-111.8185
Chester,UT,39.4761,-111.563
Ephraim,UT,39.36,-111.5823
Fairview,UT,39.6264,-111.4396
Fayette,UT,39.2315,-111.8497
Fountain Green,UT,39.63,-111.6352
Gunnison,UT,39.1545,-111.8167
Manti,UT,39.2683,-111.6369
Mayfield,UT,39.1154,-111.6905
Moroni,UT,39.525,-111.5905
Mount Pleasant,UT,39.5232,-111.5039
Spring City,UT,39.4671,-111.4661
Sterling,UT,39.1936,-111.6924
Wales,UT,39.4884,-111.6341
Aurora,UT,38.9222,-111.9341
Redmond,UT,39.0061,-111.8619
Salina,UT,38.956,-111.8811
Sigurd,UT,38.8482,-111.9737
Richfield,UT,38.7388,-112.0744
Annabella,UT,38.7168,-112.0657
Elsinore,UT,38.6753,-112.1489
Glenwood,UT,38.7633,-111.9902
Joseph,UT,38.6221,-112.2251
Koosharem,UT,38.5103,-111.8813
Monroe,UT,38.6578,-112.1261
Sevier,UT,38.5785,-112.3108
Coalville,UT,40.8405,-111.3228
Echo,UT,40.9892,-111.451
Henefer,UT,41.0186,-111.5011
Kamas,UT,40.6414,-111.2619
Oakley,UT,40.7243,-111.2456
Park City,UT,40.674433,-111.518433
Peoa,UT,40.7247,-111.3419
Dugway,UT,40.2708,-112.6898
Grantsville,UT,40.6005,-112.4618
Ibapah,UT,40.0366,-113.9853
Rush Valley,UT,40.3566,-112.4659
Stockton,UT,40.4415,-112.3559
Tooele,UT,40.5454,-112.3002
Vernon,UT,40.0826,-112.426
Wendover,UT,40.7372,-114.0375
Bonanza,UT,40.0211,-109.1773
Fort Duchesne,UT,40.3014,-109.8637
Jensen,UT,40.3787,-109.351
Lapoint,UT,40.4003,-109.8041
Randlett,UT,40.2186,-109.7301
Tridell,UT,40.4436,-109.8359
Vernal,UT,40.44805,-109.5378
Whiterocks,UT,40.468,-109.9307
American Fork,UT,40.3928,-111.7941
Alpine,UT,40.4616,-111.7689
Eagle Mountain,UT,40.3802,-111.991
Cedar Valley,UT,40.2959,-112.0923
Lindon,UT,40.3412,-111.7144
Lehi,UT,40.4022,-111.8907
Saratoga Springs,UT,40.3495,-111.9043
Orem,UT,40.26735,-111.655675
Pleasant Grove,UT,40.372,-111.7333
Provo,UT,40.244083,-111.64495
Elberta,UT,39.9739,-111.9554
Goshen,UT,39.953,-111.9008
Payson,UT,40.0449,-111.7321
Salem,UT,40.0113,-111.5998
Santaquin,UT,39.9737,-111.8037
Spanish Fork,UT,40.1099,-111.6462
Springville,UT,40.1625,-111.5987
Mapleton,UT,40.1337,-111.5801
Heber City,UT,40.4947,-111.4051
Midway,UT,40.5093,-111.4776
Wallsburg,UT,40.3657,-111.4649
Central,UT,37.4166,-113.6244
Enterprise,UT,37.5797,-113.6894
Gunlock,UT,37.2877,-113.7606
Hurricane,UT,37.1454,-113.3675
Ivins,UT,37.179,-113.7066
La Verkin,UT,37.2316,-113.2446
Leeds,UT,37.2386,-113.3591
New Harmony,UT,37.455,-113.268
Rockville,UT,37.1601,-113.0425
Santa Clara,UT,37.1282,-113.676
Springdale,UT,37.1862,-113.0139
Saint George,UT,37.09885,-113.5776
Toquerville,UT,37.2533,-113.2847
Virgin,UT,37.2022,-113.1854
Washington,UT,37.1364,-113.505
Pine Valley,UT,37.3898,-113.5177
Veyo,UT,37.359,-113.6668
Dammeron Valley,UT,37.2849,-113.6586
Hildale,UT,37.0044,-112.9784
Bicknell,UT,38.3278,-111.5264
Hanksville,UT,38.2521,-110.8137
Loa,UT,38.4415,-111.5958
Lyman,UT,38.3969,-111.5896
Teasdale,UT,38.2853,-111.4335
Torrey,UT,38.2969,-111.4138
Roy,UT,41.1724,-112.0382
Ogden,UT,41.239508,-111.965408
Eden,UT,41.3303,-111.8558
Hooper,UT,41.1668,-112.1364
Huntsville,UT,41.2721,-111.7618
Accomac,VA,37.7159,-75.6803
Assawoman,VA,37.8658,-75.5277
Atlantic,VA,37.9073,-75.5089
Belle Haven,VA,37.5645,-75.8694
Bloxom,VA,37.8273,-75.6156
Chincoteague Island,VA,37.9299,-75.3624
Wallops Island,VA,37.9186,-75.4905
Craddockville,VA,37.5773,-75.8646
Davis Wharf,VA,37.5529,-75.878
Greenbackville,VA,38.0064,-75.4029
Greenbush,VA,37.7681,-75.6664
Hacksneck,VA,37.6393,-75.865
Hallwood,VA,37.8837,-75.6041
Harborton,VA,37.6618,-75.8305
Horntown,VA,37.9699,-75.4716
Oak Hall,VA,37.9233,-75.54685
Jenkins Bridge,VA,37.9162,-75.6168
Keller,VA,37.6193,-75.7638
Locustville,VA,37.6534,-75.6735
Mappsville,VA,37.846,-75.5666
Mears,VA,37.8692,-75.6354
Melfa,VA,37.6407,-75.7454
Modest Town,VA,37.7904,-75.6035
Nelsonia,VA,37.8169,-75.5832
New Church,VA,37.9525,-75.5112
Onancock,VA,37.7102,-75.7528
Onley,VA,37.6704,-75.6992
Painter,VA,37.5828,-75.8066
Parksley,VA,37.7744,-75.6386
Pungoteague,VA,37.6304,-75.8135
Quinby,VA,37.5423,-75.7412
Sanford,VA,37.9229,-75.6781
Saxis,VA,37.9264,-75.722
Tangier,VA,37.8245,-75.993
Tasley,VA,37.7104,-75.7005
Temperanceville,VA,37.8954,-75.5528
Wachapreague,VA,37.6044,-75.6925
Wattsville,VA,37.9437,-75.5023
Withams,VA,37.9482,-75.6019
Charlottesville,VA,38.047155,-78.481936
Batesville,VA,38.0013,-78.7271
Covesville,VA,37.908,-78.7127
Crozet,VA,38.1296,-78.7106
Earlysville,VA,38.1578,-78.4919
Esmont,VA,37.8125,-78.6106
Free Union,VA,38.1944,-78.5849
Greenwood,VA,38.0415,-78.7833
Ivy,VA,38.0654,-78.5958
Keene,VA,37.856,-78.5699
Keswick,VA,38.0531,-78.3396
North Garden,VA,37.9336,-78.6351
White Hall,VA,38.1179,-78.6614
Howardsville,VA,37.7511,-78.6313
Scottsville,VA,37.8049,-78.474
Clifton Forge,VA,37.8203,-79.8054
Iron Gate,VA,37.7965,-79.786
Low Moor,VA,37.7887,-79.8837
Selma,VA,37.8062,-79.8404
Amelia Court House,VA,37.3428,-77.9841
Jetersville,VA,37.3176,-78.104
Mannboro,VA,37.345,-77.9449
Amherst,VA,37.6027,-79.0506
Clifford,VA,37.538,-78.9463
Madison Heights,VA,37.4531,-79.1141
Monroe,VA,37.5414,-79.1703
Sweet Briar,VA,37.5529,-79.0664
Evergreen,VA,37.3185,-78.7658
Pamplin,VA,37.2653,-78.6517
Appomattox,VA,37.353,-78.8224
Spout Spring,VA,37.3643,-78.9059
Arlington,VA,38.874333,-77.097693
Fort Myer,VA,38.8921,-77.0794
Mount Solon,VA,38.3328,-79.1028
Fishersville,VA,38.0964,-78.9929
Lyndhurst,VA,37.9744,-78.9361
Augusta Springs,VA,38.1025,-79.3195
Churchville,VA,38.2346,-79.1791
Craigsville,VA,38.0768,-79.3619
Crimora,VA,38.1684,-78.8413
Deerfield,VA,38.1842,-79.4152
Fort Defiance,VA,38.2109,-78.9326
Greenville,VA,38.0018,-79.1359
Middlebrook,VA,38.0242,-79.2812
Mint Spring,VA,38.1797,-79.1413
Mount Sidney,VA,38.2612,-78.973
New Hope,VA,38.1979,-78.9059
Steeles Tavern,VA,37.9705,-79.2233
Stuarts Draft,VA,38.0144,-79.0298
Swoope,VA,38.1591,-79.1873
Verona,VA,38.2037,-79.0059
West Augusta,VA,38.2744,-79.3201
Weyers Cave,VA,38.2931,-78.9235
Bacova,VA,38.054,-79.8437
Hot Springs,VA,37.9638,-79.8717
Millboro,VA,38.0553,-79.7464
Warm Springs,VA,38.1437,-79.8207
Williamsville,VA,38.1898,-79.5879
Goodview,VA,37.2123,-79.7429
Hardy,VA,37.2145,-79.8127
Huddleston,VA,37.1442,-79.491
Moneta,VA,37.1784,-79.6521
Montvale,VA,37.407,-79.7175
Thaxton,VA,37.36,-79.6522
Villamont,VA,37.3105,-79.7898
Bedford,VA,37.3153,-79.5331
Big Island,VA,37.5306,-79.3827
Coleman Falls,VA,37.4887,-79.3158
Forest,VA,37.3379,-79.2791
Goode,VA,37.3755,-79.4039
Lowry,VA,37.3484,-79.4271
Bastian,VA,37.1574,-81.1989
Bland,VA,37.1376,-81.0201
Ceres,VA,37.0046,-81.3643
Rocky Gap,VA,37.2578,-81.1159
Roanoke,VA,37.283661,-79.951644
Blue Ridge,VA,37.3885,-79.8172
Buchanan,VA,37.5479,-79.7123
Cloverdale,VA,37.3651,-79.9056
Daleville,VA,37.4125,-79.9211
Eagle Rock,VA,37.6667,-79.8172
Fincastle,VA,37.4911,-79.8511
Oriskany,VA,37.6165,-79.9837
Troutville,VA,37.4019,-79.8786
Glen Wilton,VA,37.7529,-79.8189
Alberta,VA,36.8806,-77.9055
Dolphin,VA,36.8318,-77.7887
Ebony,VA,36.5722,-77.9888
Freeman,VA,36.7893,-77.7208
Gasburg,VA,36.5856,-77.8836
Lawrenceville,VA,36.7342,-77.8136
Meredithville,VA,36.8088,-77.9544
Rawlings,VA,36.953,-77.8237
Valentines,VA,36.565,-77.8384
Warfield,VA,36.9011,-77.7673
White Plains,VA,36.6335,-77.9592
Brodnax,VA,36.7319,-77.9898
Davenport,VA,37.1134,-82.1501
Big Rock,VA,37.3532,-82.1968
Grundy,VA,37.2967,-82.1061
Hurley,VA,37.4017,-82.0262
Keen Mountain,VA,37.2023,-81.9862
Mavisdale,VA,37.288,-82.0274
Maxie,VA,37.3012,-82.1743
Oakwood,VA,37.2138,-81.9917
Pilgrims Knob,VA,37.2746,-81.9024
Raven,VA,37.1481,-81.8896
Rowe,VA,37.1276,-82.0274
Shortt Gap,VA,37.1573,-81.8729
Vansant,VA,37.1738,-82.1277
Whitewood,VA,37.2251,-81.8605
Wolford,VA,37.288,-82.0274
Arvonia,VA,37.6714,-78.3889
New Canton,VA,37.6645,-78.3112
Buckingham,VA,37.5833,-78.5985
Dillwyn,VA,37.4124,-78.4349
Lynchburg,VA,37.375244,-79.158544
Altavista,VA,37.1222,-79.2911
Brookneal,VA,37.0827,-78.9227
Concord,VA,37.337,-78.9804
Evington,VA,37.261,-79.2317
Gladys,VA,37.1386,-79.1048
Long Island,VA,37.0644,-79.1219
Lynch Station,VA,37.1528,-79.3297
Naruna,VA,37.2458,-79.1335
Rustburg,VA,37.2545,-79.1215
Bowling Green,VA,38.03165,-77.2634
Corbin,VA,38.1996,-77.3889
Ladysmith,VA,38.0176,-77.5153
Milford,VA,38.0058,-77.3185
Port Royal,VA,38.1621,-77.1837
Rappahannock Academy,VA,38.2079,-77.2502
Ruther Glen,VA,37.9451,-77.4714
Sparta,VA,38.0094,-77.2251
Woodford,VA,38.0847,-77.4399
Cana,VA,36.5957,-80.6705
Dugspur,VA,36.8145,-80.6123
Fancy Gap,VA,36.664,-80.6907
Hillsville,VA,36.7442,-80.7197
Lambsburg,VA,36.5775,-80.7601
Laurel Fork,VA,36.7073,-80.5148
Woodlawn,VA,36.7879,-80.8824
Charles City,VA,37.3663,-77.1082
Ruthville,VA,37.3796,-77.0348
Charlotte Court House,VA,37.0879,-78.6378
Cullen,VA,37.1552,-78.6459
Drakes Branch,VA,36.9688,-78.5615
Keysville,VA,37.0411,-78.4699
Phenix,VA,37.0925,-78.7912
Randolph,VA,36.9515,-78.7054
Red House,VA,37.1914,-78.8145
Red Oak,VA,36.7724,-78.6321
Saxe,VA,36.9053,-78.6321
Wylliesburg,VA,36.8391,-78.5982
Midlothian,VA,37.474467,-77.646433
Moseley,VA,37.426,-77.7585
Richmond,VA,37.528023,-77.474238
Chester,VA,37.3452,-77.3771
Chesterfield,VA,37.3628,-77.60055
Berryville,VA,39.1532,-77.9688
Boyce,VA,39.0698,-78.0203
Millwood,VA,39.0696,-78.0378
White Post,VA,39.058,-78.1105
New Castle,VA,37.4871,-80.1704
Paint Bank,VA,37.5745,-80.2544
Culpeper,VA,38.5117,-77.9928
Boston,VA,38.5382,-78.1423
Brandy Station,VA,38.511,-77.9037
Elkwood,VA,38.4652,-77.817
Jeffersonton,VA,38.6256,-77.9069
Lignum,VA,38.3956,-77.83
Mitchells,VA,38.3744,-78.0105
Rapidan,VA,38.3392,-78.0476
Reva,VA,38.4604,-78.1572
Richardsville,VA,38.3924,-77.7195
Rixeyville,VA,38.5852,-78.0282
Stevensburg,VA,38.4441,-77.8842
Cartersville,VA,37.6479,-78.1389
Cumberland,VA,37.5019,-78.2581
Bee,VA,37.1014,-82.1856
Birchleaf,VA,37.1394,-82.2433
Clinchco,VA,37.1406,-82.3425
Clintwood,VA,37.1592,-82.4453
Haysi,VA,37.2206,-82.2853
Mc Clure,VA,37.0814,-82.3806
Nora,VA,37.0182,-82.35
Breaks,VA,37.2959,-82.281
Ammon,VA,37.0724,-77.6475
Carson,VA,37.0393,-77.4351
Church Road,VA,37.195,-77.6646
Dewitt,VA,37.0535,-77.6426
Dinwiddie,VA,37.0833,-77.5585
Ford,VA,37.1349,-77.7364
Mc Kenney,VA,36.9986,-77.7396
Sutherland,VA,37.1901,-77.5655
Wilsons,VA,37.1157,-77.8352
Caret,VA,37.9826,-76.9614
Center Cross,VA,37.7929,-76.7548
Champlain,VA,38.0214,-76.9719
Dunnsville,VA,37.8527,-76.8475
Hustle,VA,38.0329,-77.0633
Laneview,VA,37.7681,-76.7117
Loretto,VA,38.0789,-77.0485
Tappahannock,VA,37.9146,-76.9125
Millers Tavern,VA,37.8282,-76.945
Centreville,VA,38.832033,-77.403867
Clifton,VA,38.7818,-77.3818
Chantilly,VA,38.872033,-77.414567
Herndon,VA,38.93602,-77.36426
Reston,VA,38.8949,-77.317133
Annandale,VA,38.8307,-77.2142
Burke,VA,38.8106,-77.2853
Dunn Loring,VA,38.8954,-77.2214
Fairfax,VA,38.8343,-77.287889
Fairfax Station,VA,38.7602,-77.3064
Falls Church,VA,38.873633,-77.1725
Fort Belvoir,VA,38.6947,-77.1433
Great Falls,VA,39.0039,-77.3083
Greenway,VA,38.9645,-77.2331
Lorton,VA,38.6986,-77.2159
Merrifield,VA,38.85666,-77.25468
Mc Lean,VA,38.936133,-77.18795
West Mclean,VA,38.8318,-77.2888
Mount Vernon,VA,38.7192,-77.1073
Newington,VA,38.7384,-77.185
Oakton,VA,38.8852,-77.3233
Springfield,VA,38.802189,-77.2457
Vienna,VA,38.87656,-77.27674
Alexandria,VA,38.79661,-77.087433
Marshall,VA,38.8471,-77.8756
Catlett,VA,38.637,-77.6383
Orlean,VA,38.7416,-77.9774
Paris,VA,39.0048,-77.9546
Broad Run,VA,38.8237,-77.713
Calverton,VA,38.6338,-77.6869
Casanova,VA,38.6543,-77.7025
Rectortown,VA,38.9163,-77.8648
Delaplane,VA,38.9113,-77.9674
Upperville,VA,38.97785,-77.8823
Warrenton,VA,38.723567,-77.799367
The Plains,VA,38.8707,-77.7608
Hume,VA,38.8273,-77.9949
Markham,VA,38.904,-78.0019
Bealeton,VA,38.5453,-77.7561
Goldvein,VA,38.4725,-77.6423
Midland,VA,38.5671,-77.7127
Remington,VA,38.5309,-77.8037
Somerville,VA,38.5059,-77.5956
Sumerduck,VA,38.4674,-77.7044
Check,VA,37.0446,-80.228
Copper Hill,VA,37.0556,-80.1525
Floyd,VA,36.8957,-80.3275
Indian Valley,VA,36.899,-80.5757
Willis,VA,36.8749,-80.4909
Palmyra,VA,37.8931,-78.3386
Troy,VA,37.9636,-78.2535
Bremo Bluff,VA,37.7453,-78.2672
Fork Union,VA,37.7715,-78.2355
Kents Store,VA,37.8942,-78.1208
Boones Mill,VA,37.1331,-79.9556
Callaway,VA,37.0285,-80.0496
Ferrum,VA,36.9168,-80.0349
Glade Hill,VA,36.9859,-79.773
Henry,VA,36.8393,-79.9904
Penhook,VA,36.9201,-79.6645
Redwood,VA,37.0069,-79.9139
Rocky Mount,VA,36.9891,-79.884
Union Hall,VA,37.0131,-79.6864
Wirtz,VA,37.0818,-79.7573
Winchester,VA,39.191875,-78.2048
Brucetown,VA,39.2543,-78.0664
Clear Brook,VA,39.2655,-78.0988
Cross Junction,VA,39.3744,-78.3081
Gore,VA,39.2887,-78.3417
Middletown,VA,39.02075,-78.26465
Star Tannery,VA,39.0908,-78.4343
Stephens City,VA,39.0834,-78.1907
Stephenson,VA,39.1973,-78.0941
Eggleston,VA,37.2743,-80.6343
Glen Lyn,VA,37.3669,-80.8634
Narrows,VA,37.3198,-80.8548
Newport,VA,37.3069,-80.5099
Pearisburg,VA,37.3041,-80.7267
Pembroke,VA,37.3312,-80.5975
Rich Creek,VA,37.385,-80.8227
Ripplemead,VA,37.3665,-80.6717
Staffordsville,VA,37.2491,-80.7344
Achilles,VA,37.2882,-76.426
Ark,VA,37.4323,-76.6016
Bena,VA,37.271,-76.4555
Dutton,VA,37.5001,-76.454
Gloucester,VA,37.4126,-76.5464
Gloucester Point,VA,37.2585,-76.4959
Hayes,VA,37.2916,-76.4905
Maryus,VA,37.2864,-76.4048
Ordinary,VA,37.3122,-76.5188
Schley,VA,37.3896,-76.4549
Severn,VA,37.4182,-76.5084
Ware Neck,VA,37.4004,-76.4529
White Marsh,VA,37.3632,-76.5325
Wicomico,VA,37.291,-76.5094
Woods Cross Roads,VA,37.482,-76.6362
Beaumont,VA,37.7338,-77.8881
Columbia,VA,37.7147,-78.1794
Crozier,VA,37.6718,-77.794
Goochland,VA,37.7688,-78.0112
Gum Spring,VA,37.7982,-77.9375
Hadensville,VA,37.8252,-77.9899
Maidens,VA,37.7126,-77.8315
Manakin Sabot,VA,37.638,-77.7077
Oilville,VA,37.704,-77.7853
Sandy Hook,VA,37.7526,-77.9125
State Farm,VA,37.6454,-77.8283
Whitetop,VA,36.6106,-81.5839
Elk Creek,VA,36.7306,-81.1915
Fries,VA,36.7247,-81.0042
Independence,VA,36.6294,-81.1582
Mouth Of Wilson,VA,36.6104,-81.3955
Troutdale,VA,36.8611,-81.4929
Dyke,VA,38.2705,-78.5578
Quinque,VA,38.3301,-78.475
Ruckersville,VA,38.2586,-78.4074
Stanardsville,VA,38.3121,-78.482
Jarratt,VA,36.8167,-77.47575
Skippers,VA,36.5958,-77.5921
Alton,VA,36.5894,-79.0202
Clover,VA,36.8637,-78.7862
Cluster Springs,VA,36.6113,-78.9455
Crystal Hill,VA,36.8513,-78.9179
Halifax,VA,36.7626,-78.9415
Nathalie,VA,36.9356,-78.972
Scottsburg,VA,36.7862,-78.7866
South Boston,VA,36.6963,-78.9188
Vernon Hill,VA,36.7853,-79.1095
Virgilina,VA,36.6062,-78.7605
Ashland,VA,37.7395,-77.4784
Beaverdam,VA,37.9038,-77.6308
Doswell,VA,37.8417,-77.5125
Glen Allen,VA,37.640833,-77.5015
Hanover,VA,37.7701,-77.3216
Mechanicsville,VA,37.6486,-77.33445
Rockville,VA,37.7337,-77.7
Studley,VA,37.6757,-77.2908
Montpelier,VA,37.8177,-77.6924
Henrico,VA,37.497618,-77.415636
Sandston,VA,37.5157,-77.2758
Axton,VA,36.6596,-79.712
Bassett,VA,36.7534,-80.0055
Collinsville,VA,36.7238,-79.9142
Fieldale,VA,36.7064,-79.9652
Ridgeway,VA,36.5874,-79.8686
Spencer,VA,36.5968,-80.0373
Stanleytown,VA,36.7348,-79.9465
Blue Grass,VA,38.5152,-79.5613
Doe Hill,VA,38.4321,-79.4445
Head Waters,VA,38.2946,-79.4353
Mc Dowell,VA,38.3266,-79.4988
Monterey,VA,38.4058,-79.5941
Mustoe,VA,38.386,-79.5592
Battery Park,VA,36.9965,-76.5741
Carrollton,VA,36.955,-76.543
Carrsville,VA,36.7454,-76.8365
Isle Of Wight,VA,36.8989,-76.6877
Rescue,VA,36.9969,-76.5645
Smithfield,VA,36.94,-76.66225
Windsor,VA,36.8369,-76.7324
Zuni,VA,36.8437,-76.811
Jamestown,VA,37.2235,-76.7833
Norge,VA,37.3688,-76.7705
Toano,VA,37.3901,-76.8253
Williamsburg,VA,37.303,-76.74735
Bruington,VA,37.7801,-76.9402
King And Queen Court House,VA,37.6699,-76.8775
Little Plymouth,VA,37.6642,-76.8255
Mascot,VA,37.6271,-76.7072
Mattaponi,VA,37.6135,-76.8101
Newtown,VA,37.9226,-77.1449
Saint Stephens Church,VA,37.8479,-77.055
Shacklefords,VA,37.5213,-76.7099
Stevensville,VA,37.7146,-76.9352
Walkerton,VA,37.7554,-77.0185
Dahlgren,VA,38.3375,-77.0429
Dogue,VA,38.2321,-77.2158
Jersey,VA,38.2115,-77.1394
King George,VA,38.2811,-77.126
Ninde,VA,38.2712,-77.0561
Rollins Fork,VA,38.1849,-77.0622
Sealston,VA,38.2711,-77.1726
Aylett,VA,37.8221,-77.1885
King William,VA,37.7202,-77.0998
Manquin,VA,37.7184,-77.186
West Point,VA,37.5556,-76.8237
Irvington,VA,37.6645,-76.416
Kilmarnock,VA,37.7162,-76.382
Lancaster,VA,37.7395,-76.5002
Lively,VA,37.7572,-76.5118
Merry Point,VA,37.7338,-76.4825
Mollusk,VA,37.7301,-76.538
Morattico,VA,37.7928,-76.6093
Nuttsville,VA,37.7935,-76.5508
Weems,VA,37.6847,-76.4313
White Stone,VA,37.6886,-76.3616
Ben Hur,VA,36.7435,-83.2234
Blackwater,VA,36.639,-82.9866
Dryden,VA,36.7818,-82.9305
Ewing,VA,36.6237,-83.5047
Jonesville,VA,36.6896,-83.1362
Keokee,VA,36.8239,-82.9772
Pennington Gap,VA,36.7508,-83.0223
Rose Hill,VA,36.6583,-83.3486
Saint Charles,VA,36.8315,-83.0518
Dulles,VA,39.03558,-77.52492
Aldie,VA,38.9577,-77.6038
Middleburg,VA,38.9687,-77.7355
Paeonian Springs,VA,39.1603,-77.6097
Philomont,VA,39.058,-77.7434
Purcellville,VA,39.1479,-77.7184
Bluemont,VA,39.0823,-77.8467
Round Hill,VA,39.12355,-77.77745
Ashburn,VA,39.045125,-77.535425
Hamilton,VA,39.1361,-77.6597
Lincoln,VA,39.0985,-77.6883
Sterling,VA,39.0128,-77.4231
Leesburg,VA,39.113875,-77.567125
Lovettsville,VA,39.2204,-77.6596
Waterford,VA,39.1882,-77.63
Dhs,VA,38.9904,-77.4477
Bumpass,VA,37.8984,-77.7966
Louisa,VA,38.0132,-78.0347
Mineral,VA,37.9986,-77.8781
Trevilians,VA,38.0515,-78.0728
Dundas,VA,36.9053,-78.01
Fort Mitchell,VA,36.9182,-78.4861
Kenbridge,VA,36.933,-78.1242
Lunenburg,VA,36.9291,-78.2915
Victoria,VA,36.9835,-78.2372
Aroda,VA,38.3256,-78.2366
Banco,VA,38.4512,-78.2817
Brightwood,VA,38.4114,-78.1698
Etlan,VA,38.5095,-78.2638
Haywood,VA,38.4535,-78.2522
Hood,VA,38.3549,-78.3828
Leon,VA,38.4285,-78.2678
Madison,VA,38.37,-78.2976
Oakpark,VA,38.3674,-78.1628
Pratts,VA,38.3366,-78.2573
Radiant,VA,38.3146,-78.1899
Rochelle,VA,38.3215,-78.3042
Syria,VA,38.4972,-78.3229
Wolftown,VA,38.3557,-78.3475
Locust Dale,VA,38.3572,-78.1229
Woodberry Forest,VA,38.2912,-78.1225
Bohannon,VA,37.3905,-76.3614
Cardinal,VA,37.4128,-76.3616
Cobbs Creek,VA,37.4959,-76.3863
Diggs,VA,37.4296,-76.2629
Foster,VA,37.4529,-76.3849
Grimstead,VA,37.4961,-76.3
Gwynn,VA,37.5043,-76.2886
Hallieford,VA,37.4937,-76.3402
Hudgins,VA,37.4766,-76.3089
Mathews,VA,37.4383,-76.3544
Moon,VA,37.4487,-76.2766
New Point,VA,37.3438,-76.2878
North,VA,37.4401,-76.4238
Onemo,VA,37.3985,-76.2941
Port Haywood,VA,37.386,-76.3172
Susan,VA,37.3508,-76.3161
Baskerville,VA,36.7236,-78.279
Boydton,VA,36.6544,-78.3752
Bracey,VA,36.5763,-78.1059
Chase City,VA,36.8053,-78.4553
Clarksville,VA,36.624,-78.5569
La Crosse,VA,36.6613,-78.0754
Skipwith,VA,36.7317,-78.5306
South Hill,VA,36.7124,-78.1534
Buffalo Junction,VA,36.6168,-78.6093
Nelson,VA,36.5586,-78.671
Christchurch,VA,37.5984,-76.4476
Church View,VA,37.675,-76.6629
Deltaville,VA,37.5549,-76.3468
Hardyville,VA,37.5512,-76.3844
Hartfield,VA,37.5594,-76.4769
Jamaica,VA,37.73,-76.689
Locust Hill,VA,37.5826,-76.4984
Saluda,VA,37.5949,-76.5921
Topping,VA,37.6009,-76.4575
Urbanna,VA,37.6356,-76.5918
Wake,VA,37.5681,-76.4323
Water View,VA,37.7105,-76.6227
Blacksburg,VA,37.22365,-80.4035
Christiansburg,VA,37.14505,-80.4186
Mc Coy,VA,37.1742,-80.3957
Pilot,VA,37.0565,-80.3229
Riner,VA,37.0322,-80.4353
Shawsville,VA,37.1466,-80.2715
Afton,VA,37.9626,-78.841
Arrington,VA,37.6902,-78.9479
Faber,VA,37.8475,-78.7565
Lovingston,VA,37.7924,-78.8684
Nellysford,VA,37.902,-78.9004
Piney River,VA,37.7051,-79.0231
Roseland,VA,37.8077,-78.9712
Schuyler,VA,37.7976,-78.6925
Shipman,VA,37.76,-78.8105
Tyro,VA,37.8391,-79.0693
Montebello,VA,37.8654,-79.0804
Gladstone,VA,37.5473,-78.8508
Norwood,VA,37.6432,-78.8089
Wingina,VA,37.6399,-78.7239
Barhamsville,VA,37.4617,-76.8321
Lanexa,VA,37.4194,-76.9027
New Kent,VA,37.553,-77.0742
Providence Forge,VA,37.4418,-77.0436
Quinton,VA,37.5185,-77.1486
Birdsnest,VA,37.439,-75.881
Cape Charles,VA,37.2799,-75.9721
Capeville,VA,37.2019,-75.9524
Cheriton,VA,37.2896,-75.9713
Eastville,VA,37.3526,-75.9458
Exmore,VA,37.5117,-75.8526
Franktown,VA,37.4588,-75.9007
Jamesville,VA,37.5151,-75.9305
Machipongo,VA,37.4014,-75.9082
Marionville,VA,37.4556,-75.8473
Nassawadox,VA,37.4728,-75.858
Oyster,VA,37.3074,-75.9269
Seaview,VA,37.2711,-75.9536
Townsend,VA,37.1882,-75.969
Wardtown,VA,37.5349,-75.8769
Willis Wharf,VA,37.5157,-75.8066
Burgess,VA,37.8687,-76.3542
Callao,VA,37.9773,-76.5732
Edwardsville,VA,37.9065,-76.3652
Heathsville,VA,37.9072,-76.4178
Lottsburg,VA,37.9792,-76.5018
Ophelia,VA,37.9094,-76.2934
Reedville,VA,37.857,-76.2829
Wicomico Church,VA,37.8025,-76.3636
Blackstone,VA,37.0916,-77.9851
Burkeville,VA,37.1952,-78.1961
Crewe,VA,37.1657,-78.1059
Nottoway,VA,37.1161,-78.0578
Burr Hill,VA,38.3446,-77.8719
Locust Grove,VA,38.3352,-77.7709
Rhoadesville,VA,38.2863,-77.923
Unionville,VA,38.2383,-77.9193
Barboursville,VA,38.2095,-78.3098
Gordonsville,VA,38.1759,-78.1815
Montpelier Station,VA,38.227,-78.1768
Orange,VA,38.2192,-78.0461
Somerset,VA,38.1997,-78.2394
Rileyville,VA,38.7564,-78.3873
Luray,VA,38.6548,-78.4596
Shenandoah,VA,38.501,-78.609
Stanley,VA,38.566,-78.5093
Ararat,VA,36.6139,-80.5093
Claudville,VA,36.5896,-80.4184
Critz,VA,36.6211,-80.1298
Meadows Of Dan,VA,36.725,-80.4022
Patrick Springs,VA,36.6744,-80.1388
Stuart,VA,36.6517,-80.2392
Vesta,VA,36.7241,-80.3581
Woolwine,VA,36.7921,-80.2774
Cascade,VA,36.5927,-79.6574
Pittsville,VA,36.9716,-79.4794
Sandy Level,VA,36.991,-79.5614
Blairs,VA,36.6799,-79.3731
Callands,VA,36.7647,-79.6288
Chatham,VA,36.831,-79.4297
Dry Fork,VA,36.743,-79.458
Gretna,VA,36.9695,-79.3389
Hurt,VA,37.0798,-79.3
Java,VA,36.8586,-79.187
Keeling,VA,36.7156,-79.2783
Ringgold,VA,36.6035,-79.2988
Sutherlin,VA,36.6258,-79.195
Powhatan,VA,37.5421,-77.9189
Farmville,VA,37.30215,-78.40125
Green Bay,VA,37.1234,-78.3072
Hampden Sydney,VA,37.2381,-78.4618
Meherrin,VA,37.1013,-78.3874
Prospect,VA,37.3058,-78.5462
Rice,VA,37.2721,-78.2793
Fort Lee,VA,37.2447,-77.3341
Disputanta,VA,37.1483,-77.2732
Prince George,VA,37.2333,-77.2747
Bristow,VA,38.7343,-77.5474
Catharpin,VA,38.8543,-77.5719
Gainesville,VA,38.7688,-77.54425
Haymarket,VA,38.83975,-77.64045
Nokesville,VA,38.70045,-77.567
Dumfries,VA,38.5831,-77.3162
Occoquan,VA,38.6816,-77.2605
Quantico,VA,38.52665,-77.3147
Triangle,VA,38.5509,-77.3229
Woodbridge,VA,38.65436,-77.28582
Belspring,VA,37.1982,-80.6151
Dublin,VA,37.1057,-80.6853
Newbern,VA,37.0692,-80.6891
New River,VA,37.0964,-80.6081
Parrott,VA,37.2048,-80.6205
Pulaski,VA,37.0567,-80.771
Draper,VA,36.9697,-80.8188
Hiwassee,VA,36.9756,-80.6695
Amissville,VA,38.6842,-78.0168
Chester Gap,VA,38.8537,-78.1412
Flint Hill,VA,38.7629,-78.1
Huntly,VA,38.8129,-78.1165
Castleton,VA,38.6032,-78.1208
Sperryville,VA,38.6203,-78.2466
Viewtown,VA,38.6457,-78.0258
Washington,VA,38.7078,-78.1566
Woodville,VA,38.6482,-78.1739
Farnham,VA,37.874,-76.605
Haynesville,VA,37.9505,-76.6367
Sharps,VA,37.824,-76.7008
Village,VA,37.9472,-76.6154
Warsaw,VA,37.9695,-76.7665
Bent Mountain,VA,37.1549,-80.1215
Catawba,VA,37.3696,-80.1284
Elliston,VA,37.2165,-80.2325
Vinton,VA,37.2757,-79.8775
Brownsburg,VA,37.9285,-79.3192
Fairfield,VA,37.8778,-79.2979
Goshen,VA,37.9878,-79.4773
Raphine,VA,37.9374,-79.2219
Rockbridge Baths,VA,37.8965,-79.3874
Vesuvius,VA,37.8378,-79.2135
Glasgow,VA,37.643,-79.459
Natural Bridge,VA,37.6606,-79.533
Natural Bridge Station,VA,37.598,-79.525
Harrisonburg,VA,38.457475,-78.8581
Bergton,VA,38.7925,-78.9668
Bridgewater,VA,38.3859,-78.9937
Broadway,VA,38.6083,-78.7875
Criders,VA,38.7497,-78.9974
Dayton,VA,38.4707,-79.085
Elkton,VA,38.4025,-78.6321
Fulks Run,VA,38.6339,-78.9358
Hinton,VA,38.5689,-79.0885
Keezletown,VA,38.4659,-78.7499
Lacey Spring,VA,38.5284,-78.8552
Linville,VA,38.5557,-78.8961
Mc Gaheysville,VA,38.3712,-78.7411
Mount Crawford,VA,38.3457,-78.8957
Penn Laird,VA,38.375,-78.7795
Pleasant Valley,VA,38.3847,-78.8914
Singers Glen,VA,38.5574,-78.9227
Timberville,VA,38.6476,-78.7717
Grottoes,VA,38.2484,-78.8255
Port Republic,VA,38.3226,-78.7886
Castlewood,VA,36.8764,-82.2876
Cleveland,VA,36.9502,-82.1318
Dante,VA,37.0054,-82.2815
Honaker,VA,37.0395,-82.0246
Lebanon,VA,36.8809,-82.0956
Rosedale,VA,36.9593,-81.9312
Swords Creek,VA,37.0738,-81.9084
Duffield,VA,36.7114,-82.8337
Dungannon,VA,36.8242,-82.496
Fort Blackmore,VA,36.7438,-82.6102
Gate City,VA,36.646,-82.6112
Hiltons,VA,36.6498,-82.4299
Nickelsville,VA,36.7502,-82.4202
Weber City,VA,36.6137,-82.5618
Fishers Hill,VA,38.9834,-78.4038
Strasburg,VA,39.0346,-78.36495
Maurertown,VA,38.9441,-78.4658
Fort Valley,VA,38.8407,-78.4276
Toms Brook,VA,38.9476,-78.4331
Woodstock,VA,38.887,-78.5217
Basye,VA,38.8089,-78.7776
Edinburg,VA,38.8432,-78.6003
Mount Jackson,VA,38.7857,-78.6803
New Market,VA,38.6606,-78.6714
Orkney Springs,VA,38.7937,-78.8111
Quicksburg,VA,38.7201,-78.7213
Atkins,VA,36.8665,-81.4048
Broadford,VA,36.9546,-81.673
Chilhowie,VA,36.7719,-81.6651
Marion,VA,36.8273,-81.5349
Saltville,VA,36.8927,-81.7402
Sugar Grove,VA,36.7736,-81.4084
Boykins,VA,36.5951,-77.1975
Branchville,VA,36.5787,-77.2704
Capron,VA,36.7243,-77.2394
Courtland,VA,36.7225,-77.0783
Drewryville,VA,36.6854,-77.3591
Ivor,VA,36.9071,-76.8861
Newsoms,VA,36.6148,-77.1069
Sedley,VA,36.776,-76.9841
Fredericksburg,VA,38.304144,-77.504222
Partlow,VA,38.0641,-77.6586
Spotsylvania,VA,38.2165,-77.66505
Thornburg,VA,38.1372,-77.5189
Brooke,VA,38.3857,-77.3743
Garrisonville,VA,38.4684,-77.4612
Hartwood,VA,38.3993,-77.5814
Ruby,VA,38.5086,-77.543
Stafford,VA,38.450833,-77.4497
Dendron,VA,37.0981,-76.8966
Elberon,VA,37.0701,-76.8337
Spring Grove,VA,37.1901,-76.9923
Surry,VA,37.126,-76.7651
Claremont,VA,37.2279,-76.9641
Stony Creek,VA,36.9361,-77.4443
Sussex,VA,36.9151,-77.2791
Wakefield,VA,36.9757,-76.979
Waverly,VA,37.0379,-77.15895
Yale,VA,36.8373,-77.287
Tannersville,VA,36.9763,-81.628
Amonate,VA,37.1909,-81.6387
Bandy,VA,37.1661,-81.6508
Bishop,VA,37.2033,-81.5575
Bluefield,VA,37.2526,-81.2712
Boissevain,VA,37.2818,-81.3804
Burkes Garden,VA,37.0982,-81.3409
Cedar Bluff,VA,37.0876,-81.759
Doran,VA,37.0926,-81.8335
Falls Mills,VA,37.271,-81.3182
Horsepen,VA,37.1355,-81.5634
Jewell Ridge,VA,37.2094,-81.7956
North Tazewell,VA,37.1756,-81.5399
Pocahontas,VA,37.3054,-81.3425
Pounding Mill,VA,37.0596,-81.7301
Red Ash,VA,37.1134,-81.871
Richlands,VA,37.0941,-81.8123
Tazewell,VA,37.1078,-81.51
Bentonville,VA,38.8187,-78.2757
Front Royal,VA,38.9268,-78.1796
Linden,VA,38.8812,-78.0478
Abingdon,VA,36.683267,-81.9852
Damascus,VA,36.6403,-81.7776
Mendota,VA,36.7223,-82.2649
Emory,VA,36.78,-81.8171
Glade Spring,VA,36.7779,-81.7676
Meadowview,VA,36.7612,-81.8512
Coles Point,VA,38.1437,-76.6355
Colonial Beach,VA,38.1792,-76.9959
Hague,VA,38.0573,-76.6616
Kinsale,VA,38.0505,-76.5855
Montross,VA,38.1105,-76.7828
Mount Holly,VA,38.1182,-76.6805
Oldhams,VA,38.0181,-76.6861
Stratford,VA,38.1484,-76.8413
Sandy Point,VA,38.0673,-76.5503
Zacata,VA,38.1218,-76.7903
Andover,VA,36.9234,-82.7964
Appalachia,VA,36.9438,-82.7976
Big Stone Gap,VA,36.8581,-82.7627
Coeburn,VA,36.9605,-82.4735
East Stone Gap,VA,36.8668,-82.7424
Pound,VA,37.0927,-82.6016
Saint Paul,VA,36.9323,-82.3418
Wise,VA,36.975,-82.5947
Austinville,VA,36.8195,-80.8583
Barren Springs,VA,36.9078,-80.809
Cripple Creek,VA,36.8086,-81.1039
Crockett,VA,36.8768,-81.2089
Ivanhoe,VA,36.8272,-80.9779
Max Meadows,VA,36.9056,-80.9244
Rural Retreat,VA,36.8836,-81.2879
Speedwell,VA,36.7998,-81.1834
Wytheville,VA,36.9407,-81.0941
Lightfoot,VA,37.3407,-76.7544
Yorktown,VA,37.19365,-76.499825
Lackey,VA,37.2232,-76.559
Seaford,VA,37.1885,-76.429
Bristol,VA,36.6134,-82.19076
Buena Vista,VA,37.7396,-79.3523
Chesapeake,VA,36.750756,-76.282967
Colonial Heights,VA,37.27,-77.4038
Covington,VA,37.7802,-79.987
Danville,VA,36.597467,-79.4215
Emporia,VA,36.6857,-77.563
Franklin,VA,36.6786,-76.9391
Galax,VA,36.6565,-80.9117
Hampton,VA,37.047882,-76.358909
Fort Monroe,VA,37.018,-76.3044
Hopewell,VA,37.2876,-77.295
Lexington,VA,37.7885,-79.4581
Manassas,VA,38.749167,-77.470867
Martinsville,VA,36.681475,-79.866175
Newport News,VA,37.11892,-76.50235
Fort Eustis,VA,37.1574,-76.5845
Norfolk,VA,36.896771,-76.258424
Norton,VA,36.9378,-82.6249
Petersburg,VA,37.199667,-77.419867
Virginia State University,VA,37.2327,-77.385
Poquoson,VA,37.1313,-76.3807
Portsmouth,VA,36.840063,-76.343537
Radford,VA,37.127,-80.5558
Salem,VA,37.287367,-80.0678
Staunton,VA,38.15835,-79.064
Suffolk,VA,36.7804,-76.59635
Virginia Beach,VA,36.810535,-76.05356
Waynesboro,VA,38.0774,-78.9035
Bristol,VT,44.146,-73.0717
Ferrisburgh,VT,44.2056,-73.2462
Monkton,VT,44.2404,-73.1347
New Haven,VT,44.1126,-73.1735
North Ferrisburgh,VT,44.2595,-73.2112
Starksboro,VT,44.2261,-73.0157
Vergennes,VT,44.1326,-73.2793
Roxbury,VT,44.0846,-72.7202
Bridport,VT,43.9538,-73.3476
East Middlebury,VT,43.9734,-73.1062
Granville,VT,43.9849,-72.8245
Hancock,VT,43.9125,-72.9133
Middlebury,VT,43.9919,-73.1716
Orwell,VT,43.7837,-73.2949
Ripton,VT,43.9929,-73.0187
Salisbury,VT,43.9017,-73.1008
Shoreham,VT,43.8862,-73.3054
Whiting,VT,43.894,-73.203
Peru,VT,43.2565,-72.8868
Bennington,VT,42.8827,-73.1923
Arlington,VT,43.0857,-73.1594
Dorset,VT,43.2636,-73.0766
East Arlington,VT,43.0668,-73.0611
East Dorset,VT,43.237,-73.0081
Manchester,VT,43.1637,-73.0723
Manchester Center,VT,43.1693,-73.0474
North Bennington,VT,42.9304,-73.2426
North Pownal,VT,42.8098,-73.2534
Pownal,VT,42.788,-73.2162
Shaftsbury,VT,42.9614,-73.2166
Bondville,VT,43.1618,-72.9128
Readsboro,VT,42.7837,-72.9609
Stamford,VT,42.7562,-73.0679
Rupert,VT,43.2598,-73.2229
West Rupert,VT,43.2636,-73.1905
East Ryegate,VT,44.2275,-72.0996
Groton,VT,44.2204,-72.2175
Mc Indoe Falls,VT,44.4624,-72.1358
South Ryegate,VT,44.1978,-72.1104
Saint Johnsbury,VT,44.4272,-72.0051
Barnet,VT,44.3179,-72.0783
Danville,VT,44.4332,-72.1133
East Burke,VT,44.6078,-71.9357
East Hardwick,VT,44.5288,-72.3034
East Saint Johnsbury,VT,44.4387,-71.9456
Hardwick,VT,44.507,-72.3638
Lower Waterford,VT,44.3821,-71.9195
Lyndon,VT,44.4976,-71.9505
Lyndon Center,VT,44.5416,-72.0175
Lyndonville,VT,44.5555,-72.0715
Passumpsic,VT,44.3767,-72.0276
Peacham,VT,44.3289,-72.169
Saint Johnsbury Center,VT,44.4567,-72.0157
Sheffield,VT,44.6178,-72.1239
Sutton,VT,44.6465,-72.0211
West Burke,VT,44.6636,-71.9572
West Danville,VT,44.4465,-72.2198
Burlington,VT,44.46446,-73.14332
South Burlington,VT,44.4467,-73.13105
Winooski,VT,44.4949,-73.1874
Colchester,VT,44.525033,-73.171733
Charlotte,VT,44.3113,-73.228
Essex,VT,44.5084,-73.0503
Essex Junction,VT,44.4728,-73.08655
Hinesburg,VT,44.3346,-73.098
Huntington,VT,44.3227,-72.9964
Jericho,VT,44.459,-72.9552
Jonesville,VT,44.3839,-72.9376
Milton,VT,44.6483,-73.1317
Richmond,VT,44.3873,-72.9533
Shelburne,VT,44.39,-73.2171
Underhill,VT,44.5391,-72.9258
Underhill Center,VT,44.5047,-72.8853
Westford,VT,44.6182,-73.006
Williston,VT,44.4367,-73.0957
Concord,VT,44.4461,-71.8676
East Haven,VT,44.6517,-71.8675
Granby,VT,44.6808,-71.7194
Island Pond,VT,44.8095,-71.884
North Concord,VT,44.5501,-71.7867
Averill,VT,44.9981,-71.7104
Beecher Falls,VT,45.0085,-71.4907
Canaan,VT,44.9764,-71.5602
Gilman,VT,44.414,-71.7179
Guildhall,VT,44.6902,-71.5991
Lunenburg,VT,44.4663,-71.693
Norton,VT,44.9888,-71.7884
Bakersfield,VT,44.7914,-72.7697
East Berkshire,VT,44.931,-72.7028
East Fairfield,VT,44.7412,-72.8827
Enosburg Falls,VT,44.8985,-72.791
Fairfax,VT,44.6924,-73.0241
Fairfield,VT,44.7841,-73.0222
Franklin,VT,44.9614,-72.9037
Highgate Center,VT,44.9404,-73.0155
Highgate Springs,VT,44.9748,-73.1052
Montgomery,VT,44.9025,-72.6382
Montgomery Center,VT,44.8781,-72.6023
Richford,VT,44.9715,-72.6905
Saint Albans,VT,44.811,-73.0861
Saint Albans Bay,VT,44.8078,-73.1393
Sheldon,VT,44.8872,-72.953
Sheldon Springs,VT,44.9062,-72.9776
Swanton,VT,44.9168,-73.1211
Alburgh,VT,44.6031,-72.9527
Grand Isle,VT,44.7197,-73.3056
Isle La Motte,VT,44.8781,-73.3386
North Hero,VT,44.8353,-73.2778
South Hero,VT,44.64,-73.3113
Belvidere Center,VT,44.7248,-72.7016
Cambridge,VT,44.6222,-72.8812
Jeffersonville,VT,44.6388,-72.822
Waterville,VT,44.7124,-72.7596
Eden,VT,44.7343,-72.5863
Eden Mills,VT,44.6931,-72.5134
Hyde Park,VT,44.6225,-72.595
Johnson,VT,44.642,-72.6712
Lake Elmore,VT,44.5426,-72.5254
Morrisville,VT,44.5543,-72.6026
Moscow,VT,44.442,-72.7188
North Hyde Park,VT,44.6731,-72.5971
Stowe,VT,44.4695,-72.6923
Wolcott,VT,44.5558,-72.4844
Bradford,VT,44.0006,-72.1406
Brookfield,VT,44.0321,-72.5953
Chelsea,VT,44.0039,-72.4793
Corinth,VT,44.0325,-72.2822
East Corinth,VT,44.0619,-72.2151
East Randolph,VT,43.9553,-72.5487
East Thetford,VT,43.8073,-72.2147
Fairlee,VT,43.901,-72.1902
Newbury,VT,44.0683,-72.1187
North Thetford,VT,43.8431,-72.1856
Post Mills,VT,43.8858,-72.27
Randolph,VT,43.9444,-72.6726
Randolph Center,VT,43.9379,-72.597
South Strafford,VT,43.8282,-72.37
Strafford,VT,43.8723,-72.3636
Thetford,VT,43.996,-72.4114
Thetford Center,VT,43.8149,-72.2662
Topsham,VT,43.7982,-72.4008
Tunbridge,VT,43.9169,-72.4786
Vershire,VT,43.9618,-72.319
Wells River,VT,44.1524,-72.053
West Fairlee,VT,43.9189,-72.2681
West Newbury,VT,44.0645,-72.1248
West Topsham,VT,44.1199,-72.2701
Washington,VT,44.0782,-72.4263
Williamstown,VT,44.1182,-72.5381
Albany,VT,44.7417,-72.3646
Barton,VT,44.7438,-72.1681
Beebe Plain,VT,45.0058,-72.1383
Coventry,VT,44.8656,-72.2648
Craftsbury,VT,44.6434,-72.366
Craftsbury Common,VT,44.6788,-72.3594
Derby,VT,44.9502,-72.1376
Derby Line,VT,44.9902,-72.0824
East Charleston,VT,44.8299,-71.9763
Glover,VT,44.6747,-72.2131
Greensboro,VT,44.5951,-72.285
Greensboro Bend,VT,44.5489,-72.2648
Irasburg,VT,44.8081,-72.2763
Lowell,VT,44.7961,-72.4501
Morgan,VT,44.8787,-71.9714
Newport,VT,44.9393,-72.2065
Newport Center,VT,44.9442,-72.2974
North Troy,VT,44.9378,-72.4334
Orleans,VT,44.8238,-72.102
Troy,VT,44.9014,-72.4015
West Charleston,VT,44.8729,-72.0521
Westfield,VT,44.8825,-72.4396
Rutland,VT,43.61235,-72.9717
Belmont,VT,43.4284,-72.8257
Benson,VT,43.6877,-73.2919
Bomoseen,VT,43.6437,-73.2094
Brandon,VT,43.8065,-73.0882
Castleton,VT,43.6223,-73.1708
Center Rutland,VT,43.6023,-73.017
Chittenden,VT,43.7132,-72.9252
Cuttingsville,VT,43.5221,-72.8691
Danby,VT,43.3583,-73.0129
East Poultney,VT,43.5265,-73.2046
East Wallingford,VT,43.4461,-72.8844
Fair Haven,VT,43.6234,-73.2701
Florence,VT,43.7093,-73.079
Forest Dale,VT,43.8278,-73.0537
Hydeville,VT,43.5994,-73.251
Killington,VT,43.6634,-72.7963
Middletown Springs,VT,43.4856,-73.1182
Mount Holly,VT,43.4487,-72.7956
North Clarendon,VT,43.5522,-72.9561
Pawlet,VT,43.3587,-73.1444
Pittsfield,VT,43.7723,-72.8129
Pittsford,VT,43.7152,-73.0135
Poultney,VT,43.5332,-73.2253
Proctor,VT,43.658,-73.0348
Wallingford,VT,43.4573,-72.9877
Wells,VT,43.4305,-73.2027
West Pawlet,VT,43.3667,-73.2313
West Rutland,VT,43.5781,-73.0424
Montpelier,VT,44.251614,-72.578857
Adamant,VT,44.3575,-72.5046
Barre,VT,44.1945,-72.4936
Cabot,VT,44.4042,-72.3064
Calais,VT,44.3934,-72.4741
East Barre,VT,44.1576,-72.4533
East Calais,VT,44.38,-72.4419
East Montpelier,VT,44.2828,-72.4926
Graniteville,VT,44.1512,-72.4929
Marshfield,VT,44.3509,-72.354
Moretown,VT,44.2596,-72.7494
Northfield,VT,44.1512,-72.6565
Northfield Falls,VT,44.172,-72.6509
North Montpelier,VT,44.2595,-72.585
Plainfield,VT,44.2622,-72.4224
South Barre,VT,44.1757,-72.5025
Waterbury,VT,44.34145,-72.768
Waitsfield,VT,44.1889,-72.8283
Warren,VT,44.111,-72.8609
Waterbury Center,VT,44.3828,-72.708
Websterville,VT,44.1558,-72.4658
Woodbury,VT,44.4548,-72.4036
Worcester,VT,44.3944,-72.5609
Bellows Falls,VT,43.1482,-72.4664
Cambridgeport,VT,43.1515,-72.5604
Grafton,VT,43.1601,-72.5972
Londonderry,VT,43.2281,-72.788
Saxtons River,VT,43.1379,-72.5098
South Londonderry,VT,43.1699,-72.8515
Westminster,VT,43.0826,-72.4749
Westminster Station,VT,43.094,-72.4565
Brattleboro,VT,42.852525,-72.56675
East Dover,VT,42.9505,-72.783
Jacksonville,VT,42.7778,-72.8071
Jamaica,VT,43.1042,-72.7944
Marlboro,VT,42.9947,-72.7204
Newfane,VT,42.9704,-72.6781
Putney,VT,43.0356,-72.5123
South Newfane,VT,42.9391,-72.7292
Townshend,VT,43.0622,-72.6687
Vernon,VT,42.7565,-72.5115
Wardsboro,VT,43.0326,-72.8077
West Dover,VT,42.9535,-72.8687
West Dummerston,VT,42.9265,-72.6154
West Halifax,VT,42.7761,-72.7501
West Townshend,VT,43.13,-72.721
West Wardsboro,VT,43.0472,-72.8805
Whitingham,VT,42.7892,-72.8851
Williamsville,VT,42.9364,-72.6611
Wilmington,VT,42.8812,-72.8613
White River Junction,VT,43.6606,-72.3503
Ascutney,VT,43.4107,-72.4298
Barnard,VT,43.7287,-72.619
Bethel,VT,43.8195,-72.6528
Bridgewater,VT,43.5804,-72.6467
Bridgewater Corners,VT,43.5998,-72.6752
Brownsville,VT,43.4646,-72.4944
Hartford,VT,43.6721,-72.3555
Hartland,VT,43.5708,-72.4131
Hartland Four Corners,VT,43.5465,-72.4245
North Hartland,VT,43.5967,-72.3526
North Pomfret,VT,43.7204,-72.4943
Norwich,VT,43.7404,-72.3016
Plymouth,VT,43.4987,-72.7107
Quechee,VT,43.6462,-72.4184
Reading,VT,43.4793,-72.5704
Sharon,VT,43.7748,-72.4243
South Pomfret,VT,43.6797,-72.5349
South Royalton,VT,43.8089,-72.5232
South Woodstock,VT,43.5601,-72.5384
Taftsville,VT,43.6309,-72.4891
West Hartford,VT,43.7123,-72.4176
Wilder,VT,43.6735,-72.312
Windsor,VT,43.476,-72.411
Woodstock,VT,43.6248,-72.5385
Cavendish,VT,43.3766,-72.6092
Chester,VT,43.2831,-72.6031
Ludlow,VT,43.3929,-72.7002
North Springfield,VT,43.338,-72.5277
Perkinsville,VT,43.3879,-72.5038
Proctorsville,VT,43.3823,-72.6384
Springfield,VT,43.3034,-72.4778
Weston,VT,43.2941,-72.7935
Gaysville,VT,43.7784,-72.699
Rochester,VT,43.8804,-72.8159
Stockbridge,VT,43.7738,-72.7814
Benge,WA,46.8591,-118.1611
Ritzville,WA,47.1315,-118.3958
Lind,WA,46.956,-118.7061
Othello,WA,46.8527,-118.9932
Washtucna,WA,46.8209,-118.2862
Anatone,WA,46.1285,-117.0883
Asotin,WA,46.1343,-117.0015
Clarkston,WA,46.3946,-117.0645
Benton City,WA,46.2806,-119.4913
Kennewick,WA,46.182767,-119.1901
Paterson,WA,45.9911,-119.7559
Plymouth,WA,45.9301,-119.4023
Prosser,WA,46.2232,-119.771
Richland,WA,46.28895,-119.29735
West Richland,WA,46.3153,-119.3714
Wenatchee,WA,47.4244,-120.3188
Ardenvoir,WA,47.7373,-120.369
Cashmere,WA,47.5173,-120.5033
Chelan,WA,47.8483,-120.0273
Chelan Falls,WA,47.8015,-119.9859
Dryden,WA,47.5412,-120.5609
Entiat,WA,47.7057,-120.276
Leavenworth,WA,47.6438,-120.6748
Malaga,WA,47.3553,-120.2086
Manson,WA,47.8958,-120.149
Monitor,WA,47.4852,-120.4158
Peshastin,WA,47.5458,-120.5961
Stehekin,WA,48.3093,-120.6565
Beaver,WA,48.0673,-124.3054
Carlsborg,WA,48.0906,-123.1721
Clallam Bay,WA,48.2255,-124.2015
Forks,WA,47.9287,-124.3989
Joyce,WA,48.1362,-123.7354
La Push,WA,47.9052,-124.6261
Neah Bay,WA,48.328,-124.6151
Port Angeles,WA,48.0811,-123.6781
Sekiu,WA,48.3032,-124.4685
Sequim,WA,48.0881,-123.1198
Amboy,WA,45.9195,-122.4574
Battle Ground,WA,45.7907,-122.5318
Brush Prairie,WA,45.7304,-122.4843
Camas,WA,45.6058,-122.4142
Heisson,WA,45.8248,-122.4912
La Center,WA,45.8806,-122.624
Ridgefield,WA,45.7846,-122.6934
Vancouver,WA,45.656179,-122.617214
Washougal,WA,45.5959,-122.3104
Yacolt,WA,45.8622,-122.4275
Dayton,WA,46.3075,-117.9738
Starbuck,WA,46.5128,-118.1024
Ryderwood,WA,46.3752,-123.0431
Ariel,WA,45.9952,-122.4677
Carrolls,WA,46.0715,-122.8648
Castle Rock,WA,46.2783,-122.9139
Cougar,WA,46.0515,-122.2995
Kalama,WA,46.0112,-122.8166
Kelso,WA,46.1485,-122.887
Longview,WA,46.1514,-122.9634
Silverlake,WA,46.3163,-122.7649
Toutle,WA,46.2956,-122.6477
Woodland,WA,45.9219,-122.7126
East Wenatchee,WA,47.4186,-120.2731
Bridgeport,WA,48.0082,-119.6712
Mansfield,WA,47.9021,-119.4053
Orondo,WA,47.6969,-120.1721
Palisades,WA,47.419,-119.9145
Rock Island,WA,47.3706,-120.1378
Waterville,WA,47.6295,-119.9887
Boyds,WA,48.8427,-118.1828
Curlew,WA,48.9108,-118.6452
Danville,WA,48.9725,-118.4884
Inchelium,WA,48.2924,-118.3552
Keller,WA,48.0236,-118.6547
Laurier,WA,48.9753,-118.2208
Malo,WA,48.811,-118.6044
Orient,WA,48.866,-118.2028
Republic,WA,48.6704,-118.6999
Pasco,WA,46.2421,-119.09935
Connell,WA,46.6643,-118.8545
Eltopia,WA,46.475,-119.1013
Kahlotus,WA,46.6779,-118.5337
Mesa,WA,46.5782,-119.1373
Pomeroy,WA,46.4698,-117.5993
Ephrata,WA,47.2771,-119.5336
George,WA,47.0792,-119.8601
Marlin,WA,47.3014,-119.064
Moses Lake,WA,47.1374,-119.2891
Quincy,WA,47.1976,-119.8459
Soap Lake,WA,47.383,-119.486
Stratford,WA,47.4268,-119.2816
Warden,WA,46.977,-119.0539
Wilson Creek,WA,47.4739,-119.1847
Coulee City,WA,47.5966,-119.2758
Electric City,WA,47.9131,-119.0426
Grand Coulee,WA,47.9385,-118.9978
Hartline,WA,47.6115,-119.0841
Beverly,WA,46.8484,-119.9121
Mattawa,WA,46.731,-119.7783
Royal City,WA,46.9156,-119.5815
Aberdeen,WA,46.9843,-123.7963
Amanda Park,WA,47.4859,-123.9206
Copalis Beach,WA,47.1126,-124.1738
Copalis Crossing,WA,47.1591,-124.1352
Cosmopolis,WA,46.9538,-123.7739
Elma,WA,47.0058,-123.3997
Grayland,WA,46.8264,-124.094
Hoquiam,WA,46.9823,-123.8842
Humptulips,WA,47.3429,-123.9291
Mccleary,WA,47.0297,-123.273
Malone,WA,46.9589,-123.3268
Moclips,WA,47.2387,-124.2039
Montesano,WA,47.0901,-123.5006
Neilton,WA,47.3877,-123.8903
Oakville,WA,46.8434,-123.2493
Ocean Shores,WA,46.9737,-124.1563
Pacific Beach,WA,47.2195,-124.1915
Quinault,WA,47.4603,-123.8307
Satsop,WA,47.0022,-123.4836
Taholah,WA,47.3407,-124.2827
Westport,WA,46.8836,-124.1061
Clinton,WA,47.9508,-122.3916
Coupeville,WA,48.2189,-122.6823
Freeland,WA,48.0342,-122.5641
Greenbank,WA,48.1004,-122.5761
Langley,WA,48.0187,-122.453
Oak Harbor,WA,48.32765,-122.65345
Brinnon,WA,47.6776,-122.9375
Chimacum,WA,47.9861,-122.7883
Port Hadlock,WA,48.0345,-122.7682
Nordland,WA,48.0432,-122.6926
Port Ludlow,WA,47.9222,-122.6896
Port Townsend,WA,48.104,-122.7945
Quilcene,WA,47.8324,-122.8583
Auburn,WA,47.30265,-122.199625
Federal Way,WA,47.316,-122.274825
Bellevue,WA,47.605943,-122.169843
Black Diamond,WA,47.3114,-122.0053
Bothell,WA,47.785975,-122.2107
Burton,WA,47.389,-122.4607
Carnation,WA,47.638,-121.9111
Duvall,WA,47.725,-121.9369
Enumclaw,WA,47.2665,-122.0314
Fall City,WA,47.5682,-121.8896
Hobart,WA,47.4218,-121.9729
Issaquah,WA,47.52795,-122.0081
Kenmore,WA,47.7542,-122.2475
Kent,WA,47.3813,-122.211714
Kirkland,WA,47.692967,-122.198233
Maple Valley,WA,47.3845,-122.0574
Medina,WA,47.6269,-122.2314
Mercer Island,WA,47.5603,-122.2281
North Bend,WA,47.4755,-121.7571
Pacific,WA,47.2666,-122.2435
Preston,WA,47.536,-121.9312
Ravensdale,WA,47.3407,-121.8874
Redmond,WA,47.664,-122.094433
Renton,WA,47.47916,-122.1694
Seahurst,WA,47.4693,-122.3621
Snoqualmie,WA,47.5293,-121.8225
Snoqualmie Pass,WA,47.4452,-121.431
Vashon,WA,47.4259,-122.4644
Woodinville,WA,47.76065,-122.09265
Sammamish,WA,47.60555,-122.04035
Seattle,WA,47.603675,-122.330976
Baring,WA,47.7671,-121.4814
Skykomish,WA,47.6922,-121.3713
Rollingbay,WA,47.6808,-122.5762
Bainbridge Island,WA,47.6478,-122.538
Bremerton,WA,47.58646,-122.6499
Silverdale,WA,47.67705,-122.7071
Burley,WA,47.4179,-122.631
Hansville,WA,47.9061,-122.5655
Indianola,WA,47.7514,-122.5196
Keyport,WA,47.698,-122.6255
Kingston,WA,47.8108,-122.5255
Manchester,WA,47.5952,-122.6225
Olalla,WA,47.4241,-122.5745
Port Gamble,WA,47.8543,-122.5838
Port Orchard,WA,47.5067,-122.61905
Poulsbo,WA,47.7423,-122.6277
Retsil,WA,47.5459,-122.6112
Seabeck,WA,47.5913,-122.8686
South Colby,WA,47.5218,-122.5396
Southworth,WA,47.5104,-122.4991
Suquamish,WA,47.7343,-122.5573
Tracyton,WA,47.6267,-122.65
Cle Elum,WA,47.2063,-120.9685
Easton,WA,47.233,-121.1772
Ellensburg,WA,46.9996,-120.5163
Kittitas,WA,46.9806,-120.4163
Ronald,WA,47.2503,-121.0456
Roslyn,WA,47.2233,-121.0025
South Cle Elum,WA,47.1886,-120.9537
Thorp,WA,47.0679,-120.6712
Vantage,WA,46.8714,-119.9859
Appleton,WA,45.8504,-121.3129
Bingen,WA,45.7751,-121.6328
Centerville,WA,45.7032,-120.946
Dallesport,WA,45.6327,-121.1717
Glenwood,WA,46.0071,-121.2885
Goldendale,WA,45.832,-120.813
Husum,WA,45.8076,-121.4877
Klickitat,WA,45.8171,-121.1526
Lyle,WA,45.745,-121.2501
Trout Lake,WA,45.9828,-121.5163
Wahkiacus,WA,45.859,-121.1409
White Salmon,WA,45.7551,-121.4795
Wishram,WA,45.6573,-120.9667
Bickleton,WA,45.9597,-120.1042
Roosevelt,WA,45.8514,-120.3543
Glenoma,WA,46.5283,-122.099
Mineral,WA,46.7096,-122.1861
Morton,WA,46.5581,-122.2496
Packwood,WA,46.65,-121.6553
Randle,WA,46.5492,-121.8555
Adna,WA,46.629,-123.0612
Centralia,WA,46.7246,-122.9671
Chehalis,WA,46.6382,-122.9658
Cinebar,WA,46.5793,-122.5687
Curtis,WA,46.4956,-123.1468
Doty,WA,46.6378,-123.2804
Ethel,WA,46.5321,-122.7404
Galvin,WA,46.7423,-123.0271
Mossyrock,WA,46.5131,-122.4789
Napavine,WA,46.5745,-122.9082
Onalaska,WA,46.573,-122.7075
Pe Ell,WA,46.5829,-123.3147
Salkum,WA,46.5321,-122.6259
Silver Creek,WA,46.5491,-122.4757
Toledo,WA,46.4396,-122.8266
Vader,WA,46.3985,-122.9585
Winlock,WA,46.494,-122.9158
Edwall,WA,47.5379,-117.9071
Sprague,WA,47.3247,-117.9897
Almira,WA,47.7632,-118.9123
Creston,WA,47.7977,-118.5307
Davenport,WA,47.6809,-118.1667
Harrington,WA,47.4555,-118.2778
Lamona,WA,47.3778,-118.5043
Lincoln,WA,47.8396,-118.4426
Mohler,WA,47.3897,-118.3659
Odessa,WA,47.3395,-118.6983
Wilbur,WA,47.741,-118.7063
Allyn,WA,47.3571,-122.8587
Belfair,WA,47.4325,-122.9289
Grapeview,WA,47.3273,-122.9163
Hoodsport,WA,47.4235,-123.1739
Lilliwaup,WA,47.5128,-123.0631
Matlock,WA,47.2636,-123.4412
Shelton,WA,47.2151,-123.1007
Tahuya,WA,47.4446,-123.0232
Union,WA,47.3368,-123.075
Brewster,WA,48.1206,-119.772
Carlton,WA,48.2526,-120.1055
Conconully,WA,48.5469,-119.7526
Loomis,WA,48.8696,-119.6427
Malott,WA,48.248,-119.7525
Mazama,WA,48.5977,-120.388
Methow,WA,48.1171,-120.0891
Okanogan,WA,48.3513,-119.6046
Omak,WA,48.4143,-119.5272
Oroville,WA,48.9397,-119.4032
Pateros,WA,48.034,-119.9785
Riverside,WA,48.4876,-119.5803
Tonasket,WA,48.7194,-119.3943
Twisp,WA,48.3632,-120.135
Wauconda,WA,48.8224,-118.9469
Winthrop,WA,48.4756,-120.1805
Coulee Dam,WA,48.0379,-118.9419
Elmer City,WA,47.9979,-118.9545
Nespelem,WA,48.1434,-119.0094
Bay Center,WA,46.6315,-123.9549
Lebam,WA,46.5614,-123.5479
Menlo,WA,46.6215,-123.6471
Raymond,WA,46.671,-123.6929
South Bend,WA,46.6544,-123.8203
Tokeland,WA,46.7065,-123.9818
Chinook,WA,46.2729,-123.9454
Ilwaco,WA,46.3142,-124.0282
Long Beach,WA,46.3774,-124.047
Nahcotta,WA,46.4984,-124.0335
Naselle,WA,46.3528,-123.8044
Ocean Park,WA,46.5029,-124.0436
Oysterville,WA,46.549,-124.0282
Seaview,WA,46.3308,-124.0455
Cusick,WA,48.3915,-117.3295
Ione,WA,48.741,-117.4172
Metaline,WA,48.8496,-117.3963
Metaline Falls,WA,48.8597,-117.3633
Newport,WA,48.1695,-117.1508
Usk,WA,48.296,-117.3189
Anderson Island,WA,47.1563,-122.7067
Ashford,WA,46.7531,-121.9898
Buckley,WA,47.1524,-122.0621
Carbonado,WA,47.0802,-122.0513
Dupont,WA,47.0968,-122.6312
Eatonville,WA,46.8708,-122.2696
Gig Harbor,WA,47.3465,-122.636167
Elbe,WA,46.7777,-122.2023
Fox Island,WA,47.248,-122.629
Graham,WA,47.0246,-122.2936
Kapowsin,WA,46.9899,-122.2226
La Grande,WA,46.8343,-122.3187
Lakebay,WA,47.2886,-122.7776
Longbranch,WA,47.2007,-122.7561
Sumner,WA,47.13805,-122.1706
Milton,WA,47.2483,-122.3155
Orting,WA,47.0822,-122.186
Puyallup,WA,47.15556,-122.29982
South Prairie,WA,47.1383,-122.0968
Spanaway,WA,47.0732,-122.3943
Steilacoom,WA,47.1704,-122.5888
Bonney Lake,WA,47.143,-122.1644
Vaughn,WA,47.3309,-122.7736
Wauna,WA,47.379,-122.6426
Wilkeson,WA,47.1095,-122.037
Longmire,WA,46.7498,-121.8126
Paradise Inn,WA,47.0662,-122.1132
Tacoma,WA,47.226089,-122.453629
Camp Murray,WA,47.0662,-122.1132
Mcchord Afb,WA,47.2258,-122.469
Lakewood,WA,47.15878,-122.51772
University Place,WA,47.2033,-122.5688
Mckenna,WA,46.9348,-122.5565
Roy,WA,46.956,-122.4483
Blakely Island,WA,48.5618,-122.812
Deer Harbor,WA,48.6201,-122.9999
Eastsound,WA,48.6968,-122.9055
Friday Harbor,WA,48.5454,-123.0947
Lopez Island,WA,48.4988,-122.8743
Olga,WA,48.6195,-122.8355
Orcas,WA,48.5979,-122.9446
Shaw Island,WA,48.5578,-122.9837
Waldron,WA,48.6876,-123.0369
Anacortes,WA,48.5004,-122.6309
Bow,WA,48.562,-122.4134
Burlington,WA,48.4786,-122.3345
Clearlake,WA,48.4701,-122.2388
Concrete,WA,48.531,-121.6643
Conway,WA,48.34,-122.3456
Hamilton,WA,48.5255,-121.9887
La Conner,WA,48.4093,-122.5313
Lyman,WA,48.5345,-122.0586
Marblemount,WA,48.4435,-121.3163
Mount Vernon,WA,48.39975,-122.17425
Rockport,WA,48.4704,-121.5554
Sedro Woolley,WA,48.5274,-122.2329
Carson,WA,45.7493,-121.8351
North Bonneville,WA,45.6373,-121.9712
Stevenson,WA,45.6882,-121.9093
Underwood,WA,45.7409,-121.5974
Edmonds,WA,47.8207,-122.3497
Lynnwood,WA,47.83175,-122.284825
Mountlake Terrace,WA,47.7933,-122.3076
Mill Creek,WA,47.8601,-122.2043
Everett,WA,47.930114,-122.226014
Arlington,WA,48.1829,-122.1121
Darrington,WA,48.2395,-121.5892
Gold Bar,WA,47.8331,-121.6365
Granite Falls,WA,48.079,-121.9428
Index,WA,47.8118,-121.5497
Lake Stevens,WA,48.0171,-122.0672
North Lakewood,WA,48.152,-122.2074
Marysville,WA,48.0811,-122.1771
Monroe,WA,47.8585,-121.9474
Mukilteo,WA,47.9199,-122.3019
Camano Island,WA,48.1761,-122.521
Silvana,WA,48.2023,-122.2538
Snohomish,WA,47.8876,-122.071233
Stanwood,WA,48.2011,-122.378
Startup,WA,47.8703,-121.7685
Sultan,WA,47.8589,-121.7369
Airway Heights,WA,47.6438,-117.5921
Chattaroy,WA,47.9192,-117.2921
Cheney,WA,47.4943,-117.5834
Colbert,WA,47.8411,-117.3759
Deer Park,WA,47.9543,-117.4769
Elk,WA,48.0205,-117.2963
Fairchild Air Force Base,WA,47.6332,-117.6546
Fairfield,WA,47.3987,-117.1921
Four Lakes,WA,47.5599,-117.5958
Greenacres,WA,47.6584,-117.1568
Latah,WA,47.2999,-117.1395
Liberty Lake,WA,47.6517,-117.0838
Marshall,WA,47.5649,-117.4994
Mead,WA,47.7933,-117.3117
Medical Lake,WA,47.615,-117.704
Mica,WA,47.5538,-117.1637
Newman Lake,WA,47.7274,-117.064
Nine Mile Falls,WA,47.8019,-117.5894
Otis Orchards,WA,47.7027,-117.1121
Reardan,WA,47.7054,-117.8663
Rockford,WA,47.4528,-117.1318
Spangle,WA,47.4338,-117.3827
Valleyford,WA,47.5292,-117.2686
Veradale,WA,47.6421,-117.1977
Waverly,WA,47.3427,-117.228
Spokane,WA,47.664696,-117.398543
Ford,WA,47.9169,-117.8119
Tumtum,WA,47.8941,-117.7536
Wellpinit,WA,47.8697,-117.9856
Addy,WA,48.3364,-117.9579
Chewelah,WA,48.2876,-117.7754
Clayton,WA,48.0071,-117.5579
Colville,WA,48.578,-117.8645
Evans,WA,48.7458,-118.0001
Fruitland,WA,47.9797,-118.2159
Gifford,WA,48.2685,-118.1136
Hunters,WA,48.1333,-118.1525
Kettle Falls,WA,48.6364,-118.0548
Loon Lake,WA,48.0784,-117.6325
Marcus,WA,48.6632,-118.0683
Northport,WA,48.9247,-117.7931
Rice,WA,48.4062,-118.1249
Springdale,WA,48.0022,-117.829
Valley,WA,48.1351,-117.761
Olympia,WA,47.044973,-122.902191
Lacey,WA,47.00105,-122.74255
Tumwater,WA,46.9616,-123.0283
Bucoda,WA,46.7982,-122.8718
East Olympia,WA,46.9781,-122.7024
Littlerock,WA,46.9024,-123.017
Rainier,WA,46.8829,-122.6795
Rochester,WA,46.8193,-123.0406
Tenino,WA,46.8641,-122.8493
Yelm,WA,46.9206,-122.588
Cathlamet,WA,46.1954,-123.3627
Grays River,WA,46.3535,-123.5888
Rosburg,WA,46.3071,-123.6571
Skamokawa,WA,46.2952,-123.4332
Burbank,WA,46.1966,-118.9017
College Place,WA,46.0471,-118.4093
Dixie,WA,46.1408,-118.1531
Prescott,WA,46.3539,-118.4097
Touchet,WA,46.0903,-118.663
Waitsburg,WA,46.2691,-118.1447
Walla Walla,WA,46.0614,-118.3315
Wallula,WA,46.0846,-118.9061
Acme,WA,48.6752,-122.1914
Bellingham,WA,48.75216,-122.46446
Blaine,WA,48.97865,-122.7397
Custer,WA,48.9374,-122.6226
Deming,WA,48.8018,-122.0918
Everson,WA,48.9045,-122.3325
Ferndale,WA,48.8625,-122.5953
Lummi Island,WA,48.7128,-122.6823
Lynden,WA,48.9372,-122.4592
Maple Falls,WA,48.9533,-122.1283
Nooksack,WA,48.9276,-122.3215
Point Roberts,WA,48.9879,-123.0555
Sumas,WA,48.9708,-122.2074
Lamont,WA,47.1887,-117.8755
Tekoa,WA,47.2271,-117.0819
Albion,WA,46.792,-117.2503
Belmont,WA,47.0793,-117.177
Colfax,WA,46.88,-117.367
Colton,WA,46.5901,-117.1692
Endicott,WA,46.9364,-117.723
Farmington,WA,47.0847,-117.0763
Garfield,WA,46.9946,-117.1523
Hay,WA,46.6973,-117.9417
Lacrosse,WA,46.7717,-117.7703
Malden,WA,47.2288,-117.4727
Oakesdale,WA,47.1282,-117.2427
Palouse,WA,46.9076,-117.0855
Pullman,WA,46.73325,-117.17625
Rosalia,WA,47.2218,-117.4147
Saint John,WA,47.0755,-117.573
Steptoe,WA,47.006,-117.356
Thornton,WA,47.1253,-117.3864
Uniontown,WA,46.5258,-117.0908
Hooper,WA,46.7543,-118.148
Yakima,WA,46.593129,-120.609343
Brownstown,WA,46.4043,-120.607
Buena,WA,46.4287,-120.3134
Cowiche,WA,46.6661,-120.7149
Grandview,WA,46.2538,-119.9157
Granger,WA,46.348,-120.1818
Harrah,WA,46.4104,-120.5736
Mabton,WA,46.2121,-120.0151
Moxee,WA,46.5542,-120.3685
Naches,WA,46.8058,-120.9921
Outlook,WA,46.3525,-120.097
Parker,WA,46.501,-120.4653
Selah,WA,46.6767,-120.5408
Sunnyside,WA,46.3213,-120.0126
Tieton,WA,46.7063,-120.7473
Toppenish,WA,46.3751,-120.3305
Wapato,WA,46.4507,-120.4265
White Swan,WA,46.3716,-120.7453
Zillah,WA,46.4158,-120.2662
Adams,WI,43.8967,-89.8219
Dellwood,WI,43.9555,-89.9418
Friendship,WI,43.9896,-89.8149
Grand Marsh,WI,43.8869,-89.7062
Arkdale,WI,44.0529,-89.8962
Butternut,WI,46.0184,-90.4821
Clam Lake,WI,46.1638,-90.9024
Glidden,WI,46.1337,-90.5889
Mellen,WI,46.3007,-90.6552
Ashland,WI,46.5586,-90.7388
High Bridge,WI,46.3796,-90.7383
La Pointe,WI,46.8467,-90.6036
Marengo,WI,46.4071,-90.84
Odanah,WI,46.5608,-90.6197
Chetek,WI,45.317,-91.6542
Dallas,WI,45.2549,-91.8368
Prairie Farm,WI,45.2462,-91.9742
Almena,WI,45.4195,-92.0027
Barron,WI,45.4005,-91.85
Barronett,WI,45.619,-92.0196
Brill,WI,45.6027,-91.6721
Cameron,WI,45.4038,-91.731
Comstock,WI,45.4911,-92.086
Cumberland,WI,45.5403,-92.0297
Haugen,WI,45.6067,-91.7786
Mikana,WI,45.5919,-91.6013
Rice Lake,WI,45.5061,-91.7382
Turtle Lake,WI,45.4213,-92.1781
Bayfield,WI,46.8354,-90.8217
Benoit,WI,46.5019,-91.0769
Cable,WI,46.2172,-91.2244
Cornucopia,WI,46.8372,-91.0974
Drummond,WI,46.3119,-91.2856
Grand View,WI,46.3577,-91.1075
Herbster,WI,46.8213,-91.2332
Iron River,WI,46.579,-91.4211
Mason,WI,46.4399,-91.1318
Port Wing,WI,46.762,-91.392
Washburn,WI,46.6806,-90.9095
De Pere,WI,44.4388,-88.0806
Greenleaf,WI,44.2937,-88.0275
Pulaski,WI,44.6611,-88.2634
Suamico,WI,44.6435,-88.0317
Wrightstown,WI,44.3264,-88.1749
Denmark,WI,44.3594,-87.827
New Franken,WI,44.5592,-87.8235
Green Bay,WI,44.492967,-88.025892
Alma,WI,44.4294,-91.8079
Cochrane,WI,44.2672,-91.7715
Fountain City,WI,44.1364,-91.6779
Gilmanton,WI,44.4708,-91.676
Mondovi,WI,44.4877,-91.6807
Nelson,WI,44.4295,-92.0007
Danbury,WI,45.9726,-92.293
Grantsburg,WI,45.7953,-92.6935
Hertel,WI,45.8076,-92.1404
Siren,WI,45.7821,-92.3892
Webster,WI,45.874,-92.3227
Chilton,WI,44.0242,-88.1827
New Holstein,WI,44.00625,-88.1571
Stockbridge,WI,44.0717,-88.299
Brillion,WI,44.1779,-88.0833
Forest Junction,WI,44.2125,-88.1443
Hilbert,WI,44.1271,-88.207
Potter,WI,44.1199,-88.0965
Sherwood,WI,44.1764,-88.2779
Bloomer,WI,45.1025,-91.49
Boyd,WI,44.9437,-91.0294
Cadott,WI,44.963,-91.1699
Chippewa Falls,WI,44.9369,-91.3929
Cornell,WI,45.1619,-91.1733
Holcombe,WI,45.2513,-91.133
Jim Falls,WI,45.0889,-91.2568
New Auburn,WI,45.2356,-91.5197
Stanley,WI,44.9689,-90.9389
Abbotsford,WI,44.9641,-90.2994
Chili,WI,44.6301,-90.36
Colby,WI,44.9117,-90.3144
Curtiss,WI,44.9602,-90.4592
Dorchester,WI,45.0042,-90.3596
Granton,WI,44.5606,-90.4484
Greenwood,WI,44.7404,-90.6229
Loyal,WI,44.7272,-90.4922
Neillsville,WI,44.5494,-90.6112
Owen,WI,44.9578,-90.5469
Willard,WI,44.7274,-90.7499
Withee,WI,44.9757,-90.6049
Humbird,WI,44.5367,-90.8883
Thorp,WI,44.9573,-90.8029
Lodi,WI,43.327,-89.5554
Portage,WI,43.5501,-89.4714
Arlington,WI,43.3269,-89.3631
Cambria,WI,43.5724,-89.1156
Columbus,WI,43.3315,-89.0271
Doylestown,WI,43.4266,-89.1491
Fall River,WI,43.4008,-89.0625
Friesland,WI,43.5901,-89.0593
Pardeeville,WI,43.534,-89.3265
Poynette,WI,43.4013,-89.4189
Randolph,WI,43.53745,-89.0049
Rio,WI,43.4231,-89.2354
Wisconsin Dells,WI,43.6508,-89.7665
Wyocena,WI,43.4989,-89.305
Prairie Du Chien,WI,43.0426,-91.1193
Wauzeka,WI,43.1143,-90.9239
Eastman,WI,43.1959,-91.0193
Ferryville,WI,43.3959,-91.0446
Gays Mills,WI,43.2936,-90.8676
Lynxville,WI,43.2464,-91.0562
Mount Sterling,WI,43.3153,-90.9287
Seneca,WI,43.265,-90.9585
Soldiers Grove,WI,43.3919,-90.7663
Steuben,WI,43.1955,-90.8609
Belleville,WI,42.8669,-89.5377
Black Earth,WI,43.1322,-89.739
Blue Mounds,WI,43.005,-89.8345
Cambridge,WI,42.9918,-89.0209
Cottage Grove,WI,43.0784,-89.2017
Cross Plains,WI,43.1132,-89.6397
Dane,WI,43.2424,-89.5117
Deerfield,WI,43.0571,-89.0862
Deforest,WI,43.2478,-89.3437
Mc Farland,WI,43.0107,-89.2948
Marshall,WI,43.1636,-89.0753
Mazomanie,WI,43.1847,-89.7636
Middleton,WI,43.1052,-89.5073
Morrisonville,WI,43.2773,-89.3564
Mount Horeb,WI,43.002,-89.7414
Oregon,WI,42.9295,-89.387
Stoughton,WI,42.929,-89.224
Sun Prairie,WI,43.18965,-89.2428
Verona,WI,42.9999,-89.5522
Waunakee,WI,43.1818,-89.4532
Windsor,WI,43.2078,-89.3418
Madison,WI,43.0724,-89.402326
Ashippun,WI,43.2119,-88.5162
Brownsville,WI,43.6028,-88.523
Clyman,WI,43.3107,-88.7144
Horicon,WI,43.4469,-88.631
Hustisford,WI,43.3305,-88.603
Iron Ridge,WI,43.3934,-88.5441
Juneau,WI,43.3792,-88.6845
Lebanon,WI,43.2568,-88.6281
Lomira,WI,43.5795,-88.4513
Mayville,WI,43.5045,-88.5451
Neosho,WI,43.2978,-88.5205
Rubicon,WI,43.3121,-88.4528
Theresa,WI,43.5045,-88.4478
Watertown,WI,43.2347,-88.71695
Woodland,WI,43.3703,-88.5187
Lowell,WI,43.342,-88.7873
Reeseville,WI,43.3013,-88.8571
Beaver Dam,WI,43.4616,-88.8407
Burnett,WI,43.5116,-88.7176
Fox Lake,WI,43.5815,-88.9041
Waupun,WI,43.6324,-88.7373
Baileys Harbor,WI,45.0565,-87.1676
Brussels,WI,44.7476,-87.6225
Egg Harbor,WI,45.01,-87.2805
Ellison Bay,WI,45.2572,-87.0512
Ephraim,WI,45.1592,-87.171
Fish Creek,WI,45.1155,-87.2064
Forestville,WI,44.6996,-87.5215
Maplewood,WI,44.7475,-87.4793
Sister Bay,WI,45.1875,-87.1139
Sturgeon Bay,WI,44.8438,-87.3753
Washington Island,WI,45.3738,-86.8975
Brule,WI,46.5763,-91.5539
Foxboro,WI,46.4875,-92.1493
Gordon,WI,46.2336,-91.8033
Hawthorne,WI,46.503,-91.8607
Lake Nebagamon,WI,46.5023,-91.7402
Maple,WI,46.6206,-91.702
Poplar,WI,46.5771,-91.8253
Solon Springs,WI,46.4173,-91.811
South Range,WI,46.5688,-91.9352
Superior,WI,46.7016,-92.0912
Wascott,WI,46.1724,-91.7982
Boyceville,WI,45.0642,-92.0248
Colfax,WI,44.9993,-91.7357
Downing,WI,45.103,-92.1134
Downsville,WI,44.7747,-91.9321
Eau Galle,WI,44.7152,-91.9822
Elk Mound,WI,44.867,-91.6752
Knapp,WI,44.9545,-92.0752
Menomonie,WI,44.8718,-91.9265
Ridgeland,WI,45.1868,-91.879
Rock Falls,WI,44.7186,-91.6899
Sand Creek,WI,45.1669,-91.6863
Wheeler,WI,45.0719,-91.8871
Eau Claire,WI,44.809967,-91.5007
Altoona,WI,44.8021,-91.4382
Augusta,WI,44.6947,-91.1232
Fairchild,WI,44.5963,-90.9906
Fall Creek,WI,44.7684,-91.2856
Fence,WI,45.7444,-88.4243
Florence,WI,45.9027,-88.2289
Long Lake,WI,45.9138,-88.6235
Campbellsport,WI,43.6042,-88.2729
Eden,WI,43.6959,-88.3266
Malone,WI,43.8753,-88.2871
Mount Calvary,WI,43.8142,-88.2399
Oakfield,WI,43.6864,-88.5569
Saint Cloud,WI,43.8074,-88.1845
Brandon,WI,43.7258,-88.7841
Fairwater,WI,43.7475,-88.8665
Eldorado,WI,43.8415,-88.6388
Fond Du Lac,WI,43.7714,-88.493233
Ripon,WI,43.8454,-88.8424
Rosendale,WI,43.7889,-88.6417
Van Dyne,WI,43.8734,-88.51
Armstrong Creek,WI,45.6726,-88.4908
Argonne,WI,45.7118,-88.8104
Crandon,WI,45.5416,-88.9116
Laona,WI,45.5534,-88.6715
Wabeno,WI,45.4332,-88.6625
Blue River,WI,43.2366,-90.5873
Livingston,WI,42.9044,-90.442
Montfort,WI,42.9757,-90.4447
Muscoda,WI,43.2074,-90.457
Bagley,WI,42.9207,-91.0685
Beetown,WI,42.795,-90.8854
Bloomington,WI,42.8726,-90.9099
Boscobel,WI,43.1393,-90.7061
Cassville,WI,42.7288,-90.9608
Cuba City,WI,42.5991,-90.4749
Dickeyville,WI,42.6263,-90.5931
Fennimore,WI,42.9886,-90.655
Glen Haven,WI,42.8204,-91.0005
Hazel Green,WI,42.5359,-90.5118
Kieler,WI,42.5814,-90.6026
Lancaster,WI,42.8445,-90.7109
Mount Hope,WI,42.9689,-90.8665
Patch Grove,WI,42.9422,-90.9646
Platteville,WI,42.7393,-90.4854
Potosi,WI,42.6884,-90.7002
Sinsinawa,WI,42.5236,-90.5393
Stitzer,WI,42.9214,-90.6079
Woodman,WI,43.0577,-90.8245
Albany,WI,42.7155,-89.4357
Brodhead,WI,42.6111,-89.3714
Brooklyn,WI,42.8423,-89.3818
Browntown,WI,42.5579,-89.7816
Juda,WI,42.5679,-89.5026
Monroe,WI,42.5991,-89.6403
Monticello,WI,42.7415,-89.6081
New Glarus,WI,42.8143,-89.6437
Dalton,WI,43.6718,-89.1918
Kingston,WI,43.6911,-89.1302
Markesan,WI,43.714,-89.007
Marquette,WI,43.7459,-89.1397
Berlin,WI,43.9769,-88.949
Green Lake,WI,43.8444,-88.9685
Princeton,WI,43.8438,-89.1249
Arena,WI,43.1521,-89.9386
Avoca,WI,43.1571,-90.2889
Barneveld,WI,43.0158,-89.9042
Cobb,WI,42.966,-90.3324
Dodgeville,WI,42.97295,-90.14085
Edmund,WI,42.9675,-90.2646
Highland,WI,43.0524,-90.365
Hollandale,WI,42.8773,-89.913
Linden,WI,42.9184,-90.2797
Mineral Point,WI,42.8547,-90.1646
Rewey,WI,42.8594,-90.3804
Ridgeway,WI,43.0077,-89.9889
Gile,WI,46.4283,-90.2252
Hurley,WI,46.4448,-90.1975
Iron Belt,WI,46.3955,-90.3245
Mercer,WI,46.1696,-90.0679
Montreal,WI,46.428,-90.246
Saxon,WI,46.4959,-90.4383
Upson,WI,46.3761,-90.4051
Alma Center,WI,44.4452,-90.9356
Black River Falls,WI,44.2954,-90.8313
Hixton,WI,44.4038,-91.0442
Melrose,WI,44.1382,-91.0445
Millston,WI,44.1869,-90.6358
Taylor,WI,44.2899,-91.1128
Merrillan,WI,44.4369,-90.8105
Ixonia,WI,43.1477,-88.5886
Johnson Creek,WI,43.0751,-88.7836
Helenville,WI,43.009,-88.6726
Palmyra,WI,42.8793,-88.5903
Sullivan,WI,42.9982,-88.6026
Fort Atkinson,WI,42.9229,-88.8467
Jefferson,WI,43.0006,-88.8078
Lake Mills,WI,43.0816,-88.9133
Waterloo,WI,43.1832,-88.9838
Elroy,WI,43.7516,-90.2889
Lyndon Station,WI,43.6899,-89.8915
Mauston,WI,43.7934,-90.0641
New Lisbon,WI,43.8877,-90.1524
Union Center,WI,43.6853,-90.2668
Wonewoc,WI,43.6285,-90.2394
Camp Douglas,WI,43.9885,-90.2393
Hustler,WI,43.8801,-90.2729
Mather,WI,44.1427,-90.3087
Necedah,WI,44.0345,-90.06
Bassett,WI,42.5406,-88.2279
Benet Lake,WI,42.5001,-88.08
Bristol,WI,42.5325,-88.0478
Camp Lake,WI,42.536,-88.1444
Kenosha,WI,42.58268,-87.84558
New Munster,WI,42.5746,-88.2326
Pleasant Prairie,WI,42.5293,-87.8855
Powers Lake,WI,42.5557,-88.2969
Salem,WI,42.5709,-88.1287
Silver Lake,WI,42.552,-88.1608
Somers,WI,42.6423,-87.9032
Trevor,WI,42.5201,-88.1387
Twin Lakes,WI,42.5232,-88.2573
Wilmot,WI,42.5128,-88.182
Woodworth,WI,42.5581,-88.0012
Algoma,WI,44.6101,-87.4578
Casco,WI,44.5833,-87.6231
Kewaunee,WI,44.4401,-87.5594
Luxemburg,WI,44.5506,-87.7156
La Crosse,WI,43.851767,-91.211167
Bangor,WI,43.8687,-90.9809
Holmen,WI,43.9761,-91.2497
Mindoro,WI,44.0287,-91.0642
Onalaska,WI,43.8974,-91.2314
Rockland,WI,43.9064,-90.9193
West Salem,WI,43.9063,-91.0893
Argyle,WI,42.6955,-89.8598
Belmont,WI,42.7308,-90.3359
Blanchardville,WI,42.8062,-89.8555
Darlington,WI,42.6878,-90.1106
Gratiot,WI,42.5759,-90.0243
Shullsburg,WI,42.5786,-90.2266
South Wayne,WI,42.5822,-89.8888
Woodford,WI,42.6493,-89.8622
Benton,WI,42.5545,-90.3508
Antigo,WI,45.1314,-89.1419
Bryant,WI,45.203,-88.9983
Deerbrook,WI,45.2368,-89.1873
Elcho,WI,45.4409,-89.1516
Elton,WI,45.1562,-88.8837
Pearson,WI,45.3641,-89.0165
Phlox,WI,45.0511,-89.0143
Pickerel,WI,45.3567,-88.9137
Summit Lake,WI,45.3965,-89.2179
White Lake,WI,45.1715,-88.7555
Gleason,WI,45.3384,-89.4753
Irma,WI,45.3485,-89.6611
Merrill,WI,45.1809,-89.6907
Tomahawk,WI,45.4963,-89.7273
Heafford Junction,WI,45.5472,-89.7154
Cleveland,WI,43.9217,-87.7673
Kiel,WI,43.9341,-87.9956
Newton,WI,43.9836,-87.7848
Collins,WI,44.091,-87.9902
Francis Creek,WI,44.2,-87.72
Kellnersville,WI,44.2226,-87.8017
Manitowoc,WI,44.1147,-87.64065
Maribel,WI,44.2852,-87.8055
Mishicot,WI,44.2609,-87.6447
Reedsville,WI,44.1576,-87.966
Saint Nazianz,WI,44.0064,-87.9229
Tisch Mills,WI,44.3272,-87.6237
Two Rivers,WI,44.166,-87.5855
Valders,WI,44.042,-87.8812
Whitelaw,WI,44.1573,-87.8267
Wausau,WI,44.939733,-89.6695
Aniwa,WI,45.0088,-89.3578
Athens,WI,44.9823,-90.0078
Brokaw,WI,45.0273,-89.6541
Edgar,WI,44.9046,-90.0125
Eland,WI,44.8309,-89.2461
Elderon,WI,44.7802,-89.2478
Galloway,WI,44.7128,-89.2643
Hatley,WI,44.8256,-89.3777
Marathon,WI,44.9291,-89.8404
Mosinee,WI,44.7997,-89.6845
Ringle,WI,44.9238,-89.4328
Rothschild,WI,44.8843,-89.6193
Schofield,WI,44.9064,-89.5818
Spencer,WI,44.7391,-90.3114
Stratford,WI,44.7899,-90.0583
Unity,WI,44.8227,-90.3221
Amberg,WI,45.4989,-87.9643
Athelstane,WI,45.4228,-88.1753
Coleman,WI,45.0722,-88.0587
Crivitz,WI,45.2617,-88.078
Dunbar,WI,45.6009,-88.1067
Goodman,WI,45.6469,-88.3629
Marinette,WI,45.0874,-87.6697
Niagara,WI,45.7653,-88.0309
Pembine,WI,45.6074,-87.9704
Peshtigo,WI,45.048,-87.8103
Porterfield,WI,45.1934,-87.8062
Pound,WI,45.1273,-88.1396
Wausaukee,WI,45.3495,-87.9099
Briggsville,WI,43.6759,-89.5803
Endeavor,WI,43.6963,-89.4617
Montello,WI,43.769,-89.3586
Oxford,WI,43.7799,-89.5632
Packwaukee,WI,43.7644,-89.4576
Westfield,WI,43.8968,-89.502
Neshkoro,WI,43.8989,-89.2336
Keshena,WI,44.9146,-88.6357
Neopit,WI,44.9808,-88.8309
Cudahy,WI,42.949,-87.862
Greendale,WI,42.9373,-87.9943
Hales Corners,WI,42.941,-88.0503
Franklin,WI,42.9017,-88.0086
Oak Creek,WI,42.8892,-87.9027
South Milwaukee,WI,42.9105,-87.8646
Milwaukee,WI,43.049795,-87.952922
Saint Francis,WI,42.9731,-87.8687
Cashton,WI,43.7456,-90.7612
Cataract,WI,44.0876,-90.8423
Kendall,WI,43.7922,-90.3685
Norwalk,WI,43.8128,-90.6801
Oakdale,WI,43.9715,-90.3612
Sparta,WI,43.954,-90.8146
Tomah,WI,43.9838,-90.4733
Tunnel City,WI,44.0031,-90.562
Warrens,WI,44.157,-90.4967
Wilton,WI,43.8322,-90.5162
Abrams,WI,44.7869,-88.0571
Gillett,WI,44.9018,-88.3242
Lakewood,WI,45.3163,-88.5032
Lena,WI,44.956,-88.075
Little Suamico,WI,44.7175,-88.0093
Mountain,WI,45.1991,-88.4583
Oconto,WI,44.8914,-87.8917
Oconto Falls,WI,44.8755,-88.1555
Sobieski,WI,44.7105,-88.1076
Suring,WI,45.0186,-88.3628
Townsend,WI,45.3148,-88.6107
Pelican Lake,WI,45.5049,-89.1817
Rhinelander,WI,45.7045,-89.3866
Harshaw,WI,45.6762,-89.6503
Hazelhurst,WI,45.7745,-89.7478
Lake Tomahawk,WI,45.8035,-89.5856
Mc Naughton,WI,45.7229,-89.5573
Minocqua,WI,45.8719,-89.758
Three Lakes,WI,45.8046,-89.1328
Tripoli,WI,45.5814,-89.9852
Woodruff,WI,45.9186,-89.6954
Black Creek,WI,44.4702,-88.4547
Combined Locks,WI,44.2666,-88.3133
Kaukauna,WI,44.2956,-88.2717
Freedom,WI,44.4163,-88.4649
Kimberly,WI,44.2701,-88.3384
Little Chute,WI,44.2842,-88.312
Nichols,WI,44.5668,-88.4582
Oneida,WI,44.5166,-88.1859
Seymour,WI,44.5091,-88.3172
Shiocton,WI,44.4972,-88.5562
Appleton,WI,44.328167,-88.425117
Bear Creek,WI,44.5348,-88.7404
Dale,WI,44.273,-88.6784
Greenville,WI,44.3003,-88.5365
Hortonville,WI,44.3273,-88.6281
Belgium,WI,43.4995,-87.8509
Cedarburg,WI,43.3034,-88.0029
Fredonia,WI,43.477,-87.9612
Grafton,WI,43.3231,-87.9521
Port Washington,WI,43.3955,-87.8797
Saukville,WI,43.3913,-87.9568
Mequon,WI,43.24125,-87.99455
Arkansaw,WI,44.6267,-92.0566
Durand,WI,44.63,-91.9295
Pepin,WI,44.4587,-92.1394
Stockholm,WI,44.5084,-92.2326
Beldenville,WI,44.7721,-92.4372
East Ellsworth,WI,44.7348,-92.4655
Ellsworth,WI,44.7302,-92.489
Hager City,WI,44.627,-92.5501
Prescott,WI,44.7476,-92.7535
River Falls,WI,44.855,-92.6313
Bay City,WI,44.6166,-92.4469
Elmwood,WI,44.7561,-92.2022
Maiden Rock,WI,44.6086,-92.2782
Plum City,WI,44.636,-92.1837
Spring Valley,WI,44.8356,-92.2906
Amery,WI,45.3486,-92.4014
Clayton,WI,45.3063,-92.1395
Clear Lake,WI,45.2365,-92.2749
Cushing,WI,45.5604,-92.6241
Dresser,WI,45.3546,-92.5623
Osceola,WI,45.3218,-92.6971
Saint Croix Falls,WI,45.5097,-92.6117
Star Prairie,WI,45.2013,-92.5514
Balsam Lake,WI,45.4588,-92.415
Centuria,WI,45.4484,-92.5477
Frederic,WI,45.6729,-92.3545
Luck,WI,45.5568,-92.4164
Milltown,WI,45.5271,-92.5017
Amherst,WI,44.4231,-89.3035
Amherst Junction,WI,44.5065,-89.3038
Custer,WI,44.5662,-89.4153
Junction City,WI,44.5963,-89.7438
Nelsonville,WI,44.495,-89.3098
Plover,WI,44.4507,-89.5428
Rosholt,WI,44.6622,-89.3356
Stevens Point,WI,44.528967,-89.5352
Almond,WI,44.2898,-89.3584
Bancroft,WI,44.3065,-89.5304
Ogema,WI,45.4392,-90.2565
Brantwood,WI,45.5514,-90.116
Catawba,WI,45.5081,-90.5146
Fifield,WI,45.8143,-90.453
Kennan,WI,45.535,-90.591
Park Falls,WI,45.9363,-90.4246
Phillips,WI,45.6975,-90.4041
Prentice,WI,45.5482,-90.2942
Burlington,WI,42.666,-88.2749
Caledonia,WI,42.8295,-87.9228
Franksville,WI,42.7859,-87.9873
Kansasville,WI,42.7012,-88.118
Rochester,WI,42.7414,-88.2243
Sturtevant,WI,42.6967,-87.9031
Union Grove,WI,42.6896,-88.039
Waterford,WI,42.7632,-88.1974
Racine,WI,42.730975,-87.776988
Gotham,WI,43.2233,-90.2915
Lone Rock,WI,43.2208,-90.2352
Richland Center,WI,43.3661,-90.4302
Sextonville,WI,43.2794,-90.2876
Cazenovia,WI,43.4987,-90.2796
Afton,WI,42.6055,-89.0704
Avalon,WI,42.6593,-88.8307
Beloit,WI,42.53515,-89.0589
Clinton,WI,42.5535,-88.8705
Edgerton,WI,42.8386,-89.0642
Evansville,WI,42.7732,-89.2877
Footville,WI,42.6726,-89.2112
Hanover,WI,42.6323,-89.1594
Janesville,WI,42.70465,-89.05045
Milton,WI,42.7791,-88.9531
Orfordville,WI,42.6278,-89.2533
Glen Flora,WI,45.4862,-90.8479
Hawkins,WI,45.5241,-90.7114
Tony,WI,45.4741,-90.9869
Conrath,WI,45.3533,-91.0621
Sheldon,WI,45.3182,-90.9141
Bruce,WI,45.4479,-91.2906
Ladysmith,WI,45.4719,-91.1088
Weyerhaeuser,WI,45.4263,-91.4289
Baldwin,WI,44.9657,-92.3655
Deer Park,WI,45.169,-92.3585
Glenwood City,WI,45.0623,-92.1816
Hammond,WI,44.967,-92.4472
Hudson,WI,44.9842,-92.7271
New Richmond,WI,45.123,-92.5366
Roberts,WI,44.9874,-92.5598
Somerset,WI,45.1331,-92.6865
Wilson,WI,44.9466,-92.1965
Woodville,WI,44.9408,-92.2848
Houlton,WI,45.0655,-92.7572
Merrimac,WI,43.3855,-89.6323
Plain,WI,43.2927,-90.0558
Prairie Du Sac,WI,43.2956,-89.7452
Sauk City,WI,43.2686,-89.7418
Spring Green,WI,43.1883,-90.0676
Baraboo,WI,43.4825,-89.7462
Hillpoint,WI,43.3951,-90.1588
Lake Delton,WI,43.5939,-89.7912
La Valle,WI,43.5699,-90.128
Lime Ridge,WI,43.4682,-90.1615
Loganville,WI,43.405,-90.0337
North Freedom,WI,43.4106,-89.849
Reedsburg,WI,43.4627,-89.9759
Rock Springs,WI,43.4681,-89.9218
Couderay,WI,45.838,-91.2918
Edgewater,WI,45.7424,-91.4765
Exeland,WI,45.6753,-91.2238
Hayward,WI,45.9552,-91.2783
Ojibwa,WI,45.7854,-91.1109
Radisson,WI,45.7734,-91.2262
Stone Lake,WI,45.8337,-91.5093
Winter,WI,45.8327,-91.0144
Bonduel,WI,44.6992,-88.4543
Cecil,WI,44.811,-88.4183
Green Valley,WI,44.7964,-88.2696
Gresham,WI,44.853,-88.7887
Krakow,WI,44.7635,-88.2593
Shawano,WI,44.7851,-88.6036
Zachow,WI,44.7315,-88.3698
Birnamwood,WI,44.9269,-89.2124
Bowler,WI,44.9337,-88.9761
Mattoon,WI,45.0062,-89.0474
Tigerton,WI,44.7299,-89.0569
Wittenberg,WI,44.8232,-89.1665
Caroline,WI,44.7276,-88.8887
Leopolis,WI,44.7812,-88.8722
Tilleda,WI,44.796,-88.8984
Adell,WI,43.6151,-88.0254
Cascade,WI,43.6591,-88.0947
Cedar Grove,WI,43.5751,-87.8401
Elkhart Lake,WI,43.8436,-87.9767
Glenbeulah,WI,43.7666,-88.1049
Greenbush,WI,43.7767,-88.084
Hingham,WI,43.6394,-87.9157
Kohler,WI,43.7381,-87.7867
Oostburg,WI,43.6229,-87.797
Plymouth,WI,43.7526,-87.9779
Random Lake,WI,43.5672,-87.9816
Sheboygan,WI,43.758967,-87.703133
Sheboygan Falls,WI,43.7266,-87.8242
Waldo,WI,43.6571,-87.9722
Gilman,WI,45.1891,-90.8257
Jump River,WI,45.353,-90.8012
Hannibal,WI,45.2525,-90.789
Lublin,WI,45.0739,-90.7337
Medford,WI,45.1512,-90.3503
Rib Lake,WI,45.2984,-90.1763
Stetsonville,WI,45.0792,-90.2829
Westboro,WI,45.3445,-90.3072
Arcadia,WI,44.2539,-91.4805
Blair,WI,44.2968,-91.2235
Dodge,WI,44.1431,-91.5204
Ettrick,WI,44.1724,-91.2635
Galesville,WI,44.0888,-91.3588
Trempealeau,WI,44.0218,-91.4282
Eleva,WI,44.5985,-91.4804
Independence,WI,44.3959,-91.4535
Osseo,WI,44.5599,-91.2191
Pigeon Falls,WI,44.4249,-91.2074
Strum,WI,44.5674,-91.3833
Whitehall,WI,44.3827,-91.303
Chaseburg,WI,43.6794,-91.0799
Coon Valley,WI,43.7218,-91.0143
De Soto,WI,43.4807,-91.1333
Genoa,WI,43.5641,-91.1461
Hillsboro,WI,43.5966,-90.4266
La Farge,WI,43.6,-90.6365
Ontario,WI,43.7172,-90.6205
Readstown,WI,43.4508,-90.7579
Stoddard,WI,43.6912,-91.1919
Viola,WI,43.5048,-90.6554
Viroqua,WI,43.5442,-90.8939
Westby,WI,43.6631,-90.874
Boulder Junction,WI,46.1112,-89.6325
Conover,WI,46.044,-89.2389
Eagle River,WI,45.9161,-89.2531
Lac Du Flambeau,WI,45.9718,-89.8901
Land O Lakes,WI,46.1563,-89.3218
Manitowish Waters,WI,46.1551,-89.8455
Phelps,WI,46.0645,-89.0815
Presque Isle,WI,46.2,-89.7387
Saint Germain,WI,45.9183,-89.4866
Sayner,WI,45.9867,-89.5194
Star Lake,WI,46.0613,-89.4858
Darien,WI,42.5973,-88.7508
Delavan,WI,42.6227,-88.6277
East Troy,WI,42.8035,-88.4092
Elkhorn,WI,42.7009,-88.5462
Fontana,WI,42.5429,-88.5684
Genoa City,WI,42.5323,-88.3485
Honey Creek,WI,42.7483,-88.3079
Lake Geneva,WI,42.5881,-88.4554
Lyons,WI,42.6487,-88.359
Pell Lake,WI,42.54,-88.3582
Springfield,WI,42.636,-88.416
Walworth,WI,42.535,-88.6027
Whitewater,WI,42.8272,-88.7429
Williams Bay,WI,42.5767,-88.5431
Zenda,WI,42.5136,-88.4843
Sharon,WI,42.5194,-88.7265
Spooner,WI,45.8505,-91.9155
Birchwood,WI,45.6403,-91.5776
Minong,WI,46.1044,-91.8506
Sarona,WI,45.7085,-91.7621
Shell Lake,WI,45.7536,-91.9606
Springbrook,WI,45.9452,-91.6754
Trego,WI,45.9516,-91.8581
Allenton,WI,43.4681,-88.3539
Colgate,WI,43.1998,-88.2406
Germantown,WI,43.2189,-88.1165
Hartford,WI,43.3157,-88.3707
Hubertus,WI,43.2343,-88.2311
Jackson,WI,43.3252,-88.1626
Kewaskum,WI,43.5214,-88.1925
Newburg,WI,43.4338,-88.0623
Richfield,WI,43.2739,-88.2155
Slinger,WI,43.3322,-88.2824
West Bend,WI,43.4331,-88.1904
Brookfield,WI,43.0632,-88.117133
Butler,WI,43.1054,-88.071
Delafield,WI,43.05,-88.3972
Hartland,WI,43.1172,-88.3446
Lannon,WI,43.1497,-88.1639
Menomonee Falls,WI,43.16955,-88.11505
Merton,WI,43.146,-88.3097
Nashotah,WI,43.1118,-88.4089
North Lake,WI,43.1561,-88.3707
Oconomowoc,WI,43.1095,-88.4862
Okauchee,WI,43.113,-88.4323
Pewaukee,WI,43.0788,-88.2729
Sussex,WI,43.1441,-88.2271
Big Bend,WI,42.8885,-88.2122
Dousman,WI,43.0142,-88.4726
Eagle,WI,42.8809,-88.4674
Elm Grove,WI,43.0479,-88.0854
Genesee Depot,WI,42.9601,-88.3745
New Berlin,WI,42.9781,-88.12495
Mukwonago,WI,42.8821,-88.3451
Muskego,WI,42.9047,-88.1214
North Prairie,WI,42.9385,-88.395
Wales,WI,43.0088,-88.3787
Waukesha,WI,42.99385,-88.254475
Big Falls,WI,44.6178,-89.0166
Clintonville,WI,44.6364,-88.743
Embarrass,WI,44.6686,-88.7043
Fremont,WI,44.2379,-88.8449
Iola,WI,44.5201,-89.134
King,WI,44.3365,-89.1463
Manawa,WI,44.4701,-88.9164
Marion,WI,44.6794,-88.8767
New London,WI,44.3928,-88.7554
Ogdensburg,WI,44.4268,-88.9932
Readfield,WI,44.27,-88.7755
Scandinavia,WI,44.4604,-89.165
Waupaca,WI,44.3481,-89.1101
Weyauwega,WI,44.321,-88.941
Coloma,WI,44.0275,-89.4943
Hancock,WI,44.1297,-89.5344
Pine River,WI,44.1604,-89.0404
Plainfield,WI,44.2091,-89.4559
Poy Sippi,WI,44.131,-88.9836
Redgranite,WI,44.0438,-89.0981
Saxeville,WI,44.1761,-89.1146
Wautoma,WI,44.0656,-89.2666
Wild Rose,WI,44.1834,-89.1953
Oshkosh,WI,44.03684,-88.59328
Butte Des Morts,WI,44.1031,-88.6539
Eureka,WI,44.0032,-88.8397
Larsen,WI,44.1984,-88.6963
Menasha,WI,44.2112,-88.4175
Neenah,WI,44.18345,-88.4709
Omro,WI,44.0357,-88.7519
Pickett,WI,43.9009,-88.7135
Waukau,WI,43.9886,-88.7712
Winnebago,WI,44.0706,-88.5178
Winneconne,WI,44.1187,-88.7214
Marshfield,WI,44.666433,-90.174
Arpin,WI,44.5419,-90.037
Auburndale,WI,44.6378,-90.0136
Babcock,WI,44.3031,-90.0986
Blenker,WI,44.6191,-89.9186
Hewitt,WI,44.6437,-90.1031
Milladore,WI,44.6044,-89.8875
Nekoosa,WI,44.282,-89.8814
Pittsville,WI,44.4375,-90.1892
Port Edwards,WI,44.3497,-89.8652
Rudolph,WI,44.4741,-89.8003
Vesper,WI,44.4677,-89.9826
Wisconsin Rapids,WI,44.38195,-89.8645
Volga,WV,39.0784,-80.1354
Belington,WV,39.0244,-79.9495
Junior,WV,38.9784,-79.9494
Galloway,WV,39.2318,-80.122
Moatsville,WV,39.2234,-79.9017
Philippi,WV,39.1613,-80.0492
Martinsburg,WV,39.466,-77.95364
Bunker Hill,WV,39.3276,-78.0487
Falling Waters,WV,39.5865,-77.8852
Gerrardstown,WV,39.378,-78.1141
Glengary,WV,39.3813,-78.1435
Hedgesville,WV,39.5214,-78.0912
Inwood,WV,39.3701,-78.0242
Ridgeway,WV,39.2973,-78.0717
Ashford,WV,38.1823,-81.7113
Bim,WV,37.9218,-81.6893
Bloomingrose,WV,38.1412,-81.6367
Bob White,WV,37.9543,-81.7185
Comfort,WV,38.1372,-81.5962
Costa,WV,38.1591,-81.7092
Danville,WV,38.0809,-81.834
Foster,WV,38.0908,-81.7659
Gordon,WV,37.987,-81.6954
Hewett,WV,37.9581,-81.8509
Jeffrey,WV,37.9715,-81.8215
Madison,WV,38.0444,-81.7938
Nellis,WV,38.153,-81.7321
Orgas,WV,38.0492,-81.5688
Ottawa,WV,37.9587,-81.8165
Peytona,WV,38.125,-81.7018
Racine,WV,38.141,-81.6588
Ridgeview,WV,38.1486,-81.7725
Seth,WV,38.0971,-81.6393
Sylvester,WV,38.0091,-81.5492
Turtle Creek,WV,38.0298,-81.8729
Twilight,WV,37.926,-81.6141
Uneeda,WV,38.0357,-81.7807
Van,WV,37.9712,-81.7022
Wharton,WV,37.9034,-81.6773
Whitesville,WV,37.9916,-81.5422
Julian,WV,38.1264,-81.8642
Burnsville,WV,38.7775,-80.657
Sutton,WV,38.6541,-80.676
Copen,WV,38.8376,-80.7295
Exchange,WV,38.7358,-80.7324
Flatwoods,WV,38.7232,-80.6498
Frametown,WV,38.6305,-80.8589
Gassaway,WV,38.6862,-80.7863
Heaters,WV,38.7621,-80.6406
Little Birch,WV,38.579,-80.7068
Napier,WV,38.7909,-80.5887
Beech Bottom,WV,40.2259,-80.6513
Bethany,WV,40.2107,-80.5503
Colliers,WV,40.3484,-80.5493
Follansbee,WV,40.3296,-80.585
Short Creek,WV,40.1856,-80.6745
Wellsburg,WV,40.2548,-80.5961
Windsor Heights,WV,40.1927,-80.6659
Barboursville,WV,38.3893,-82.296
Culloden,WV,38.4198,-82.069
Lesage,WV,38.477,-82.2957
Milton,WV,38.414,-82.1458
Ona,WV,38.4529,-82.2181
Salt Rock,WV,38.3265,-82.247
Huntington,WV,38.41474,-82.34175
Arnoldsburg,WV,38.8227,-81.1551
Chloe,WV,38.6686,-81.0944
Millstone,WV,38.8015,-81.0962
Orma,WV,38.7481,-81.0998
Big Bend,WV,38.9719,-81.136
Big Springs,WV,38.9854,-81.0721
Grantsville,WV,38.9324,-81.0763
Mount Zion,WV,38.8286,-81.1322
Bickmore,WV,38.3729,-81.0868
Bomont,WV,38.4498,-81.2323
Clay,WV,38.4764,-81.0696
Duck,WV,38.5647,-80.9764
Glen,WV,38.3943,-81.2426
Indore,WV,38.3498,-81.1269
Ivydale,WV,38.5357,-81.0348
Lizemores,WV,38.3366,-81.1633
Maysel,WV,38.4939,-81.1227
Nebo,WV,38.6271,-81.0257
Procious,WV,38.4912,-81.1989
Widen,WV,38.4662,-80.8573
Wallback,WV,38.5432,-81.1114
Dille,WV,38.489,-80.8257
Center Point,WV,39.4125,-80.6352
New Milton,WV,39.1899,-80.7076
Smithburg,WV,39.2893,-80.7343
West Union,WV,39.2762,-80.7911
Alloy,WV,38.1376,-81.2743
Boomer,WV,38.1519,-81.2656
Cannelton,WV,38.1943,-81.2959
Charlton Heights,WV,38.1237,-81.234
Deep Water,WV,38.1268,-81.2637
Gauley Bridge,WV,38.1689,-81.196
Glen Ferris,WV,38.1532,-81.2148
Kanawha Falls,WV,38.1426,-81.2065
Kimberly,WV,38.1249,-81.3217
Kincaid,WV,38.0407,-81.2701
Montgomery,WV,38.1725,-81.3222
Mount Carbon,WV,38.1399,-81.2931
Page,WV,38.0529,-81.2698
Powellton,WV,38.099,-81.324
Robson,WV,38.0973,-81.2488
Mount Olive,WV,38.2379,-81.2334
Smithers,WV,38.1812,-81.3071
Ansted,WV,38.1369,-81.0955
Danese,WV,37.9567,-80.9379
Dothan,WV,38.0413,-81.0648
Edmond,WV,38.0544,-81.0326
Fayetteville,WV,38.064,-81.0943
Glen Jean,WV,37.9265,-81.1501
Hico,WV,38.1094,-80.9638
Hilltop,WV,37.9429,-81.1509
Lansing,WV,38.0869,-81.0588
Layland,WV,37.8893,-80.9712
Lochgelly,WV,38.0107,-81.1451
Lookout,WV,38.0654,-80.9684
Minden,WV,37.9758,-81.115
Mount Hope,WV,37.8856,-81.1863
Oak Hill,WV,37.9723,-81.1487
Pax,WV,37.911,-81.2648
Prince,WV,37.8532,-81.0817
Scarbro,WV,37.9488,-81.1531
Thurmond,WV,37.9554,-81.0714
Victor,WV,38.1402,-81.0322
Winona,WV,38.0465,-80.9923
Meadow Bridge,WV,37.878,-80.8521
Spring Dale,WV,37.8798,-80.8034
Nallen,WV,38.1107,-80.877
Normantown,WV,38.8802,-80.9419
Coxs Mills,WV,39.0301,-80.8498
Glenville,WV,38.9409,-80.8313
Linn,WV,38.9573,-80.73
Sand Fork,WV,38.914,-80.7498
Troy,WV,39.0839,-80.7549
Cedarville,WV,38.8451,-80.8323
Rosedale,WV,38.7393,-80.9429
Shock,WV,38.7617,-81.0045
Bayard,WV,39.2729,-79.3645
Gormania,WV,39.2803,-79.3296
Lahmansville,WV,39.1642,-79.0433
Mount Storm,WV,39.2652,-79.2255
Maysville,WV,39.0712,-79.1937
Petersburg,WV,38.9908,-79.1293
Cabins,WV,38.9512,-79.2783
Lewisburg,WV,37.8083,-80.4407
Fairlea,WV,37.7747,-80.4615
Alderson,WV,37.7371,-80.661
Asbury,WV,37.8313,-80.5747
Caldwell,WV,37.7807,-80.394
Crawley,WV,37.9397,-80.6309
Frankford,WV,37.9154,-80.3353
Grassy Meadows,WV,37.8268,-80.7209
Maxwelton,WV,37.8765,-80.4192
Renick,WV,37.9922,-80.3653
Ronceverte,WV,37.7418,-80.4626
Smoot,WV,37.8772,-80.668
White Sulphur Springs,WV,37.7827,-80.3129
Williamsburg,WV,37.9701,-80.4923
Charmco,WV,38.0023,-80.737
Rainelle,WV,37.9661,-80.7821
Leslie,WV,38.0446,-80.7229
Quinwood,WV,38.0576,-80.7068
Rupert,WV,37.9685,-80.6696
Levels,WV,39.4976,-78.5508
Points,WV,39.4401,-78.6103
Slanesville,WV,39.3732,-78.5228
Augusta,WV,39.2998,-78.5931
Capon Bridge,WV,39.2802,-78.4644
Delray,WV,39.1945,-78.6042
Green Spring,WV,39.5029,-78.6272
Rio,WV,39.1847,-78.727
Romney,WV,39.3424,-78.7481
Shanks,WV,39.2849,-78.6995
Springfield,WV,39.463,-78.695
High View,WV,39.2225,-78.4425
Bloomery,WV,39.3604,-78.3917
Capon Springs,WV,39.1362,-78.4845
Purgitsville,WV,39.2681,-78.906
Yellow Spring,WV,39.1823,-78.5095
Chester,WV,40.5981,-80.5584
New Cumberland,WV,40.5228,-80.5901
Newell,WV,40.614,-80.6011
New Manchester,WV,40.5315,-80.5801
Weirton,WV,40.4137,-80.5683
Baker,WV,39.0656,-78.7748
Lost City,WV,38.9812,-78.7448
Mathias,WV,38.8744,-78.8814
Fisher,WV,39.075,-79.0342
Moorefield,WV,38.9907,-78.9745
Milam,WV,38.8125,-79.0729
Old Fields,WV,39.1502,-78.9509
Wardensville,WV,39.0562,-78.6175
Clarksburg,WV,39.2801,-80.344967
Anmoore,WV,39.2587,-80.2875
Bridgeport,WV,39.2954,-80.2427
Gypsy,WV,39.3687,-80.3179
Haywood,WV,39.3812,-80.3359
Hepzibah,WV,39.3312,-80.3325
Lost Creek,WV,39.1725,-80.3777
Lumberport,WV,39.3781,-80.3676
Meadowbrook,WV,39.3518,-80.3187
Mount Clare,WV,39.2107,-80.2899
Reynoldsville,WV,39.2884,-80.4348
Salem,WV,39.2829,-80.559
Shinnston,WV,39.3888,-80.2834
Spelter,WV,39.3465,-80.3206
Wallace,WV,39.4117,-80.4865
West Milford,WV,39.1996,-80.4026
Wyatt,WV,39.4351,-80.3534
Enterprise,WV,39.4209,-80.2779
Advent,WV,38.6104,-81.5587
Cottageville,WV,38.8633,-81.8186
Evans,WV,38.8113,-81.7909
Gay,WV,38.7706,-81.5532
Given,WV,38.707,-81.7223
Kenna,WV,38.6232,-81.6217
Le Roy,WV,38.8888,-81.5326
Millwood,WV,38.8962,-81.8248
Mount Alto,WV,38.8639,-81.8784
Ripley,WV,38.809,-81.702
Sandyville,WV,38.9093,-81.6543
Ravenswood,WV,38.9468,-81.7524
Bakerton,WV,39.3159,-77.8772
Charles Town,WV,39.2771,-77.8563
Halltown,WV,39.314,-77.7978
Harpers Ferry,WV,39.3153,-77.7694
Kearneysville,WV,39.322,-77.9588
Millville,WV,39.294,-77.7858
Ranson,WV,39.2995,-77.8606
Rippon,WV,39.3159,-77.8772
Shenandoah Junction,WV,39.3716,-77.8229
Shepherdstown,WV,39.4311,-77.8158
Summit Point,WV,39.2338,-77.9586
Alum Creek,WV,38.2868,-81.8051
Belle,WV,38.2324,-81.5024
Blount,WV,38.3121,-81.4052
Blue Creek,WV,38.4908,-81.3928
Cabin Creek,WV,38.193,-81.4984
Cedar Grove,WV,38.2212,-81.4279
Clendenin,WV,38.4539,-81.3572
Dawes,WV,38.1429,-81.4521
Drybranch,WV,38.2968,-81.5547
Dunbar,WV,38.3683,-81.7425
East Bank,WV,38.2099,-81.4381
Elkview,WV,38.4429,-81.4804
Eskdale,WV,38.0505,-81.4227
Falling Rock,WV,38.4951,-81.3984
Gallagher,WV,38.0704,-81.3625
Glasgow,WV,38.2154,-81.4246
Handley,WV,38.1879,-81.3657
Hansford,WV,38.207,-81.3929
Hernshaw,WV,38.1942,-81.613
Hugheston,WV,38.2095,-81.3726
Institute,WV,38.3837,-81.7654
London,WV,38.196,-81.3714
Mammoth,WV,38.2634,-81.3721
Miami,WV,38.1523,-81.4479
Nitro,WV,38.4193,-81.8293
Pinch,WV,38.402,-81.4611
Pond Gap,WV,38.2904,-81.2866
Pratt,WV,38.2101,-81.3851
Saint Albans,WV,38.3774,-81.8305
Tad,WV,38.3334,-81.4943
Tornado,WV,38.3357,-81.8476
Winifrede,WV,38.1852,-81.5587
Charleston,WV,38.342342,-81.61396
South Charleston,WV,38.3684,-81.6996
Alum Bridge,WV,39.0425,-80.6882
Camden,WV,39.0893,-80.5915
Crawford,WV,38.872,-80.4368
Horner,WV,38.9726,-80.3656
Ireland,WV,38.7763,-80.4567
Jane Lew,WV,39.11,-80.4311
Orlando,WV,38.8712,-80.5937
Walkersville,WV,38.8507,-80.4802
Weston,WV,39.0411,-80.4737
Alkol,WV,38.1609,-81.984
Branchland,WV,38.2694,-82.2684
Griffithsville,WV,38.2197,-81.9995
Hamlin,WV,38.2896,-82.1047
Harts,WV,38.0341,-82.1008
Midkiff,WV,38.1762,-82.1788
Myra,WV,38.2198,-82.1351
Ranger,WV,38.097,-82.1633
Sod,WV,38.2559,-81.891
Spurlockville,WV,38.1057,-82.0272
Sumerco,WV,38.2312,-81.9115
West Hamlin,WV,38.2886,-82.1843
Woodville,WV,38.1615,-81.8921
Yawkey,WV,38.2193,-81.9568
Blair,WV,37.8784,-81.8279
Clothier,WV,37.9468,-81.8104
Ethel,WV,37.8665,-81.9123
Lake,WV,37.9204,-81.9034
Sharples,WV,37.9204,-81.8293
Big Creek,WV,38.0043,-82.0401
Chapmanville,WV,37.9737,-82.0174
Pecks Mill,WV,37.9298,-81.9654
Logan,WV,37.8487,-81.9935
Accoville,WV,37.7687,-81.8371
Amherstdale,WV,37.7959,-81.7833
Bruno,WV,37.6907,-81.869
Chauncey,WV,37.7662,-81.9876
Cora,WV,37.8332,-81.9024
Davin,WV,37.7265,-81.8057
Henlawson,WV,37.9023,-81.9882
Holden,WV,37.83,-82.0585
Kistler,WV,37.7562,-81.8601
Lorado,WV,37.7957,-81.7148
Lyburn,WV,37.7656,-81.9217
Mallory,WV,37.7307,-81.8379
Man,WV,37.7357,-81.8754
Mount Gay,WV,37.8415,-82.0087
Omar,WV,37.7557,-81.9996
Peach Creek,WV,37.8752,-81.9826
Sarah Ann,WV,37.7112,-81.9873
Stollings,WV,37.8303,-81.9639
Switzer,WV,37.7846,-81.9908
Verdunville,WV,37.8445,-82.0551
Whitman,WV,37.8035,-82.0466
Wilkinson,WV,37.8279,-81.9976
Yolyn,WV,37.7818,-81.892
Welch,WV,37.4329,-81.5846
Anawalt,WV,37.3362,-81.4151
Avondale,WV,37.4126,-81.7843
Bartley,WV,37.3407,-81.7376
Berwind,WV,37.2687,-81.6668
Big Sandy,WV,37.4643,-81.6982
Bradshaw,WV,37.3518,-81.7987
Cucumber,WV,37.2779,-81.6268
Davy,WV,37.4784,-81.6534
Eckman,WV,37.3752,-81.6539
Elbert,WV,37.3354,-81.5393
Elkhorn,WV,37.3857,-81.4109
Gary,WV,37.3658,-81.5544
Hensley,WV,37.474,-81.6998
Iaeger,WV,37.4499,-81.812
Isaban,WV,37.5301,-81.8882
Jenkinjones,WV,37.2937,-81.4259
Jolo,WV,37.3324,-81.8316
Kimball,WV,37.4421,-81.512
Kyle,WV,37.4082,-81.4257
Maybeury,WV,37.3709,-81.3665
Mohawk,WV,37.5048,-81.9151
Newhall,WV,37.2637,-81.6187
Northfork,WV,37.4194,-81.4058
Pageton,WV,37.3493,-81.4654
Panther,WV,37.4834,-81.896
Paynesville,WV,37.3315,-81.8915
Premier,WV,37.4223,-81.6437
Raysal,WV,37.3244,-81.7614
Roderfield,WV,37.4504,-81.7057
Squire,WV,37.2384,-81.6098
Switchback,WV,37.3712,-81.3857
Thorpe,WV,37.3687,-81.5165
War,WV,37.3012,-81.6909
Warriormine,WV,37.2929,-81.6971
Wilcoe,WV,37.3752,-81.6539
Fairmont,WV,39.5042,-80.2199
Barrackville,WV,39.5052,-80.1725
Baxter,WV,39.544,-80.1423
Carolina,WV,39.4782,-80.272
Colfax,WV,39.4348,-80.1317
Fairview,WV,39.6103,-80.2529
Farmington,WV,39.5029,-80.2566
Four States,WV,39.4798,-80.3098
Grant Town,WV,39.5587,-80.1805
Idamay,WV,39.4877,-80.2666
Kingmont,WV,39.4466,-80.1762
Mannington,WV,39.522,-80.3552
Metz,WV,39.6078,-80.4168
Montana Mines,WV,39.5191,-80.0897
Rachel,WV,39.5225,-80.2957
Rivesville,WV,39.5568,-80.1417
Worthington,WV,39.4522,-80.2905
Benwood,WV,40.0181,-80.7342
Cameron,WV,39.8227,-80.5669
Dallas,WV,39.9783,-80.5508
Glen Dale,WV,39.9597,-80.7323
Glen Easton,WV,39.8531,-80.6661
Mcmechen,WV,39.9881,-80.7315
Moundsville,WV,39.9148,-80.731
Proctor,WV,39.7207,-80.7618
Henderson,WV,38.8265,-82.1364
Leon,WV,38.7048,-81.9145
Southside,WV,38.712,-81.9966
Hartford,WV,39.004,-81.989
Letart,WV,38.9311,-81.9751
Mason,WV,39.0064,-82.0282
New Haven,WV,38.9863,-81.9652
West Columbia,WV,38.9574,-82.0517
Apple Grove,WV,38.6575,-82.1068
Ashton,WV,38.6032,-82.1123
Gallipolis Ferry,WV,38.765,-82.1535
Glenwood,WV,38.5909,-82.1773
Point Pleasant,WV,38.8632,-82.1132
Bluefield,WV,37.2698,-81.2223
Athens,WV,37.4323,-80.9974
Beeson,WV,37.4909,-81.2062
Bramwell,WV,37.3321,-81.3256
Freeman,WV,37.3309,-81.2998
Hiawatha,WV,37.4401,-81.244
Kegley,WV,37.3971,-81.1318
Kellysville,WV,37.3448,-80.9279
Lashmeet,WV,37.442,-81.2138
Matoaka,WV,37.4201,-81.2432
Montcalm,WV,37.3539,-81.2518
Nemours,WV,37.3015,-81.3043
Princeton,WV,37.37305,-81.11005
Rock,WV,37.4142,-81.1784
Wolfe,WV,37.3073,-81.3287
Camp Creek,WV,37.4841,-81.1111
Flat Top,WV,37.55,-81.128
Spanishburg,WV,37.4605,-81.1128
Lerona,WV,37.4925,-80.9796
Burlington,WV,39.3376,-78.9181
Elk Garden,WV,39.3631,-79.1539
Fort Ashby,WV,39.497,-78.7743
Keyser,WV,39.4527,-78.8926
New Creek,WV,39.3612,-79.0452
Piedmont,WV,39.4799,-79.0489
Ridgeley,WV,39.5636,-78.7887
Wiley Ford,WV,39.6133,-78.775
Justice,WV,37.5887,-81.8354
Baisden,WV,37.584,-81.9051
Gilbert,WV,37.6366,-81.9501
Verner,WV,37.6634,-81.8504
Wharncliffe,WV,37.5554,-81.9657
Williamson,WV,37.6902,-82.2642
Borderland,WV,37.7214,-82.3084
Breeden,WV,37.9198,-82.2547
Chattaroy,WV,37.7047,-82.2739
Delbarton,WV,37.7189,-82.1931
Dingess,WV,37.8703,-82.1951
Edgarton,WV,37.7431,-82.108
Kermit,WV,37.8642,-82.3741
Lenore,WV,37.799,-82.2868
Matewan,WV,37.5903,-82.0652
Naugatuck,WV,37.7898,-82.349
Newtown,WV,37.7431,-82.108
North Matewan,WV,37.6265,-82.1482
Ragland,WV,37.6898,-82.1244
Rawl,WV,37.6498,-82.2196
Red Jacket,WV,37.6484,-82.1401
Varney,WV,37.6693,-82.1221
Morgantown,WV,39.626514,-79.958486
Blacksville,WV,39.7142,-80.2265
Cassville,WV,39.6656,-80.0637
Dellslow,WV,39.6053,-79.8958
Granville,WV,39.6459,-79.9873
Maidsville,WV,39.6884,-79.9801
Osage,WV,39.6587,-80.0076
Pentress,WV,39.5785,-80.093
Pursglove,WV,39.6746,-80.035
Wana,WV,39.6735,-80.3183
Ballard,WV,37.498,-80.7614
Gap Mills,WV,37.589,-80.3401
Greenville,WV,37.5435,-80.6826
Lindside,WV,37.4817,-80.6203
Peterstown,WV,37.4147,-80.7686
Secondcreek,WV,37.6654,-80.454
Sinks Grove,WV,37.6643,-80.5409
Union,WV,37.5802,-80.5248
Waiteville,WV,37.4645,-80.4634
Wayside,WV,37.5937,-80.7458
Wolfcreek,WV,37.552,-80.5397
Berkeley Springs,WV,39.5526,-78.1877
Great Cacapon,WV,39.5836,-78.3331
Paw Paw,WV,39.4923,-78.4586
Dixie,WV,38.2509,-81.1932
Fenwick,WV,38.2447,-80.635
Craigsville,WV,38.3254,-80.6444
Richwood,WV,38.223,-80.5445
Birch River,WV,38.4914,-80.7459
Summersville,WV,38.3009,-80.8353
Belva,WV,38.2491,-81.1566
Calvin,WV,38.3368,-80.7145
Canvas,WV,38.2624,-80.7446
Drennen,WV,38.3184,-80.8342
Gilboa,WV,38.3184,-80.8342
Keslers Cross Lanes,WV,38.2354,-80.9357
Leivasy,WV,38.1558,-80.6827
Mount Lookout,WV,38.1821,-80.9108
Mount Nebo,WV,38.1653,-80.7976
Nettie,WV,38.209,-80.6953
Pool,WV,38.1637,-80.8643
Swiss,WV,38.2255,-81.1273
Tioga,WV,38.4045,-80.6667
Wheeling,WV,40.1027,-80.6476
Triadelphia,WV,40.0699,-80.5953
Valley Grove,WV,40.0946,-80.5551
West Liberty,WV,40.1698,-80.5958
Brandywine,WV,38.6357,-79.2096
Circleville,WV,38.623,-79.5367
Franklin,WV,38.64,-79.3538
Riverton,WV,38.744,-79.4359
Sugar Grove,WV,38.489,-79.3593
Upper Tract,WV,38.795,-79.2586
Seneca Rocks,WV,38.8296,-79.3866
Onego,WV,38.8017,-79.4507
Belmont,WV,39.3795,-81.2584
Saint Marys,WV,39.386,-81.1725
Arbovale,WV,38.4546,-79.7934
Bartow,WV,38.5513,-79.7952
Buckeye,WV,38.186,-80.1345
Cass,WV,38.388,-79.9906
Dunmore,WV,38.3636,-79.8556
Green Bank,WV,38.4097,-79.8015
Hillsboro,WV,38.1109,-80.2641
Marlinton,WV,38.2586,-80.1046
Snowshoe,WV,38.4133,-80.0068
Durbin,WV,38.5457,-79.8251
Slatyfork,WV,38.388,-79.9906
Independence,WV,39.4464,-79.8822
Newburg,WV,39.4027,-79.828
Rowlesburg,WV,39.313,-79.7049
Tunnelton,WV,39.3625,-79.7478
Albright,WV,39.5701,-79.6358
Arthurdale,WV,39.4951,-79.8151
Bretz,WV,39.5423,-79.8006
Bruceton Mills,WV,39.6454,-79.6159
Kingwood,WV,39.4819,-79.7063
Masontown,WV,39.5731,-79.7906
Reedsville,WV,39.5127,-79.812
Aurora,WV,39.3181,-79.5764
Eglon,WV,39.2925,-79.5109
Terra Alta,WV,39.4456,-79.5464
Bancroft,WV,38.5086,-81.841
Buffalo,WV,38.6092,-81.95
Eleanor,WV,38.5436,-81.9414
Fraziers Bottom,WV,38.5517,-82.0111
Hometown,WV,38.5329,-81.8612
Liberty,WV,38.62,-81.7678
Poca,WV,38.4791,-81.7838
Red House,WV,38.5463,-81.9045
Winfield,WV,38.5072,-81.89
Hurricane,WV,38.4257,-81.9943
Scott Depot,WV,38.4501,-81.9005
Teays,WV,38.4754,-81.8805
Arnett,WV,37.8334,-81.4301
Artie,WV,37.94,-81.3545
Clear Creek,WV,37.9162,-81.3443
Colcord,WV,37.9439,-81.4369
Dorothy,WV,37.9622,-81.4968
Dry Creek,WV,37.8749,-81.4412
Naoma,WV,37.8676,-81.4873
Rock Creek,WV,37.8547,-81.4184
Saxon,WV,37.7901,-81.4346
Beckley,WV,37.77105,-81.2153
Beaver,WV,37.7516,-81.0731
Bolt,WV,37.7673,-81.4156
Bradley,WV,37.8654,-81.194
Coal City,WV,37.679,-81.2104
Cool Ridge,WV,37.6655,-81.0933
Crab Orchard,WV,37.7385,-81.2536
Daniels,WV,37.7256,-81.1087
Eccles,WV,37.7792,-81.2635
Fairdale,WV,37.7815,-81.3632
Ghent,WV,37.6208,-81.1019
Glen Daniel,WV,37.8251,-81.3858
Glen White,WV,37.7306,-81.2799
Harper,WV,37.8025,-81.2828
Helen,WV,37.6375,-81.3138
Josephine,WV,37.6221,-81.2176
Lanark,WV,37.8276,-81.1462
Lester,WV,37.7265,-81.3095
Mabscott,WV,37.77,-81.2103
Mac Arthur,WV,37.7517,-81.2148
Midway,WV,37.7171,-81.24
Odd,WV,37.593,-81.1872
Piney View,WV,37.8376,-81.1286
Princewick,WV,37.6724,-81.2561
Prosperity,WV,37.8381,-81.2004
Raleigh,WV,37.7585,-81.1675
Rhodell,WV,37.6254,-81.2749
Shady Spring,WV,37.7416,-81.0149
Skelton,WV,37.8005,-81.1806
Slab Fork,WV,37.6871,-81.334
Sophia,WV,37.7076,-81.2507
Stanaford,WV,37.8159,-81.1523
Surveyor,WV,37.7565,-81.3092
White Oak,WV,37.6929,-81.0729
Helvetia,WV,38.7713,-80.1382
Pickens,WV,38.6551,-80.2117
Elkins,WV,38.9253,-79.8471
Beverly,WV,38.828,-79.8651
Bowden,WV,38.9087,-79.7098
Coalton,WV,38.9144,-79.9767
Dailey,WV,38.7987,-79.8962
Dryfork,WV,38.9489,-79.4376
Ellamore,WV,38.9243,-80.0904
Glady,WV,38.7534,-79.8147
Harman,WV,38.9234,-79.5246
Huttonsville,WV,38.6784,-79.9775
Kerens,WV,39.0299,-79.7754
Mabie,WV,38.8765,-79.9831
Mill Creek,WV,38.7325,-79.9786
Monterville,WV,38.5517,-80.1224
Montrose,WV,39.0964,-79.7896
Norton,WV,38.9318,-79.9656
Valley Bend,WV,38.7718,-79.9253
Valley Head,WV,38.5315,-80.0343
Whitmer,WV,38.7516,-79.5819
Macfarlan,WV,39.0806,-81.1776
Petroleum,WV,39.1741,-81.2406
Smithville,WV,39.0671,-81.062
Auburn,WV,39.0864,-80.8837
Berea,WV,39.1365,-80.9337
Cairo,WV,39.2325,-81.1554
Ellenboro,WV,39.2969,-81.0621
Harrisville,WV,39.1453,-81.0341
Pennsboro,WV,39.2791,-81.0019
Pullman,WV,39.19,-80.9347
Amma,WV,38.5687,-81.2657
Gandeeville,WV,38.7034,-81.4243
Left Hand,WV,38.6063,-81.2467
Looneyville,WV,38.6641,-81.2822
Newton,WV,38.606,-81.1623
Reedy,WV,38.8889,-81.4399
Spencer,WV,38.7897,-81.3303
Walton,WV,38.6023,-81.3958
Forest Hill,WV,37.5608,-80.8111
Pence Springs,WV,37.6621,-80.7202
Talcott,WV,37.6491,-80.7461
Hinton,WV,37.664,-80.8678
Green Sulphur Springs,WV,37.6485,-80.8774
Jumping Branch,WV,37.6188,-81.0018
Meadow Creek,WV,37.8101,-80.9231
Nimitz,WV,37.6286,-80.9446
Pipestem,WV,37.5303,-80.9463
Sandstone,WV,37.7599,-80.8716
Flemington,WV,39.2665,-80.132
Grafton,WV,39.3414,-80.0285
Rosemont,WV,39.2687,-80.1629
Simpson,WV,39.2668,-80.0934
Thornton,WV,39.3329,-79.9096
Davis,WV,39.0882,-79.4563
Hambleton,WV,39.0821,-79.6453
Hendricks,WV,39.0748,-79.6303
Parsons,WV,39.096,-79.6787
Red Creek,WV,39.1179,-79.5637
Thomas,WV,39.1505,-79.503
Friendly,WV,39.4961,-81.0572
Middlebourne,WV,39.4942,-80.9076
Sistersville,WV,39.5584,-80.9818
Alma,WV,39.4506,-80.8701
Shirley,WV,39.3981,-80.7651
Buckhannon,WV,38.9755,-80.2407
Adrian,WV,38.8993,-80.2269
Cleveland,WV,38.7133,-80.388
French Creek,WV,38.8993,-80.2269
Frenchton,WV,38.8993,-80.2269
Kanawha Head,WV,38.7618,-80.3727
Lorentz,WV,39.0109,-80.3023
Rock Cave,WV,38.7811,-80.3163
Selbyville,WV,38.754,-80.2365
Tallmansville,WV,38.8564,-80.158
Ceredo,WV,38.3965,-82.5588
Dunlow,WV,38.0231,-82.4315
East Lynn,WV,38.1995,-82.3279
Fort Gay,WV,38.1335,-82.5541
Genoa,WV,38.1321,-82.4183
Kenova,WV,38.3569,-82.5255
Kiahsville,WV,38.0915,-82.3274
Lavalette,WV,38.3305,-82.4287
Prichard,WV,38.23,-82.5753
Shoals,WV,38.3432,-82.4905
Wayne,WV,38.2258,-82.4339
Crum,WV,37.9389,-82.4624
Wilsondale,WV,37.9537,-82.3276
Erbacon,WV,38.5419,-80.5742
Cowen,WV,38.4133,-80.5358
Camden On Gauley,WV,38.3871,-80.5907
Diana,WV,38.5755,-80.432
Hacker Valley,WV,38.6526,-80.3837
Upperglade,WV,38.4185,-80.4965
Webster Springs,WV,38.4832,-80.4476
Bergoo,WV,38.4865,-80.3006
New Martinsville,WV,39.6588,-80.8565
Paden City,WV,39.6044,-80.9265
Porters Falls,WV,39.5798,-80.7762
Reader,WV,39.5836,-80.7516
Folsom,WV,39.4693,-80.5258
Jacksonburg,WV,39.5416,-80.6437
Pine Grove,WV,39.5755,-80.6667
Smithfield,WV,39.5134,-80.5582
Big Run,WV,39.5845,-80.5776
Burton,WV,39.6511,-80.4161
Hundred,WV,39.6917,-80.4746
Littleton,WV,39.6592,-80.5695
Brohard,WV,39.0338,-81.1775
Creston,WV,38.9378,-81.2369
Elizabeth,WV,39.0566,-81.3989
Munday,WV,39.0054,-81.2062
Palestine,WV,38.9741,-81.428
Parkersburg,WV,39.24356,-81.51306
Vienna,WV,39.3251,-81.5411
Mineral Wells,WV,39.208767,-81.503233
Belleville,WV,39.1314,-81.6923
Davisville,WV,39.2126,-81.4799
Rockport,WV,39.0798,-81.5713
Walker,WV,39.1821,-81.3866
Washington,WV,39.2068,-81.6577
Waverly,WV,39.3157,-81.3819
Williamstown,WV,39.3824,-81.4566
Bud,WV,37.5376,-81.3793
Covel,WV,37.4909,-81.3226
Herndon,WV,37.5054,-81.3404
Brenton,WV,37.5988,-81.6264
Clear Fork,WV,37.6309,-81.6829
Coal Mountain,WV,37.6696,-81.7284
Cyclone,WV,37.7329,-81.6887
Fanrock,WV,37.5532,-81.6305
Hanover,WV,37.563,-81.8136
Ikes Fork,WV,37.5221,-81.8043
Itmann,WV,37.5734,-81.4182
Jesse,WV,37.6608,-81.5628
Kopperston,WV,37.744,-81.575
Lynco,WV,37.6982,-81.6771
Marianna,WV,37.6033,-81.54
Matheny,WV,37.6624,-81.607
New Richmond,WV,37.5701,-81.4887
North Spring,WV,37.5682,-81.8254
Oceana,WV,37.7407,-81.5831
Pineville,WV,37.584,-81.5336
Rock View,WV,37.6179,-81.539
Simon,WV,37.6197,-81.7586
Wyoming,WV,37.5823,-81.6018
Allen Junction,WV,37.5893,-81.3507
Amigo,WV,37.5965,-81.3209
Corinne,WV,37.5729,-81.3565
Glen Fork,WV,37.6959,-81.529
Glen Rogers,WV,37.7217,-81.429
Maben,WV,37.6387,-81.394
Mc Graws,WV,37.6033,-81.54
Saulsville,WV,37.6429,-81.4568
Mullens,WV,37.5842,-81.389
Ravencliff,WV,37.7141,-81.4895
Sabine,WV,37.6787,-81.5015
Stephenson,WV,37.5798,-81.3339
Wyco,WV,37.599,-81.3429
Bosler,WY,41.5735,-105.6112
Buford,WY,41.1219,-105.3047
Centennial,WY,41.3391,-105.9945
Garrett,WY,42.2035,-105.678
Jelm,WY,41.0578,-106.0133
Laramie,WY,41.37055,-105.623725
Rock River,WY,41.7461,-105.9746
Tie Siding,WY,41.0528,-105.4462
Basin,WY,44.3788,-108.0438
Burlington,WY,44.4442,-108.4327
Byron,WY,44.7844,-108.544
Cowley,WY,44.8841,-108.4638
Deaver,WY,44.9257,-108.5979
Emblem,WY,44.5058,-108.3918
Greybull,WY,44.4919,-108.0795
Hyattville,WY,44.2507,-107.6053
Lovell,WY,44.8336,-108.4141
Manderson,WY,44.2694,-107.964
Otto,WY,44.4056,-108.3047
Shell,WY,44.6011,-107.7889
Gillette,WY,44.171633,-105.514167
Recluse,WY,44.7861,-105.776
Rozet,WY,44.3058,-105.2459
Weston,WY,44.7705,-105.3581
Wright,WY,43.7512,-105.492
Rawlins,WY,41.7951,-107.2349
Baggs,WY,41.0312,-107.6687
Dixon,WY,41.0445,-107.499
Elk Mountain,WY,41.6874,-106.4146
Encampment,WY,41.2054,-106.7803
Hanna,WY,41.8726,-106.5283
Medicine Bow,WY,41.903,-106.2012
Saratoga,WY,41.498,-106.754
Savery,WY,41.0395,-107.4234
Sinclair,WY,41.7802,-107.1172
Walcott,WY,41.7611,-106.845
Shirley Basin,WY,41.7169,-106.9992
Lost Springs,WY,43.0421,-104.7973
Shawnee,WY,42.7477,-105.0097
Douglas,WY,42.7626,-105.3855
Glenrock,WY,42.7803,-105.8719
Aladdin,WY,44.7473,-104.1931
Alva,WY,44.6873,-104.4414
Beulah,WY,44.5436,-104.0745
Devils Tower,WY,44.5248,-104.6867
Hulett,WY,44.7352,-104.6174
Moorcroft,WY,44.4154,-104.8389
Sundance,WY,44.4058,-104.3837
Jeffrey City,WY,42.5402,-107.8724
Riverton,WY,43.0351,-108.2024
Arapahoe,WY,42.9679,-108.4941
Crowheart,WY,43.3716,-109.296
Dubois,WY,43.5451,-109.6492
Fort Washakie,WY,43.0048,-108.8964
Hudson,WY,42.9061,-108.5834
Kinnear,WY,43.2678,-108.9334
Lander,WY,42.9208,-108.5913
Pavillion,WY,43.3623,-108.6998
Saint Stephens,WY,42.9838,-108.4165
Lysite,WY,43.3284,-107.6488
Shoshoni,WY,43.2457,-108.1007
Fort Laramie,WY,42.2133,-104.5226
Hawk Springs,WY,41.7861,-104.2647
Huntley,WY,41.9327,-104.1461
Jay Em,WY,42.4987,-104.5134
Lagrange,WY,41.6423,-104.1974
Lingle,WY,42.1346,-104.332
Torrington,WY,42.0624,-104.1917
Veteran,WY,41.9821,-104.3709
Yoder,WY,41.912,-104.3535
Kirby,WY,43.8042,-108.1805
Thermopolis,WY,43.7758,-108.3839
Kaycee,WY,43.7236,-106.5632
Linch,WY,43.5651,-106.1728
Buffalo,WY,44.3485,-106.7073
Saddlestring,WY,44.4976,-106.871
Cheyenne,WY,41.15185,-104.7939
Fe Warren Afb,WY,41.1391,-104.8629
Albin,WY,41.4342,-104.1505
Burns,WY,41.2003,-104.3155
Carpenter,WY,41.0428,-104.2765
Granite Canon,WY,41.0473,-105.1517
Hillsdale,WY,41.2136,-104.4933
Horse Creek,WY,41.4353,-105.1417
Meriden,WY,41.5424,-104.2866
Pine Bluffs,WY,41.1788,-104.0666
Kemmerer,WY,41.7887,-110.5283
Afton,WY,42.7128,-110.942
Auburn,WY,42.8051,-110.9944
Bedford,WY,42.8701,-110.9401
Cokeville,WY,42.058,-110.9164
Diamondville,WY,41.7839,-110.54
Etna,WY,43.0443,-111.0085
Fairview,WY,42.6885,-110.9824
Freedom,WY,43.0172,-111.0292
Frontier,WY,41.8141,-110.5371
Grover,WY,42.7965,-110.9244
La Barge,WY,42.2473,-110.2109
Opal,WY,41.7795,-110.276
Smoot,WY,42.6192,-110.9224
Thayne,WY,42.933,-111.0114
Alpine,WY,43.1635,-111.018
Casper,WY,42.85374,-106.33138
Alcova,WY,42.5302,-106.76
Arminto,WY,43.1789,-107.2576
Edgerton,WY,43.4074,-106.2638
Evansville,WY,42.8992,-106.1754
Hiland,WY,43.1153,-107.3436
Midwest,WY,43.4114,-106.28
Mills,WY,42.8405,-106.3659
Natrona,WY,43.0297,-106.8092
Powder River,WY,43.0322,-106.9873
Lance Creek,WY,43.0325,-104.6419
Lusk,WY,42.766,-104.4651
Manville,WY,42.73,-104.7024
Van Tassell,WY,42.7033,-104.1408
Yellowstone National Park,WY,44.7957,-110.6137
Cody,WY,44.5231,-109.0756
Frannie,WY,44.9718,-108.6221
Meeteetse,WY,44.1962,-108.95
Powell,WY,44.7561,-108.7773
Ralston,WY,44.7161,-108.8646
Wapiti,WY,44.4686,-109.4377
Wheatland,WY,42.0495,-104.9679
Chugwater,WY,41.7487,-104.8179
Glendo,WY,42.5004,-105.0
Guernsey,WY,42.2655,-104.7512
Hartville,WY,42.3334,-104.7296
Sheridan,WY,44.7849,-106.9648
Arvada,WY,44.6899,-106.1092
Banner,WY,44.6003,-106.7954
Big Horn,WY,44.6531,-107.0247
Clearmont,WY,44.661,-106.4581
Dayton,WY,44.878,-107.3026
Leiter,WY,44.718,-106.2692
Parkman,WY,44.965,-107.3254
Ranchester,WY,44.9171,-107.174
Story,WY,44.58,-106.8978
Wolf,WY,44.7864,-107.2202
Wyarno,WY,44.7534,-106.6949
Bondurant,WY,43.2238,-110.3353
Boulder,WY,42.6881,-109.5401
Cora,WY,43.1399,-109.9154
Pinedale,WY,42.8543,-109.8561
Big Piney,WY,42.6483,-110.1246
Daniel,WY,42.9176,-110.1336
Bairoil,WY,42.2327,-107.5633
Wamsutter,WY,41.6583,-108.1517
Rock Springs,WY,41.59675,-109.21645
Little America,WY,41.5436,-109.859
Farson,WY,42.0834,-109.4184
Granger,WY,41.5936,-109.9688
Green River,WY,41.5196,-109.4714
Mc Kinnon,WY,41.0409,-109.8745
Point Of Rocks,WY,41.6802,-108.7857
Reliance,WY,41.6698,-109.1919
Superior,WY,41.7643,-108.9681
Jackson,WY,43.46635,-110.75085
Kelly,WY,43.6094,-110.5442
Moose,WY,43.715,-110.742
Moran,WY,43.9509,-110.5532
Wilson,WY,43.4992,-110.8742
Teton Village,WY,43.5924,-110.8314
Alta,WY,43.8886,-110.9492
Evanston,WY,41.2614,-110.94155
Fort Bridger,WY,41.3166,-110.3843
Lonetree,WY,41.0552,-110.1603
Lyman,WY,41.3291,-110.2926
Mountain View,WY,41.2335,-110.3372
Robertson,WY,41.0993,-110.5007
Worland,WY,44.0138,-107.9563
Ten Sleep,WY,43.9978,-107.4153
Newcastle,WY,43.8511,-104.2262
Four Corners,WY,44.0775,-104.1383
Osage,WY,43.999,-104.4226
Upton,WY,44.0893,-104.6352
